run_id,stratum,task_id,task_family,language,model_route,protocol_arm,cell_id,repetition_index,action_raw,deterministic_edit_apply_success,patch_apply_check_ok,action_harmonized,verifier_pass,failure_step,failure_reason,failure_class,timestamp_utc,canonical_row_id
deepseek_clean::deepseek-v4-flash::dsl-2.1.0-roadmap::single_shot_v3::rep0,deepseek_clean,dsl-2.1.0-roadmap,dsl,Rust,deepseek-v4-flash,single_shot_v3,deepseek_clean::deepseek-v4-flash::dsl-2.1.0-roadmap::single_shot_v3,0,0,0,0,0,0,finish_reason_length,edit_json_invalid,finish_reason_length,2026-07-07T10:21:34.679620Z,e992da87a05ca9e9d2343aae
deepseek_clean::deepseek-v4-flash::dsl-2.1.0-roadmap::single_shot_v3::rep1,deepseek_clean,dsl-2.1.0-roadmap,dsl,Rust,deepseek-v4-flash,single_shot_v3,deepseek_clean::deepseek-v4-flash::dsl-2.1.0-roadmap::single_shot_v3,1,1,1,1,1,0,test_failed,,,2026-07-07T13:08:24.921834Z,c7dfc6d95aa499c610e11237
deepseek_clean::deepseek-v4-flash::dsl-2.1.0-roadmap::single_shot_v3::rep2,deepseek_clean,dsl-2.1.0-roadmap,dsl,Rust,deepseek-v4-flash,single_shot_v3,deepseek_clean::deepseek-v4-flash::dsl-2.1.0-roadmap::single_shot_v3,2,1,1,1,1,0,test_failed,,,2026-07-07T13:08:46.495502Z,706410fe0abc3093bbc401f1
deepseek_clean::deepseek-v4-flash::dsl-2.1.0-roadmap::single_shot_v3::rep3,deepseek_clean,dsl-2.1.0-roadmap,dsl,Rust,deepseek-v4-flash,single_shot_v3,deepseek_clean::deepseek-v4-flash::dsl-2.1.0-roadmap::single_shot_v3,3,1,1,1,1,0,test_failed,,,2026-07-07T13:09:08.042072Z,1260188113563f2c0e71f2fd
deepseek_clean::deepseek-v4-flash::dsl-2.1.0-roadmap::single_shot_v3::rep4,deepseek_clean,dsl-2.1.0-roadmap,dsl,Rust,deepseek-v4-flash,single_shot_v3,deepseek_clean::deepseek-v4-flash::dsl-2.1.0-roadmap::single_shot_v3,4,1,1,1,1,0,test_failed,,,2026-07-07T13:09:30.446874Z,327e46dfbdcea1a6be7b001d
deepseek_clean::deepseek-v4-flash::dsl-2.1.0-roadmap::single_shot_v3::rep5,deepseek_clean,dsl-2.1.0-roadmap,dsl,Rust,deepseek-v4-flash,single_shot_v3,deepseek_clean::deepseek-v4-flash::dsl-2.1.0-roadmap::single_shot_v3,5,0,0,0,0,0,finish_reason_length,edit_json_invalid,finish_reason_length,2026-07-07T10:21:46.061121Z,a0fe5efca56e5f6b0294b31a
deepseek_clean::deepseek-v4-flash::dsl-2.1.0-roadmap::single_shot_v3::rep6,deepseek_clean,dsl-2.1.0-roadmap,dsl,Rust,deepseek-v4-flash,single_shot_v3,deepseek_clean::deepseek-v4-flash::dsl-2.1.0-roadmap::single_shot_v3,6,0,0,0,0,0,edit_apply_failed,edit_apply_failed,edit_apply_failed,2026-07-07T10:19:29.455569Z,cc3e90f3daafc00bf2730b77
deepseek_clean::deepseek-v4-flash::dsl-2.1.0-roadmap::single_shot_v3::rep7,deepseek_clean,dsl-2.1.0-roadmap,dsl,Rust,deepseek-v4-flash,single_shot_v3,deepseek_clean::deepseek-v4-flash::dsl-2.1.0-roadmap::single_shot_v3,7,0,0,0,0,0,edit_apply_failed,edit_apply_failed,edit_apply_failed,2026-07-07T10:19:42.216763Z,de0730afe3299e4377b98459
deepseek_clean::deepseek-v4-flash::dsl-2.1.0-roadmap::staged_v4::rep0,deepseek_clean,dsl-2.1.0-roadmap,dsl,Rust,deepseek-v4-flash,staged_v4,deepseek_clean::deepseek-v4-flash::dsl-2.1.0-roadmap::staged_v4,0,1,1,1,1,0,test_failed,,,2026-07-07T13:10:25.710087Z,f10922d9eb49f0c01e3101d1
deepseek_clean::deepseek-v4-flash::dsl-2.1.0-roadmap::staged_v4::rep1,deepseek_clean,dsl-2.1.0-roadmap,dsl,Rust,deepseek-v4-flash,staged_v4,deepseek_clean::deepseek-v4-flash::dsl-2.1.0-roadmap::staged_v4,1,1,1,1,1,0,test_failed,,,2026-07-07T13:10:59.346426Z,b3c6603e269caeddad77016c
deepseek_clean::deepseek-v4-flash::dsl-2.1.0-roadmap::staged_v4::rep2,deepseek_clean,dsl-2.1.0-roadmap,dsl,Rust,deepseek-v4-flash,staged_v4,deepseek_clean::deepseek-v4-flash::dsl-2.1.0-roadmap::staged_v4,2,0,0,0,0,0,stage2_contract_failed,stage2_edit_outside_stage_state,stage2_contract_failed,2026-07-07T10:21:39.544064Z,32d4b46f71a0b2abaaf3eba7
deepseek_clean::deepseek-v4-flash::dsl-2.1.0-roadmap::staged_v4::rep3,deepseek_clean,dsl-2.1.0-roadmap,dsl,Rust,deepseek-v4-flash,staged_v4,deepseek_clean::deepseek-v4-flash::dsl-2.1.0-roadmap::staged_v4,3,0,0,0,0,0,edit_apply_failed,edit_apply_failed,edit_apply_failed,2026-07-07T10:22:39.068394Z,e26a4e483a918d9269183026
deepseek_clean::deepseek-v4-flash::dsl-2.1.0-roadmap::staged_v4::rep4,deepseek_clean,dsl-2.1.0-roadmap,dsl,Rust,deepseek-v4-flash,staged_v4,deepseek_clean::deepseek-v4-flash::dsl-2.1.0-roadmap::staged_v4,4,1,1,1,1,0,test_failed,,,2026-07-07T13:11:54.734879Z,ee7f92a184dba0797f54212b
deepseek_clean::deepseek-v4-flash::dsl-2.1.0-roadmap::staged_v4::rep5,deepseek_clean,dsl-2.1.0-roadmap,dsl,Rust,deepseek-v4-flash,staged_v4,deepseek_clean::deepseek-v4-flash::dsl-2.1.0-roadmap::staged_v4,5,0,0,0,0,0,stage2_contract_failed,stage2_edit_outside_stage_state,stage2_contract_failed,2026-07-07T10:24:34.936229Z,900347f8ce2386d3324beac9
deepseek_clean::deepseek-v4-flash::dsl-2.1.0-roadmap::staged_v4::rep6,deepseek_clean,dsl-2.1.0-roadmap,dsl,Rust,deepseek-v4-flash,staged_v4,deepseek_clean::deepseek-v4-flash::dsl-2.1.0-roadmap::staged_v4,6,0,0,0,0,0,edit_apply_failed,edit_apply_failed,edit_apply_failed,2026-07-07T10:23:44.433105Z,60254c14e23b46c142767219
deepseek_clean::deepseek-v4-flash::dsl-2.1.0-roadmap::staged_v4::rep7,deepseek_clean,dsl-2.1.0-roadmap,dsl,Rust,deepseek-v4-flash,staged_v4,deepseek_clean::deepseek-v4-flash::dsl-2.1.0-roadmap::staged_v4,7,1,1,1,1,0,test_failed,,,2026-07-07T13:12:57.393059Z,86576aea3bbd45c87865f825
deepseek_clean::deepseek-v4-flash::dsl-2.2.0-roadmap::single_shot_v3::rep0,deepseek_clean,dsl-2.2.0-roadmap,dsl,Rust,deepseek-v4-flash,single_shot_v3,deepseek_clean::deepseek-v4-flash::dsl-2.2.0-roadmap::single_shot_v3,0,0,0,0,0,0,edit_apply_failed,edit_apply_failed,edit_apply_failed,2026-07-07T10:23:38.661872Z,af7b896e0bdb3615592972c4
deepseek_clean::deepseek-v4-flash::dsl-2.2.0-roadmap::single_shot_v3::rep1,deepseek_clean,dsl-2.2.0-roadmap,dsl,Rust,deepseek-v4-flash,single_shot_v3,deepseek_clean::deepseek-v4-flash::dsl-2.2.0-roadmap::single_shot_v3,1,0,0,0,0,0,edit_apply_failed,edit_apply_failed,edit_apply_failed,2026-07-07T10:24:51.637569Z,95ec2a5216d4c5b2e5127e1f
deepseek_clean::deepseek-v4-flash::dsl-2.2.0-roadmap::single_shot_v3::rep2,deepseek_clean,dsl-2.2.0-roadmap,dsl,Rust,deepseek-v4-flash,single_shot_v3,deepseek_clean::deepseek-v4-flash::dsl-2.2.0-roadmap::single_shot_v3,2,0,0,0,0,0,edit_apply_failed,edit_apply_failed,edit_apply_failed,2026-07-07T10:24:55.677073Z,c2376483bece74cd6864f9bf
deepseek_clean::deepseek-v4-flash::dsl-2.2.0-roadmap::single_shot_v3::rep3,deepseek_clean,dsl-2.2.0-roadmap,dsl,Rust,deepseek-v4-flash,single_shot_v3,deepseek_clean::deepseek-v4-flash::dsl-2.2.0-roadmap::single_shot_v3,3,0,0,0,0,0,edit_apply_failed,edit_apply_failed,edit_apply_failed,2026-07-07T10:25:07.064152Z,781b037d087845de616de3ab
deepseek_clean::deepseek-v4-flash::dsl-2.2.0-roadmap::single_shot_v3::rep4,deepseek_clean,dsl-2.2.0-roadmap,dsl,Rust,deepseek-v4-flash,single_shot_v3,deepseek_clean::deepseek-v4-flash::dsl-2.2.0-roadmap::single_shot_v3,4,0,0,0,0,0,edit_apply_failed,edit_apply_failed,edit_apply_failed,2026-07-07T10:25:57.524422Z,22b4e8a7dc70f01e2332a9a7
deepseek_clean::deepseek-v4-flash::dsl-2.2.0-roadmap::single_shot_v3::rep5,deepseek_clean,dsl-2.2.0-roadmap,dsl,Rust,deepseek-v4-flash,single_shot_v3,deepseek_clean::deepseek-v4-flash::dsl-2.2.0-roadmap::single_shot_v3,5,0,0,0,0,0,edit_apply_failed,edit_apply_failed,edit_apply_failed,2026-07-07T10:25:24.587464Z,485d0b0a56dc76bccc9aadf6
deepseek_clean::deepseek-v4-flash::dsl-2.2.0-roadmap::single_shot_v3::rep6,deepseek_clean,dsl-2.2.0-roadmap,dsl,Rust,deepseek-v4-flash,single_shot_v3,deepseek_clean::deepseek-v4-flash::dsl-2.2.0-roadmap::single_shot_v3,6,0,0,0,0,0,edit_apply_failed,edit_apply_failed,edit_apply_failed,2026-07-07T10:25:23.433125Z,091b815199d583f5c47bc94e
deepseek_clean::deepseek-v4-flash::dsl-2.2.0-roadmap::single_shot_v3::rep7,deepseek_clean,dsl-2.2.0-roadmap,dsl,Rust,deepseek-v4-flash,single_shot_v3,deepseek_clean::deepseek-v4-flash::dsl-2.2.0-roadmap::single_shot_v3,7,0,0,0,0,0,edit_apply_failed,edit_apply_failed,edit_apply_failed,2026-07-07T10:25:37.657063Z,48697812e468f76d2d66d6af
deepseek_clean::deepseek-v4-flash::dsl-2.2.0-roadmap::staged_v4::rep0,deepseek_clean,dsl-2.2.0-roadmap,dsl,Rust,deepseek-v4-flash,staged_v4,deepseek_clean::deepseek-v4-flash::dsl-2.2.0-roadmap::staged_v4,0,0,0,0,0,0,edit_apply_failed,edit_apply_failed,edit_apply_failed,2026-07-07T10:28:46.547937Z,160ea5a2cf42398a63573b02
deepseek_clean::deepseek-v4-flash::dsl-2.2.0-roadmap::staged_v4::rep1,deepseek_clean,dsl-2.2.0-roadmap,dsl,Rust,deepseek-v4-flash,staged_v4,deepseek_clean::deepseek-v4-flash::dsl-2.2.0-roadmap::staged_v4,1,0,0,0,0,0,edit_apply_failed,edit_apply_failed,edit_apply_failed,2026-07-07T10:27:47.770115Z,5622612bb998b26130b83248
deepseek_clean::deepseek-v4-flash::dsl-2.2.0-roadmap::staged_v4::rep2,deepseek_clean,dsl-2.2.0-roadmap,dsl,Rust,deepseek-v4-flash,staged_v4,deepseek_clean::deepseek-v4-flash::dsl-2.2.0-roadmap::staged_v4,2,0,0,0,0,0,edit_apply_failed,edit_apply_failed,edit_apply_failed,2026-07-07T10:29:44.195074Z,2f6344586335f549b67d6b85
deepseek_clean::deepseek-v4-flash::dsl-2.2.0-roadmap::staged_v4::rep3,deepseek_clean,dsl-2.2.0-roadmap,dsl,Rust,deepseek-v4-flash,staged_v4,deepseek_clean::deepseek-v4-flash::dsl-2.2.0-roadmap::staged_v4,3,0,0,0,0,0,edit_apply_failed,edit_apply_failed,edit_apply_failed,2026-07-07T10:27:43.073535Z,497e2e89901bdcda17242b07
deepseek_clean::deepseek-v4-flash::dsl-2.2.0-roadmap::staged_v4::rep4,deepseek_clean,dsl-2.2.0-roadmap,dsl,Rust,deepseek-v4-flash,staged_v4,deepseek_clean::deepseek-v4-flash::dsl-2.2.0-roadmap::staged_v4,4,0,0,0,0,0,edit_apply_failed,edit_apply_failed,edit_apply_failed,2026-07-07T10:29:09.403229Z,1344d86bdf555c9f40dabb72
deepseek_clean::deepseek-v4-flash::dsl-2.2.0-roadmap::staged_v4::rep5,deepseek_clean,dsl-2.2.0-roadmap,dsl,Rust,deepseek-v4-flash,staged_v4,deepseek_clean::deepseek-v4-flash::dsl-2.2.0-roadmap::staged_v4,5,0,0,0,0,0,edit_apply_failed,edit_apply_failed,edit_apply_failed,2026-07-07T10:29:35.281239Z,ebd9258bd2e9da635e058eaf
deepseek_clean::deepseek-v4-flash::dsl-2.2.0-roadmap::staged_v4::rep6,deepseek_clean,dsl-2.2.0-roadmap,dsl,Rust,deepseek-v4-flash,staged_v4,deepseek_clean::deepseek-v4-flash::dsl-2.2.0-roadmap::staged_v4,6,0,0,0,0,0,edit_apply_failed,edit_apply_failed,edit_apply_failed,2026-07-07T10:30:27.828247Z,9ed305f634cbf8ec4e2b128b
deepseek_clean::deepseek-v4-flash::dsl-2.2.0-roadmap::staged_v4::rep7,deepseek_clean,dsl-2.2.0-roadmap,dsl,Rust,deepseek-v4-flash,staged_v4,deepseek_clean::deepseek-v4-flash::dsl-2.2.0-roadmap::staged_v4,7,0,0,0,0,0,edit_apply_failed,edit_apply_failed,edit_apply_failed,2026-07-07T10:31:04.357105Z,83ebc550c2aee46037d0ad1b
deepseek_clean::deepseek-v4-flash::dsl-2.3.0-roadmap::single_shot_v3::rep0,deepseek_clean,dsl-2.3.0-roadmap,dsl,Rust,deepseek-v4-flash,single_shot_v3,deepseek_clean::deepseek-v4-flash::dsl-2.3.0-roadmap::single_shot_v3,0,0,0,0,0,0,edit_apply_failed,edit_apply_failed,edit_apply_failed,2026-07-07T10:31:06.923752Z,14ba991726b47e535457b92d
deepseek_clean::deepseek-v4-flash::dsl-2.3.0-roadmap::single_shot_v3::rep1,deepseek_clean,dsl-2.3.0-roadmap,dsl,Rust,deepseek-v4-flash,single_shot_v3,deepseek_clean::deepseek-v4-flash::dsl-2.3.0-roadmap::single_shot_v3,1,0,0,0,0,0,edit_apply_failed,edit_apply_failed,edit_apply_failed,2026-07-07T10:30:44.249898Z,8aabd83e6c3f93f2cb2cbdcd
deepseek_clean::deepseek-v4-flash::dsl-2.3.0-roadmap::single_shot_v3::rep2,deepseek_clean,dsl-2.3.0-roadmap,dsl,Rust,deepseek-v4-flash,single_shot_v3,deepseek_clean::deepseek-v4-flash::dsl-2.3.0-roadmap::single_shot_v3,2,0,0,0,0,0,edit_apply_failed,edit_apply_failed,edit_apply_failed,2026-07-07T10:31:46.321093Z,841d57334bd1d0a411267e98
deepseek_clean::deepseek-v4-flash::dsl-2.3.0-roadmap::single_shot_v3::rep3,deepseek_clean,dsl-2.3.0-roadmap,dsl,Rust,deepseek-v4-flash,single_shot_v3,deepseek_clean::deepseek-v4-flash::dsl-2.3.0-roadmap::single_shot_v3,3,1,1,1,1,0,test_failed,,,2026-07-07T13:13:30.434005Z,38eed8bfdf206aedddf269f2
deepseek_clean::deepseek-v4-flash::dsl-2.3.0-roadmap::single_shot_v3::rep4,deepseek_clean,dsl-2.3.0-roadmap,dsl,Rust,deepseek-v4-flash,single_shot_v3,deepseek_clean::deepseek-v4-flash::dsl-2.3.0-roadmap::single_shot_v3,4,0,0,0,0,0,edit_apply_failed,edit_apply_failed,edit_apply_failed,2026-07-07T10:32:34.765465Z,b1d33262c7e5ee55d275721e
deepseek_clean::deepseek-v4-flash::dsl-2.3.0-roadmap::single_shot_v3::rep5,deepseek_clean,dsl-2.3.0-roadmap,dsl,Rust,deepseek-v4-flash,single_shot_v3,deepseek_clean::deepseek-v4-flash::dsl-2.3.0-roadmap::single_shot_v3,5,1,1,1,1,0,test_failed,,,2026-07-07T13:14:00.267321Z,19639e7c967b4faa36b021a9
deepseek_clean::deepseek-v4-flash::dsl-2.3.0-roadmap::single_shot_v3::rep6,deepseek_clean,dsl-2.3.0-roadmap,dsl,Rust,deepseek-v4-flash,single_shot_v3,deepseek_clean::deepseek-v4-flash::dsl-2.3.0-roadmap::single_shot_v3,6,1,1,1,1,0,test_failed,,,2026-07-07T13:14:38.316904Z,15b24d3cdbc9f7935af7da2b
deepseek_clean::deepseek-v4-flash::dsl-2.3.0-roadmap::single_shot_v3::rep7,deepseek_clean,dsl-2.3.0-roadmap,dsl,Rust,deepseek-v4-flash,single_shot_v3,deepseek_clean::deepseek-v4-flash::dsl-2.3.0-roadmap::single_shot_v3,7,0,0,0,0,0,edit_apply_failed,edit_apply_failed,edit_apply_failed,2026-07-07T10:33:15.329783Z,76f94d74f28c4f7801e4b10c
deepseek_clean::deepseek-v4-flash::dsl-2.3.0-roadmap::staged_v4::rep0,deepseek_clean,dsl-2.3.0-roadmap,dsl,Rust,deepseek-v4-flash,staged_v4,deepseek_clean::deepseek-v4-flash::dsl-2.3.0-roadmap::staged_v4,0,0,0,0,0,0,stage1_plan_failed,stage_state_existing_files_invalid,stage1_plan_failed,2026-07-07T10:32:29.960719Z,8e34fabdcfc8c0fe6b4642b5
deepseek_clean::deepseek-v4-flash::dsl-2.3.0-roadmap::staged_v4::rep1,deepseek_clean,dsl-2.3.0-roadmap,dsl,Rust,deepseek-v4-flash,staged_v4,deepseek_clean::deepseek-v4-flash::dsl-2.3.0-roadmap::staged_v4,1,0,0,0,0,0,stage1_plan_failed,stage_state_existing_files_invalid,stage1_plan_failed,2026-07-07T10:32:38.680624Z,c2c94814fa675b1347ca99e8
deepseek_clean::deepseek-v4-flash::dsl-2.3.0-roadmap::staged_v4::rep2,deepseek_clean,dsl-2.3.0-roadmap,dsl,Rust,deepseek-v4-flash,staged_v4,deepseek_clean::deepseek-v4-flash::dsl-2.3.0-roadmap::staged_v4,2,0,0,0,0,0,stage1_plan_failed,stage_state_existing_files_invalid,stage1_plan_failed,2026-07-07T10:32:49.900713Z,d1bc0e859d1383f7b9d5cb88
deepseek_clean::deepseek-v4-flash::dsl-2.3.0-roadmap::staged_v4::rep3,deepseek_clean,dsl-2.3.0-roadmap,dsl,Rust,deepseek-v4-flash,staged_v4,deepseek_clean::deepseek-v4-flash::dsl-2.3.0-roadmap::staged_v4,3,0,0,0,0,0,stage1_plan_failed,stage_state_existing_files_invalid,stage1_plan_failed,2026-07-07T10:32:51.456752Z,3cd90dd1e8ac6335566d8413
deepseek_clean::deepseek-v4-flash::dsl-2.3.0-roadmap::staged_v4::rep4,deepseek_clean,dsl-2.3.0-roadmap,dsl,Rust,deepseek-v4-flash,staged_v4,deepseek_clean::deepseek-v4-flash::dsl-2.3.0-roadmap::staged_v4,4,0,0,0,0,0,stage1_plan_failed,stage_state_existing_files_invalid,stage1_plan_failed,2026-07-07T10:32:59.616066Z,d5605127d0001aaa231cc064
deepseek_clean::deepseek-v4-flash::dsl-2.3.0-roadmap::staged_v4::rep5,deepseek_clean,dsl-2.3.0-roadmap,dsl,Rust,deepseek-v4-flash,staged_v4,deepseek_clean::deepseek-v4-flash::dsl-2.3.0-roadmap::staged_v4,5,0,0,0,0,0,stage1_plan_failed,stage_state_existing_files_invalid,stage1_plan_failed,2026-07-07T10:33:06.726668Z,5821a7473d098a420bc6c169
deepseek_clean::deepseek-v4-flash::dsl-2.3.0-roadmap::staged_v4::rep6,deepseek_clean,dsl-2.3.0-roadmap,dsl,Rust,deepseek-v4-flash,staged_v4,deepseek_clean::deepseek-v4-flash::dsl-2.3.0-roadmap::staged_v4,6,0,0,0,0,0,stage1_plan_failed,stage_state_existing_files_invalid,stage1_plan_failed,2026-07-07T10:33:11.263266Z,c19688148550093629f79596
deepseek_clean::deepseek-v4-flash::dsl-2.3.0-roadmap::staged_v4::rep7,deepseek_clean,dsl-2.3.0-roadmap,dsl,Rust,deepseek-v4-flash,staged_v4,deepseek_clean::deepseek-v4-flash::dsl-2.3.0-roadmap::staged_v4,7,0,0,0,0,0,stage1_plan_failed,stage_state_existing_files_invalid,stage1_plan_failed,2026-07-07T10:33:15.797426Z,820447d3dd46db1326c9fd1e
deepseek_clean::deepseek-v4-flash::fal-1.3.0-roadmap::single_shot_v3::rep0,deepseek_clean,fal-1.3.0-roadmap,fal,Python,deepseek-v4-flash,single_shot_v3,deepseek_clean::deepseek-v4-flash::fal-1.3.0-roadmap::single_shot_v3,0,0,0,0,0,0,edit_apply_failed,edit_apply_failed,edit_apply_failed,2026-07-07T10:34:21.511032Z,7784668887e6947cc0dd2144
deepseek_clean::deepseek-v4-flash::fal-1.3.0-roadmap::single_shot_v3::rep1,deepseek_clean,fal-1.3.0-roadmap,fal,Python,deepseek-v4-flash,single_shot_v3,deepseek_clean::deepseek-v4-flash::fal-1.3.0-roadmap::single_shot_v3,1,0,0,0,0,0,edit_apply_failed,edit_apply_failed,edit_apply_failed,2026-07-07T10:35:20.012106Z,33cebbc3c39db206cc8eff39
deepseek_clean::deepseek-v4-flash::fal-1.3.0-roadmap::single_shot_v3::rep2,deepseek_clean,fal-1.3.0-roadmap,fal,Python,deepseek-v4-flash,single_shot_v3,deepseek_clean::deepseek-v4-flash::fal-1.3.0-roadmap::single_shot_v3,2,0,0,0,0,0,edit_apply_failed,edit_apply_failed,edit_apply_failed,2026-07-07T10:34:50.412095Z,2c8244853cf7cb19f4ed524d
deepseek_clean::deepseek-v4-flash::fal-1.3.0-roadmap::single_shot_v3::rep3,deepseek_clean,fal-1.3.0-roadmap,fal,Python,deepseek-v4-flash,single_shot_v3,deepseek_clean::deepseek-v4-flash::fal-1.3.0-roadmap::single_shot_v3,3,0,0,0,0,0,edit_apply_failed,edit_apply_failed,edit_apply_failed,2026-07-07T10:34:52.354561Z,9d301482b8311457ae0d956b
deepseek_clean::deepseek-v4-flash::fal-1.3.0-roadmap::single_shot_v3::rep4,deepseek_clean,fal-1.3.0-roadmap,fal,Python,deepseek-v4-flash,single_shot_v3,deepseek_clean::deepseek-v4-flash::fal-1.3.0-roadmap::single_shot_v3,4,0,0,0,0,0,edit_apply_failed,edit_apply_failed,edit_apply_failed,2026-07-07T10:35:44.168880Z,58d5bb0690f3355b339baad0
deepseek_clean::deepseek-v4-flash::fal-1.3.0-roadmap::single_shot_v3::rep5,deepseek_clean,fal-1.3.0-roadmap,fal,Python,deepseek-v4-flash,single_shot_v3,deepseek_clean::deepseek-v4-flash::fal-1.3.0-roadmap::single_shot_v3,5,0,0,0,0,0,edit_apply_failed,edit_apply_failed,edit_apply_failed,2026-07-07T10:37:03.737054Z,db38c01cf7c573c7358b1b14
deepseek_clean::deepseek-v4-flash::fal-1.3.0-roadmap::single_shot_v3::rep6,deepseek_clean,fal-1.3.0-roadmap,fal,Python,deepseek-v4-flash,single_shot_v3,deepseek_clean::deepseek-v4-flash::fal-1.3.0-roadmap::single_shot_v3,6,0,0,0,0,0,edit_json_invalid,edit_json_invalid,edit_json_invalid,2026-07-07T10:36:14.974547Z,6ed4da41c74f45dd2cf37ee8
deepseek_clean::deepseek-v4-flash::fal-1.3.0-roadmap::single_shot_v3::rep7,deepseek_clean,fal-1.3.0-roadmap,fal,Python,deepseek-v4-flash,single_shot_v3,deepseek_clean::deepseek-v4-flash::fal-1.3.0-roadmap::single_shot_v3,7,0,0,0,0,0,edit_apply_failed,edit_apply_failed,edit_apply_failed,2026-07-07T10:36:57.189025Z,3b0c0a246272ce0ad318005b
deepseek_clean::deepseek-v4-flash::fal-1.3.0-roadmap::staged_v4::rep0,deepseek_clean,fal-1.3.0-roadmap,fal,Python,deepseek-v4-flash,staged_v4,deepseek_clean::deepseek-v4-flash::fal-1.3.0-roadmap::staged_v4,0,0,0,0,0,0,edit_apply_failed,edit_apply_failed,edit_apply_failed,2026-07-07T10:39:00.603356Z,d2b37e9df9803a8c850d39cd
deepseek_clean::deepseek-v4-flash::fal-1.3.0-roadmap::staged_v4::rep1,deepseek_clean,fal-1.3.0-roadmap,fal,Python,deepseek-v4-flash,staged_v4,deepseek_clean::deepseek-v4-flash::fal-1.3.0-roadmap::staged_v4,1,0,0,0,0,0,edit_apply_failed,edit_apply_failed,edit_apply_failed,2026-07-07T10:39:20.946092Z,47941f81b4b91895475021d9
deepseek_clean::deepseek-v4-flash::fal-1.3.0-roadmap::staged_v4::rep2,deepseek_clean,fal-1.3.0-roadmap,fal,Python,deepseek-v4-flash,staged_v4,deepseek_clean::deepseek-v4-flash::fal-1.3.0-roadmap::staged_v4,2,0,0,0,0,0,edit_apply_failed,edit_apply_failed,edit_apply_failed,2026-07-07T10:39:54.651141Z,b6cffaadca650c216ff434b8
deepseek_clean::deepseek-v4-flash::fal-1.3.0-roadmap::staged_v4::rep3,deepseek_clean,fal-1.3.0-roadmap,fal,Python,deepseek-v4-flash,staged_v4,deepseek_clean::deepseek-v4-flash::fal-1.3.0-roadmap::staged_v4,3,0,0,0,0,0,edit_apply_failed,edit_apply_failed,edit_apply_failed,2026-07-07T10:40:28.910106Z,3093da6ebbc68f0e26e796a0
deepseek_clean::deepseek-v4-flash::fal-1.3.0-roadmap::staged_v4::rep4,deepseek_clean,fal-1.3.0-roadmap,fal,Python,deepseek-v4-flash,staged_v4,deepseek_clean::deepseek-v4-flash::fal-1.3.0-roadmap::staged_v4,4,1,1,1,1,0,test_failed,,,2026-07-07T13:14:45.624573Z,c594b83c2f8608d8b736d61a
deepseek_clean::deepseek-v4-flash::fal-1.3.0-roadmap::staged_v4::rep5,deepseek_clean,fal-1.3.0-roadmap,fal,Python,deepseek-v4-flash,staged_v4,deepseek_clean::deepseek-v4-flash::fal-1.3.0-roadmap::staged_v4,5,0,0,0,0,0,edit_apply_failed,edit_apply_failed,edit_apply_failed,2026-07-07T10:42:39.603120Z,6c5d8970aedfb5d502587920
deepseek_clean::deepseek-v4-flash::fal-1.3.0-roadmap::staged_v4::rep6,deepseek_clean,fal-1.3.0-roadmap,fal,Python,deepseek-v4-flash,staged_v4,deepseek_clean::deepseek-v4-flash::fal-1.3.0-roadmap::staged_v4,6,0,0,0,0,0,stage2_contract_failed,candidate_edit_ops_invalid,stage2_contract_failed,2026-07-07T10:43:08.132742Z,c73eb06b71a75ccbb639d14e
deepseek_clean::deepseek-v4-flash::fal-1.3.0-roadmap::staged_v4::rep7,deepseek_clean,fal-1.3.0-roadmap,fal,Python,deepseek-v4-flash,staged_v4,deepseek_clean::deepseek-v4-flash::fal-1.3.0-roadmap::staged_v4,7,0,0,0,0,0,edit_apply_failed,edit_apply_failed,edit_apply_failed,2026-07-07T10:43:37.305769Z,8bacfdb8feba3dfabb952e35
deepseek_clean::deepseek-v4-flash::fal-2.0.0-roadmap::single_shot_v3::rep0,deepseek_clean,fal-2.0.0-roadmap,fal,Python,deepseek-v4-flash,single_shot_v3,deepseek_clean::deepseek-v4-flash::fal-2.0.0-roadmap::single_shot_v3,0,0,0,0,0,0,edit_apply_failed,edit_apply_failed,edit_apply_failed,2026-07-07T10:43:09.336765Z,c48571b52ee8c60b7c5ef9a4
deepseek_clean::deepseek-v4-flash::fal-2.0.0-roadmap::single_shot_v3::rep1,deepseek_clean,fal-2.0.0-roadmap,fal,Python,deepseek-v4-flash,single_shot_v3,deepseek_clean::deepseek-v4-flash::fal-2.0.0-roadmap::single_shot_v3,1,0,0,0,0,0,edit_apply_failed,edit_apply_failed,edit_apply_failed,2026-07-07T10:44:34.257192Z,04a4da1777d21730c88e3b46
deepseek_clean::deepseek-v4-flash::fal-2.0.0-roadmap::single_shot_v3::rep2,deepseek_clean,fal-2.0.0-roadmap,fal,Python,deepseek-v4-flash,single_shot_v3,deepseek_clean::deepseek-v4-flash::fal-2.0.0-roadmap::single_shot_v3,2,0,0,0,0,0,edit_apply_failed,edit_apply_failed,edit_apply_failed,2026-07-07T10:45:20.228102Z,b528f1b2fd400a0f3b330fde
deepseek_clean::deepseek-v4-flash::fal-2.0.0-roadmap::single_shot_v3::rep3,deepseek_clean,fal-2.0.0-roadmap,fal,Python,deepseek-v4-flash,single_shot_v3,deepseek_clean::deepseek-v4-flash::fal-2.0.0-roadmap::single_shot_v3,3,0,0,0,0,0,edit_apply_failed,edit_apply_failed,edit_apply_failed,2026-07-07T10:45:06.386646Z,d5e0e630c369d8083127b06e
deepseek_clean::deepseek-v4-flash::fal-2.0.0-roadmap::single_shot_v3::rep4,deepseek_clean,fal-2.0.0-roadmap,fal,Python,deepseek-v4-flash,single_shot_v3,deepseek_clean::deepseek-v4-flash::fal-2.0.0-roadmap::single_shot_v3,4,0,0,0,0,0,edit_apply_failed,edit_apply_failed,edit_apply_failed,2026-07-07T10:45:38.835884Z,02f429f7030d6ebefa215c08
deepseek_clean::deepseek-v4-flash::fal-2.0.0-roadmap::single_shot_v3::rep5,deepseek_clean,fal-2.0.0-roadmap,fal,Python,deepseek-v4-flash,single_shot_v3,deepseek_clean::deepseek-v4-flash::fal-2.0.0-roadmap::single_shot_v3,5,0,0,0,0,0,edit_apply_failed,edit_apply_failed,edit_apply_failed,2026-07-07T10:46:38.870429Z,f9eeae9b201d8badb9ded20e
deepseek_clean::deepseek-v4-flash::fal-2.0.0-roadmap::single_shot_v3::rep6,deepseek_clean,fal-2.0.0-roadmap,fal,Python,deepseek-v4-flash,single_shot_v3,deepseek_clean::deepseek-v4-flash::fal-2.0.0-roadmap::single_shot_v3,6,0,0,0,0,0,edit_apply_failed,edit_apply_failed,edit_apply_failed,2026-07-07T10:46:48.992971Z,5da0e6a04962f9201a46b0d5
deepseek_clean::deepseek-v4-flash::fal-2.0.0-roadmap::single_shot_v3::rep7,deepseek_clean,fal-2.0.0-roadmap,fal,Python,deepseek-v4-flash,single_shot_v3,deepseek_clean::deepseek-v4-flash::fal-2.0.0-roadmap::single_shot_v3,7,0,0,0,0,0,deterministic_patch_generation_failed,deterministic_patch_generation_failed,deterministic_patch_generation_failed,2026-07-07T10:47:20.706949Z,ccb0400f321d18e94be44221
deepseek_clean::deepseek-v4-flash::fal-2.0.0-roadmap::staged_v4::rep0,deepseek_clean,fal-2.0.0-roadmap,fal,Python,deepseek-v4-flash,staged_v4,deepseek_clean::deepseek-v4-flash::fal-2.0.0-roadmap::staged_v4,0,0,0,0,0,0,edit_apply_failed,edit_apply_failed,edit_apply_failed,2026-07-07T10:48:11.306613Z,9fc4ebfac3e7402f3a7bffd1
deepseek_clean::deepseek-v4-flash::fal-2.0.0-roadmap::staged_v4::rep1,deepseek_clean,fal-2.0.0-roadmap,fal,Python,deepseek-v4-flash,staged_v4,deepseek_clean::deepseek-v4-flash::fal-2.0.0-roadmap::staged_v4,1,0,0,0,0,0,stage2_contract_failed,candidate_edit_ops_invalid,stage2_contract_failed,2026-07-07T10:52:57.445171Z,0a375ae877ca1916fe4c39b6
deepseek_clean::deepseek-v4-flash::fal-2.0.0-roadmap::staged_v4::rep2,deepseek_clean,fal-2.0.0-roadmap,fal,Python,deepseek-v4-flash,staged_v4,deepseek_clean::deepseek-v4-flash::fal-2.0.0-roadmap::staged_v4,2,0,0,0,0,0,edit_apply_failed,edit_apply_failed,edit_apply_failed,2026-07-07T10:51:26.136015Z,670653a717e7593a2542e8de
deepseek_clean::deepseek-v4-flash::fal-2.0.0-roadmap::staged_v4::rep3,deepseek_clean,fal-2.0.0-roadmap,fal,Python,deepseek-v4-flash,staged_v4,deepseek_clean::deepseek-v4-flash::fal-2.0.0-roadmap::staged_v4,3,0,0,0,0,0,edit_apply_failed,edit_apply_failed,edit_apply_failed,2026-07-07T10:52:05.280300Z,00d22287d92335755b290267
deepseek_clean::deepseek-v4-flash::fal-2.0.0-roadmap::staged_v4::rep4,deepseek_clean,fal-2.0.0-roadmap,fal,Python,deepseek-v4-flash,staged_v4,deepseek_clean::deepseek-v4-flash::fal-2.0.0-roadmap::staged_v4,4,0,0,0,0,0,edit_apply_failed,edit_apply_failed,edit_apply_failed,2026-07-07T10:54:00.694396Z,3600c004dd7ae71920aec344
deepseek_clean::deepseek-v4-flash::fal-2.0.0-roadmap::staged_v4::rep5,deepseek_clean,fal-2.0.0-roadmap,fal,Python,deepseek-v4-flash,staged_v4,deepseek_clean::deepseek-v4-flash::fal-2.0.0-roadmap::staged_v4,5,0,0,0,0,0,stage2_contract_failed,stage2_edit_outside_stage_state,stage2_contract_failed,2026-07-07T10:55:32.768961Z,ee35a969827429c4cc9d2988
deepseek_clean::deepseek-v4-flash::fal-2.0.0-roadmap::staged_v4::rep6,deepseek_clean,fal-2.0.0-roadmap,fal,Python,deepseek-v4-flash,staged_v4,deepseek_clean::deepseek-v4-flash::fal-2.0.0-roadmap::staged_v4,6,0,0,0,0,0,edit_apply_failed,edit_apply_failed,edit_apply_failed,2026-07-07T10:55:55.046338Z,ea3a41bafec3004d7fc6beb0
deepseek_clean::deepseek-v4-flash::fal-2.0.0-roadmap::staged_v4::rep7,deepseek_clean,fal-2.0.0-roadmap,fal,Python,deepseek-v4-flash,staged_v4,deepseek_clean::deepseek-v4-flash::fal-2.0.0-roadmap::staged_v4,7,0,0,0,0,0,edit_apply_failed,edit_apply_failed,edit_apply_failed,2026-07-07T10:57:40.494499Z,712a85c2bcb35f7a9c979764
deepseek_clean::deepseek-v4-flash::fal-4.1.0-roadmap::single_shot_v3::rep0,deepseek_clean,fal-4.1.0-roadmap,fal,Python,deepseek-v4-flash,single_shot_v3,deepseek_clean::deepseek-v4-flash::fal-4.1.0-roadmap::single_shot_v3,0,0,0,0,0,0,edit_apply_failed,edit_apply_failed,edit_apply_failed,2026-07-07T10:55:34.904409Z,db44e034529aa949886359db
deepseek_clean::deepseek-v4-flash::fal-4.1.0-roadmap::single_shot_v3::rep1,deepseek_clean,fal-4.1.0-roadmap,fal,Python,deepseek-v4-flash,single_shot_v3,deepseek_clean::deepseek-v4-flash::fal-4.1.0-roadmap::single_shot_v3,1,0,0,0,0,0,edit_apply_failed,edit_apply_failed,edit_apply_failed,2026-07-07T10:56:39.408489Z,b358edd3a6a75852e8ee730a
deepseek_clean::deepseek-v4-flash::fal-4.1.0-roadmap::single_shot_v3::rep2,deepseek_clean,fal-4.1.0-roadmap,fal,Python,deepseek-v4-flash,single_shot_v3,deepseek_clean::deepseek-v4-flash::fal-4.1.0-roadmap::single_shot_v3,2,0,0,0,0,0,edit_json_invalid,edit_json_invalid,edit_json_invalid,2026-07-07T10:57:02.888470Z,54567d283e2e00d0d0a0e7fb
deepseek_clean::deepseek-v4-flash::fal-4.1.0-roadmap::single_shot_v3::rep3,deepseek_clean,fal-4.1.0-roadmap,fal,Python,deepseek-v4-flash,single_shot_v3,deepseek_clean::deepseek-v4-flash::fal-4.1.0-roadmap::single_shot_v3,3,0,0,0,0,0,edit_json_invalid,edit_json_invalid,edit_json_invalid,2026-07-07T10:57:28.943564Z,ef08b894820c805c70df1988
deepseek_clean::deepseek-v4-flash::fal-4.1.0-roadmap::single_shot_v3::rep4,deepseek_clean,fal-4.1.0-roadmap,fal,Python,deepseek-v4-flash,single_shot_v3,deepseek_clean::deepseek-v4-flash::fal-4.1.0-roadmap::single_shot_v3,4,0,0,0,0,0,edit_apply_failed,edit_apply_failed,edit_apply_failed,2026-07-07T10:58:14.495669Z,bc7aa1b47cb4d7b66c4d7f80
deepseek_clean::deepseek-v4-flash::fal-4.1.0-roadmap::single_shot_v3::rep5,deepseek_clean,fal-4.1.0-roadmap,fal,Python,deepseek-v4-flash,single_shot_v3,deepseek_clean::deepseek-v4-flash::fal-4.1.0-roadmap::single_shot_v3,5,0,0,0,0,0,edit_apply_failed,edit_apply_failed,edit_apply_failed,2026-07-07T10:58:41.868457Z,caa9889f939b5edfc9eb92d2
deepseek_clean::deepseek-v4-flash::fal-4.1.0-roadmap::single_shot_v3::rep6,deepseek_clean,fal-4.1.0-roadmap,fal,Python,deepseek-v4-flash,single_shot_v3,deepseek_clean::deepseek-v4-flash::fal-4.1.0-roadmap::single_shot_v3,6,0,0,0,0,0,deterministic_patch_generation_failed,deterministic_patch_generation_failed,deterministic_patch_generation_failed,2026-07-07T10:58:49.364298Z,6c95c7d2676aa0b08a65565f
deepseek_clean::deepseek-v4-flash::fal-4.1.0-roadmap::single_shot_v3::rep7,deepseek_clean,fal-4.1.0-roadmap,fal,Python,deepseek-v4-flash,single_shot_v3,deepseek_clean::deepseek-v4-flash::fal-4.1.0-roadmap::single_shot_v3,7,0,0,0,0,0,edit_apply_failed,edit_apply_failed,edit_apply_failed,2026-07-07T10:59:00.390953Z,9a0fa1faf4c42a7f63822520
deepseek_clean::deepseek-v4-flash::fal-4.1.0-roadmap::staged_v4::rep0,deepseek_clean,fal-4.1.0-roadmap,fal,Python,deepseek-v4-flash,staged_v4,deepseek_clean::deepseek-v4-flash::fal-4.1.0-roadmap::staged_v4,0,0,0,0,0,0,edit_path_disallowed,edit_path_disallowed,edit_path_disallowed,2026-07-07T11:01:58.588143Z,3e9f4e2545ba7ccc02068c02
deepseek_clean::deepseek-v4-flash::fal-4.1.0-roadmap::staged_v4::rep1,deepseek_clean,fal-4.1.0-roadmap,fal,Python,deepseek-v4-flash,staged_v4,deepseek_clean::deepseek-v4-flash::fal-4.1.0-roadmap::staged_v4,1,0,0,0,0,0,stage2_contract_failed,stage2_edit_outside_stage_state,stage2_contract_failed,2026-07-07T11:00:12.205314Z,357062a13cee5509f904b513
deepseek_clean::deepseek-v4-flash::fal-4.1.0-roadmap::staged_v4::rep2,deepseek_clean,fal-4.1.0-roadmap,fal,Python,deepseek-v4-flash,staged_v4,deepseek_clean::deepseek-v4-flash::fal-4.1.0-roadmap::staged_v4,2,0,0,0,0,0,edit_path_disallowed,edit_path_disallowed,edit_path_disallowed,2026-07-07T11:02:43.317852Z,f62ad5580da982f8db822906
deepseek_clean::deepseek-v4-flash::fal-4.1.0-roadmap::staged_v4::rep3,deepseek_clean,fal-4.1.0-roadmap,fal,Python,deepseek-v4-flash,staged_v4,deepseek_clean::deepseek-v4-flash::fal-4.1.0-roadmap::staged_v4,3,0,0,0,0,0,edit_path_disallowed,edit_path_disallowed,edit_path_disallowed,2026-07-07T11:00:33.352212Z,c26184e6b6824819a7105a85
deepseek_clean::deepseek-v4-flash::fal-4.1.0-roadmap::staged_v4::rep4,deepseek_clean,fal-4.1.0-roadmap,fal,Python,deepseek-v4-flash,staged_v4,deepseek_clean::deepseek-v4-flash::fal-4.1.0-roadmap::staged_v4,4,0,0,0,0,0,stage2_contract_failed,stage2_edit_outside_stage_state,stage2_contract_failed,2026-07-07T11:01:35.134168Z,4d62f3e0d89546ef1b25edf6
deepseek_clean::deepseek-v4-flash::fal-4.1.0-roadmap::staged_v4::rep5,deepseek_clean,fal-4.1.0-roadmap,fal,Python,deepseek-v4-flash,staged_v4,deepseek_clean::deepseek-v4-flash::fal-4.1.0-roadmap::staged_v4,5,0,0,0,0,0,edit_path_disallowed,edit_path_disallowed,edit_path_disallowed,2026-07-07T11:02:04.659431Z,0940618a5b4e43f79b6ac7ec
deepseek_clean::deepseek-v4-flash::fal-4.1.0-roadmap::staged_v4::rep6,deepseek_clean,fal-4.1.0-roadmap,fal,Python,deepseek-v4-flash,staged_v4,deepseek_clean::deepseek-v4-flash::fal-4.1.0-roadmap::staged_v4,6,0,1,1,0,0,test_failed,,,2026-07-07T13:15:05.758156Z,e56c8defe37ff37a9afc3020
deepseek_clean::deepseek-v4-flash::fal-4.1.0-roadmap::staged_v4::rep7,deepseek_clean,fal-4.1.0-roadmap,fal,Python,deepseek-v4-flash,staged_v4,deepseek_clean::deepseek-v4-flash::fal-4.1.0-roadmap::staged_v4,7,0,0,0,0,0,edit_path_disallowed,edit_path_disallowed,edit_path_disallowed,2026-07-07T11:03:18.391876Z,ce968556948081f224907247
deepseek_clean::deepseek-v4-flash::fbr-2.42.0-roadmap::single_shot_v3::rep0,deepseek_clean,fbr-2.42.0-roadmap,fbr,Go,deepseek-v4-flash,single_shot_v3,deepseek_clean::deepseek-v4-flash::fbr-2.42.0-roadmap::single_shot_v3,0,0,0,0,0,0,edit_apply_failed,edit_apply_failed,edit_apply_failed,2026-07-07T11:02:30.810294Z,a65ee253ff30d28f6b8f4717
deepseek_clean::deepseek-v4-flash::fbr-2.42.0-roadmap::single_shot_v3::rep1,deepseek_clean,fbr-2.42.0-roadmap,fbr,Go,deepseek-v4-flash,single_shot_v3,deepseek_clean::deepseek-v4-flash::fbr-2.42.0-roadmap::single_shot_v3,1,0,0,0,0,0,edit_apply_failed,edit_apply_failed,edit_apply_failed,2026-07-07T11:03:02.827891Z,8dde8a7087d88fc4f7202d4c
deepseek_clean::deepseek-v4-flash::fbr-2.42.0-roadmap::single_shot_v3::rep2,deepseek_clean,fbr-2.42.0-roadmap,fbr,Go,deepseek-v4-flash,single_shot_v3,deepseek_clean::deepseek-v4-flash::fbr-2.42.0-roadmap::single_shot_v3,2,0,0,0,0,0,edit_apply_failed,edit_apply_failed,edit_apply_failed,2026-07-07T11:03:13.710156Z,ff365f312f22f415b5b697ff
deepseek_clean::deepseek-v4-flash::fbr-2.42.0-roadmap::single_shot_v3::rep3,deepseek_clean,fbr-2.42.0-roadmap,fbr,Go,deepseek-v4-flash,single_shot_v3,deepseek_clean::deepseek-v4-flash::fbr-2.42.0-roadmap::single_shot_v3,3,0,0,0,0,0,edit_apply_failed,edit_apply_failed,edit_apply_failed,2026-07-07T11:03:10.369877Z,6628472fa8e50d56d3dab328
deepseek_clean::deepseek-v4-flash::fbr-2.42.0-roadmap::single_shot_v3::rep4,deepseek_clean,fbr-2.42.0-roadmap,fbr,Go,deepseek-v4-flash,single_shot_v3,deepseek_clean::deepseek-v4-flash::fbr-2.42.0-roadmap::single_shot_v3,4,0,0,0,0,0,edit_json_invalid,edit_json_invalid,edit_json_invalid,2026-07-07T11:03:31.542704Z,ce37736890d23279be83be6c
deepseek_clean::deepseek-v4-flash::fbr-2.42.0-roadmap::single_shot_v3::rep5,deepseek_clean,fbr-2.42.0-roadmap,fbr,Go,deepseek-v4-flash,single_shot_v3,deepseek_clean::deepseek-v4-flash::fbr-2.42.0-roadmap::single_shot_v3,5,0,0,0,0,0,edit_apply_failed,edit_apply_failed,edit_apply_failed,2026-07-07T11:03:52.304816Z,70d914c6429b3373cffcefa7
deepseek_clean::deepseek-v4-flash::fbr-2.42.0-roadmap::single_shot_v3::rep6,deepseek_clean,fbr-2.42.0-roadmap,fbr,Go,deepseek-v4-flash,single_shot_v3,deepseek_clean::deepseek-v4-flash::fbr-2.42.0-roadmap::single_shot_v3,6,0,0,0,0,0,edit_apply_failed,edit_apply_failed,edit_apply_failed,2026-07-07T11:03:47.280372Z,17aa43a28f585c3b3a053a46
deepseek_clean::deepseek-v4-flash::fbr-2.42.0-roadmap::single_shot_v3::rep7,deepseek_clean,fbr-2.42.0-roadmap,fbr,Go,deepseek-v4-flash,single_shot_v3,deepseek_clean::deepseek-v4-flash::fbr-2.42.0-roadmap::single_shot_v3,7,0,0,0,0,0,edit_apply_failed,edit_apply_failed,edit_apply_failed,2026-07-07T11:04:11.024280Z,43d714f272d7f8897596a527
deepseek_clean::deepseek-v4-flash::fbr-2.42.0-roadmap::staged_v4::rep0,deepseek_clean,fbr-2.42.0-roadmap,fbr,Go,deepseek-v4-flash,staged_v4,deepseek_clean::deepseek-v4-flash::fbr-2.42.0-roadmap::staged_v4,0,0,0,0,0,0,edit_apply_failed,edit_apply_failed,edit_apply_failed,2026-07-07T11:04:39.697720Z,0ee8227f00ebc584de70d836
deepseek_clean::deepseek-v4-flash::fbr-2.42.0-roadmap::staged_v4::rep1,deepseek_clean,fbr-2.42.0-roadmap,fbr,Go,deepseek-v4-flash,staged_v4,deepseek_clean::deepseek-v4-flash::fbr-2.42.0-roadmap::staged_v4,1,0,0,0,0,0,edit_apply_failed,edit_apply_failed,edit_apply_failed,2026-07-07T11:04:54.570369Z,e3a7b1c530f24c475108ca71
deepseek_clean::deepseek-v4-flash::fbr-2.42.0-roadmap::staged_v4::rep2,deepseek_clean,fbr-2.42.0-roadmap,fbr,Go,deepseek-v4-flash,staged_v4,deepseek_clean::deepseek-v4-flash::fbr-2.42.0-roadmap::staged_v4,2,0,0,0,0,0,edit_apply_failed,edit_apply_failed,edit_apply_failed,2026-07-07T11:05:09.062405Z,e4ef7ca5aa50ae34c73d5537
deepseek_clean::deepseek-v4-flash::fbr-2.42.0-roadmap::staged_v4::rep3,deepseek_clean,fbr-2.42.0-roadmap,fbr,Go,deepseek-v4-flash,staged_v4,deepseek_clean::deepseek-v4-flash::fbr-2.42.0-roadmap::staged_v4,3,0,0,0,0,0,edit_apply_failed,edit_apply_failed,edit_apply_failed,2026-07-07T11:05:28.895763Z,37c3f4f3754e968fa4a928c9
deepseek_clean::deepseek-v4-flash::fbr-2.42.0-roadmap::staged_v4::rep4,deepseek_clean,fbr-2.42.0-roadmap,fbr,Go,deepseek-v4-flash,staged_v4,deepseek_clean::deepseek-v4-flash::fbr-2.42.0-roadmap::staged_v4,4,0,0,0,0,0,edit_apply_failed,edit_apply_failed,edit_apply_failed,2026-07-07T11:05:54.783053Z,ff30aab4d5c91ee7f175f063
deepseek_clean::deepseek-v4-flash::fbr-2.42.0-roadmap::staged_v4::rep5,deepseek_clean,fbr-2.42.0-roadmap,fbr,Go,deepseek-v4-flash,staged_v4,deepseek_clean::deepseek-v4-flash::fbr-2.42.0-roadmap::staged_v4,5,0,0,0,0,0,stage2_contract_failed,candidate_edit_ops_invalid,stage2_contract_failed,2026-07-07T11:08:21.605182Z,5b09d5e88c86843d0be5d340
deepseek_clean::deepseek-v4-flash::fbr-2.42.0-roadmap::staged_v4::rep6,deepseek_clean,fbr-2.42.0-roadmap,fbr,Go,deepseek-v4-flash,staged_v4,deepseek_clean::deepseek-v4-flash::fbr-2.42.0-roadmap::staged_v4,6,0,0,0,0,0,edit_apply_failed,edit_apply_failed,edit_apply_failed,2026-07-07T11:06:27.647809Z,290b362aeadc22878f8c5185
deepseek_clean::deepseek-v4-flash::fbr-2.42.0-roadmap::staged_v4::rep7,deepseek_clean,fbr-2.42.0-roadmap,fbr,Go,deepseek-v4-flash,staged_v4,deepseek_clean::deepseek-v4-flash::fbr-2.42.0-roadmap::staged_v4,7,0,0,0,0,0,edit_apply_failed,edit_apply_failed,edit_apply_failed,2026-07-07T11:06:55.979396Z,bbb49a3d57f26e9e528213a6
deepseek_clean::deepseek-v4-flash::fbr-2.43.0-roadmap::single_shot_v3::rep0,deepseek_clean,fbr-2.43.0-roadmap,fbr,Go,deepseek-v4-flash,single_shot_v3,deepseek_clean::deepseek-v4-flash::fbr-2.43.0-roadmap::single_shot_v3,0,0,0,0,0,0,edit_apply_failed,edit_apply_failed,edit_apply_failed,2026-07-07T11:07:02.223354Z,6d97f56d1a8b79741f4e52d7
deepseek_clean::deepseek-v4-flash::fbr-2.43.0-roadmap::single_shot_v3::rep1,deepseek_clean,fbr-2.43.0-roadmap,fbr,Go,deepseek-v4-flash,single_shot_v3,deepseek_clean::deepseek-v4-flash::fbr-2.43.0-roadmap::single_shot_v3,1,0,0,0,0,0,edit_apply_failed,edit_apply_failed,edit_apply_failed,2026-07-07T11:07:34.331024Z,08e930ad9ec1bd1e2fbf89cc
deepseek_clean::deepseek-v4-flash::fbr-2.43.0-roadmap::single_shot_v3::rep2,deepseek_clean,fbr-2.43.0-roadmap,fbr,Go,deepseek-v4-flash,single_shot_v3,deepseek_clean::deepseek-v4-flash::fbr-2.43.0-roadmap::single_shot_v3,2,0,0,0,0,0,edit_apply_failed,edit_apply_failed,edit_apply_failed,2026-07-07T11:07:36.450915Z,da7cf6a8bac1658aebbb9fe0
deepseek_clean::deepseek-v4-flash::fbr-2.43.0-roadmap::single_shot_v3::rep3,deepseek_clean,fbr-2.43.0-roadmap,fbr,Go,deepseek-v4-flash,single_shot_v3,deepseek_clean::deepseek-v4-flash::fbr-2.43.0-roadmap::single_shot_v3,3,0,0,0,0,0,edit_apply_failed,edit_apply_failed,edit_apply_failed,2026-07-07T11:07:59.731568Z,1b8ae03c1e77666bb05748b5
deepseek_clean::deepseek-v4-flash::fbr-2.43.0-roadmap::single_shot_v3::rep4,deepseek_clean,fbr-2.43.0-roadmap,fbr,Go,deepseek-v4-flash,single_shot_v3,deepseek_clean::deepseek-v4-flash::fbr-2.43.0-roadmap::single_shot_v3,4,0,0,0,0,0,finish_reason_length,edit_json_invalid,finish_reason_length,2026-07-07T11:10:14.730848Z,6884d7dfd9a989cf42e2184f
deepseek_clean::deepseek-v4-flash::fbr-2.43.0-roadmap::single_shot_v3::rep5,deepseek_clean,fbr-2.43.0-roadmap,fbr,Go,deepseek-v4-flash,single_shot_v3,deepseek_clean::deepseek-v4-flash::fbr-2.43.0-roadmap::single_shot_v3,5,0,0,0,0,0,edit_apply_failed,edit_apply_failed,edit_apply_failed,2026-07-07T11:08:51.070375Z,2ad41a253a03c59e7fa86a6b
deepseek_clean::deepseek-v4-flash::fbr-2.43.0-roadmap::single_shot_v3::rep6,deepseek_clean,fbr-2.43.0-roadmap,fbr,Go,deepseek-v4-flash,single_shot_v3,deepseek_clean::deepseek-v4-flash::fbr-2.43.0-roadmap::single_shot_v3,6,0,0,0,0,0,edit_json_invalid,edit_json_invalid,edit_json_invalid,2026-07-07T11:08:48.368952Z,44c49a485e78479017abcf28
deepseek_clean::deepseek-v4-flash::fbr-2.43.0-roadmap::single_shot_v3::rep7,deepseek_clean,fbr-2.43.0-roadmap,fbr,Go,deepseek-v4-flash,single_shot_v3,deepseek_clean::deepseek-v4-flash::fbr-2.43.0-roadmap::single_shot_v3,7,0,0,0,0,0,edit_apply_failed,edit_apply_failed,edit_apply_failed,2026-07-07T11:09:48.782927Z,d17f71aa4fd77cab66ebc2ac
deepseek_clean::deepseek-v4-flash::fbr-2.43.0-roadmap::staged_v4::rep0,deepseek_clean,fbr-2.43.0-roadmap,fbr,Go,deepseek-v4-flash,staged_v4,deepseek_clean::deepseek-v4-flash::fbr-2.43.0-roadmap::staged_v4,0,0,0,0,0,0,edit_apply_failed,edit_apply_failed,edit_apply_failed,2026-07-07T11:11:16.047438Z,8b691745275a3cb493202390
deepseek_clean::deepseek-v4-flash::fbr-2.43.0-roadmap::staged_v4::rep1,deepseek_clean,fbr-2.43.0-roadmap,fbr,Go,deepseek-v4-flash,staged_v4,deepseek_clean::deepseek-v4-flash::fbr-2.43.0-roadmap::staged_v4,1,0,0,0,0,0,edit_apply_failed,edit_apply_failed,edit_apply_failed,2026-07-07T11:10:24.173608Z,5994ae93dbf8602244a2bd97
deepseek_clean::deepseek-v4-flash::fbr-2.43.0-roadmap::staged_v4::rep2,deepseek_clean,fbr-2.43.0-roadmap,fbr,Go,deepseek-v4-flash,staged_v4,deepseek_clean::deepseek-v4-flash::fbr-2.43.0-roadmap::staged_v4,2,0,0,0,0,0,stage2_contract_failed,candidate_edit_ops_invalid,stage2_contract_failed,2026-07-07T11:13:18.769372Z,375b5c3c059ab396754ae2dc
deepseek_clean::deepseek-v4-flash::fbr-2.43.0-roadmap::staged_v4::rep3,deepseek_clean,fbr-2.43.0-roadmap,fbr,Go,deepseek-v4-flash,staged_v4,deepseek_clean::deepseek-v4-flash::fbr-2.43.0-roadmap::staged_v4,3,0,0,0,0,0,edit_apply_failed,edit_apply_failed,edit_apply_failed,2026-07-07T11:11:17.910841Z,a02c838e47403e2bc81b9fa6
deepseek_clean::deepseek-v4-flash::fbr-2.43.0-roadmap::staged_v4::rep4,deepseek_clean,fbr-2.43.0-roadmap,fbr,Go,deepseek-v4-flash,staged_v4,deepseek_clean::deepseek-v4-flash::fbr-2.43.0-roadmap::staged_v4,4,0,0,0,0,0,edit_apply_failed,edit_apply_failed,edit_apply_failed,2026-07-07T11:14:32.106510Z,0eed87748bbecf931e39476f
deepseek_clean::deepseek-v4-flash::fbr-2.43.0-roadmap::staged_v4::rep5,deepseek_clean,fbr-2.43.0-roadmap,fbr,Go,deepseek-v4-flash,staged_v4,deepseek_clean::deepseek-v4-flash::fbr-2.43.0-roadmap::staged_v4,5,0,0,0,0,0,edit_apply_failed,edit_apply_failed,edit_apply_failed,2026-07-07T11:12:49.778713Z,89f0743e37643dde6bfe07fb
deepseek_clean::deepseek-v4-flash::fbr-2.43.0-roadmap::staged_v4::rep6,deepseek_clean,fbr-2.43.0-roadmap,fbr,Go,deepseek-v4-flash,staged_v4,deepseek_clean::deepseek-v4-flash::fbr-2.43.0-roadmap::staged_v4,6,0,0,0,0,0,edit_apply_failed,edit_apply_failed,edit_apply_failed,2026-07-07T11:13:43.636822Z,cf43d47b7aaac23d06e47b0c
deepseek_clean::deepseek-v4-flash::fbr-2.43.0-roadmap::staged_v4::rep7,deepseek_clean,fbr-2.43.0-roadmap,fbr,Go,deepseek-v4-flash,staged_v4,deepseek_clean::deepseek-v4-flash::fbr-2.43.0-roadmap::staged_v4,7,0,0,0,0,0,edit_apply_failed,edit_apply_failed,edit_apply_failed,2026-07-07T11:14:59.580122Z,310373e73eaba5b9cf0d7938
deepseek_clean::deepseek-v4-flash::fbr-3.0.0-roadmap::single_shot_v3::rep0,deepseek_clean,fbr-3.0.0-roadmap,fbr,Go,deepseek-v4-flash,single_shot_v3,deepseek_clean::deepseek-v4-flash::fbr-3.0.0-roadmap::single_shot_v3,0,0,0,0,0,0,finish_reason_length,edit_json_invalid,finish_reason_length,2026-07-07T11:16:16.129618Z,5aee6b7d4d7bb5df153fc712
deepseek_clean::deepseek-v4-flash::fbr-3.0.0-roadmap::single_shot_v3::rep1,deepseek_clean,fbr-3.0.0-roadmap,fbr,Go,deepseek-v4-flash,single_shot_v3,deepseek_clean::deepseek-v4-flash::fbr-3.0.0-roadmap::single_shot_v3,1,0,0,0,0,0,edit_apply_failed,edit_apply_failed,edit_apply_failed,2026-07-07T11:16:15.676606Z,908c1d8ffcb7f63d880962e6
deepseek_clean::deepseek-v4-flash::fbr-3.0.0-roadmap::single_shot_v3::rep2,deepseek_clean,fbr-3.0.0-roadmap,fbr,Go,deepseek-v4-flash,single_shot_v3,deepseek_clean::deepseek-v4-flash::fbr-3.0.0-roadmap::single_shot_v3,2,0,0,0,0,0,finish_reason_length,edit_json_invalid,finish_reason_length,2026-07-07T11:17:29.392801Z,4e9acb26709cffe3ff903f2a
deepseek_clean::deepseek-v4-flash::fbr-3.0.0-roadmap::single_shot_v3::rep3,deepseek_clean,fbr-3.0.0-roadmap,fbr,Go,deepseek-v4-flash,single_shot_v3,deepseek_clean::deepseek-v4-flash::fbr-3.0.0-roadmap::single_shot_v3,3,0,0,0,0,0,finish_reason_length,edit_json_invalid,finish_reason_length,2026-07-07T11:17:54.096117Z,91c6fc5b9d6208c385473ff7
deepseek_clean::deepseek-v4-flash::fbr-3.0.0-roadmap::single_shot_v3::rep4,deepseek_clean,fbr-3.0.0-roadmap,fbr,Go,deepseek-v4-flash,single_shot_v3,deepseek_clean::deepseek-v4-flash::fbr-3.0.0-roadmap::single_shot_v3,4,0,0,0,0,0,finish_reason_length,edit_json_invalid,finish_reason_length,2026-07-07T11:19:06.201437Z,85b3a1d179b221c97c36e6c2
deepseek_clean::deepseek-v4-flash::fbr-3.0.0-roadmap::single_shot_v3::rep5,deepseek_clean,fbr-3.0.0-roadmap,fbr,Go,deepseek-v4-flash,single_shot_v3,deepseek_clean::deepseek-v4-flash::fbr-3.0.0-roadmap::single_shot_v3,5,0,0,0,0,0,finish_reason_length,edit_json_invalid,finish_reason_length,2026-07-07T11:19:08.904669Z,86ab9cc8c799eb212565e88a
deepseek_clean::deepseek-v4-flash::fbr-3.0.0-roadmap::single_shot_v3::rep6,deepseek_clean,fbr-3.0.0-roadmap,fbr,Go,deepseek-v4-flash,single_shot_v3,deepseek_clean::deepseek-v4-flash::fbr-3.0.0-roadmap::single_shot_v3,6,0,0,0,0,0,finish_reason_length,edit_json_invalid,finish_reason_length,2026-07-07T11:20:25.278680Z,70363ed8ad723ddd5bb0afbe
deepseek_clean::deepseek-v4-flash::fbr-3.0.0-roadmap::single_shot_v3::rep7,deepseek_clean,fbr-3.0.0-roadmap,fbr,Go,deepseek-v4-flash,single_shot_v3,deepseek_clean::deepseek-v4-flash::fbr-3.0.0-roadmap::single_shot_v3,7,0,0,0,0,0,edit_apply_failed,edit_apply_failed,edit_apply_failed,2026-07-07T11:20:51.762806Z,55cf9de34c9c9d700a1b001f
deepseek_clean::deepseek-v4-flash::fbr-3.0.0-roadmap::staged_v4::rep0,deepseek_clean,fbr-3.0.0-roadmap,fbr,Go,deepseek-v4-flash,staged_v4,deepseek_clean::deepseek-v4-flash::fbr-3.0.0-roadmap::staged_v4,0,0,0,0,0,0,stage1_plan_failed,stage_state_planned_new_files_invalid,stage1_plan_failed,2026-07-07T11:19:17.494201Z,9e3dc91bbe9faf492bb0afc5
deepseek_clean::deepseek-v4-flash::fbr-3.0.0-roadmap::staged_v4::rep1,deepseek_clean,fbr-3.0.0-roadmap,fbr,Go,deepseek-v4-flash,staged_v4,deepseek_clean::deepseek-v4-flash::fbr-3.0.0-roadmap::staged_v4,1,0,0,0,0,0,stage1_plan_failed,stage_state_existing_files_invalid,stage1_plan_failed,2026-07-07T11:19:16.357379Z,6919f08e330188e9e2af72c2
deepseek_clean::deepseek-v4-flash::fbr-3.0.0-roadmap::staged_v4::rep2,deepseek_clean,fbr-3.0.0-roadmap,fbr,Go,deepseek-v4-flash,staged_v4,deepseek_clean::deepseek-v4-flash::fbr-3.0.0-roadmap::staged_v4,2,0,0,0,0,0,stage1_plan_failed,stage_state_existing_files_invalid,stage1_plan_failed,2026-07-07T11:19:24.797275Z,d995127fe4f535d706376fd5
deepseek_clean::deepseek-v4-flash::fbr-3.0.0-roadmap::staged_v4::rep3,deepseek_clean,fbr-3.0.0-roadmap,fbr,Go,deepseek-v4-flash,staged_v4,deepseek_clean::deepseek-v4-flash::fbr-3.0.0-roadmap::staged_v4,3,0,0,0,0,0,stage1_plan_failed,stage_state_existing_files_invalid,stage1_plan_failed,2026-07-07T11:19:24.746531Z,8de970eabbb0bb0fbfece5a5
deepseek_clean::deepseek-v4-flash::fbr-3.0.0-roadmap::staged_v4::rep4,deepseek_clean,fbr-3.0.0-roadmap,fbr,Go,deepseek-v4-flash,staged_v4,deepseek_clean::deepseek-v4-flash::fbr-3.0.0-roadmap::staged_v4,4,0,0,0,0,0,stage1_plan_failed,stage_state_existing_files_invalid,stage1_plan_failed,2026-07-07T11:19:32.141518Z,4af7fed399ae007792bb08b3
deepseek_clean::deepseek-v4-flash::fbr-3.0.0-roadmap::staged_v4::rep5,deepseek_clean,fbr-3.0.0-roadmap,fbr,Go,deepseek-v4-flash,staged_v4,deepseek_clean::deepseek-v4-flash::fbr-3.0.0-roadmap::staged_v4,5,0,0,0,0,0,stage1_plan_failed,stage_state_existing_files_invalid,stage1_plan_failed,2026-07-07T11:19:34.105331Z,1665e89d7680bd269ea1e3e0
deepseek_clean::deepseek-v4-flash::fbr-3.0.0-roadmap::staged_v4::rep6,deepseek_clean,fbr-3.0.0-roadmap,fbr,Go,deepseek-v4-flash,staged_v4,deepseek_clean::deepseek-v4-flash::fbr-3.0.0-roadmap::staged_v4,6,0,0,0,0,0,stage1_plan_failed,stage_state_too_many_existing_files,stage1_plan_failed,2026-07-07T11:19:43.534394Z,19b65b40fa8731f9cc9b0d02
deepseek_clean::deepseek-v4-flash::fbr-3.0.0-roadmap::staged_v4::rep7,deepseek_clean,fbr-3.0.0-roadmap,fbr,Go,deepseek-v4-flash,staged_v4,deepseek_clean::deepseek-v4-flash::fbr-3.0.0-roadmap::staged_v4,7,0,0,0,0,0,stage1_plan_failed,stage_state_planned_new_files_invalid,stage1_plan_failed,2026-07-07T11:19:43.192526Z,d38caf208411702968f8f50a
deepseek_clean::deepseek-v4-flash::fyn-2.1.0-roadmap::single_shot_v3::rep0,deepseek_clean,fyn-2.1.0-roadmap,fyn,Go,deepseek-v4-flash,single_shot_v3,deepseek_clean::deepseek-v4-flash::fyn-2.1.0-roadmap::single_shot_v3,0,0,0,0,0,0,edit_path_disallowed,edit_path_disallowed,edit_path_disallowed,2026-07-07T11:21:01.813111Z,09b365d6e8b486ae4b79eb50
deepseek_clean::deepseek-v4-flash::fyn-2.1.0-roadmap::single_shot_v3::rep1,deepseek_clean,fyn-2.1.0-roadmap,fyn,Go,deepseek-v4-flash,single_shot_v3,deepseek_clean::deepseek-v4-flash::fyn-2.1.0-roadmap::single_shot_v3,1,0,0,0,0,0,edit_apply_failed,edit_apply_failed,edit_apply_failed,2026-07-07T11:20:47.372622Z,667c0dc956e022e820f9cb6c
deepseek_clean::deepseek-v4-flash::fyn-2.1.0-roadmap::single_shot_v3::rep2,deepseek_clean,fyn-2.1.0-roadmap,fyn,Go,deepseek-v4-flash,single_shot_v3,deepseek_clean::deepseek-v4-flash::fyn-2.1.0-roadmap::single_shot_v3,2,0,0,0,0,0,edit_apply_failed,edit_apply_failed,edit_apply_failed,2026-07-07T11:21:39.196717Z,a7ebc82066389723edba6988
deepseek_clean::deepseek-v4-flash::fyn-2.1.0-roadmap::single_shot_v3::rep3,deepseek_clean,fyn-2.1.0-roadmap,fyn,Go,deepseek-v4-flash,single_shot_v3,deepseek_clean::deepseek-v4-flash::fyn-2.1.0-roadmap::single_shot_v3,3,0,0,0,0,0,edit_apply_failed,edit_apply_failed,edit_apply_failed,2026-07-07T11:22:36.294260Z,22c250aa652b87093515aae1
deepseek_clean::deepseek-v4-flash::fyn-2.1.0-roadmap::single_shot_v3::rep4,deepseek_clean,fyn-2.1.0-roadmap,fyn,Go,deepseek-v4-flash,single_shot_v3,deepseek_clean::deepseek-v4-flash::fyn-2.1.0-roadmap::single_shot_v3,4,0,0,0,0,0,edit_path_disallowed,edit_path_disallowed,edit_path_disallowed,2026-07-07T11:21:52.386225Z,48b48172848f11c3bb8bea4b
deepseek_clean::deepseek-v4-flash::fyn-2.1.0-roadmap::single_shot_v3::rep5,deepseek_clean,fyn-2.1.0-roadmap,fyn,Go,deepseek-v4-flash,single_shot_v3,deepseek_clean::deepseek-v4-flash::fyn-2.1.0-roadmap::single_shot_v3,5,0,0,0,0,0,edit_path_disallowed,edit_path_disallowed,edit_path_disallowed,2026-07-07T11:22:00.114203Z,6587e0dd3df98cd314707348
deepseek_clean::deepseek-v4-flash::fyn-2.1.0-roadmap::single_shot_v3::rep6,deepseek_clean,fyn-2.1.0-roadmap,fyn,Go,deepseek-v4-flash,single_shot_v3,deepseek_clean::deepseek-v4-flash::fyn-2.1.0-roadmap::single_shot_v3,6,1,1,1,1,0,test_failed,,,2026-07-07T13:15:23.664220Z,3bc580f49a9b6ca7a2412b90
deepseek_clean::deepseek-v4-flash::fyn-2.1.0-roadmap::single_shot_v3::rep7,deepseek_clean,fyn-2.1.0-roadmap,fyn,Go,deepseek-v4-flash,single_shot_v3,deepseek_clean::deepseek-v4-flash::fyn-2.1.0-roadmap::single_shot_v3,7,0,0,0,0,0,edit_apply_failed,edit_apply_failed,edit_apply_failed,2026-07-07T11:23:02.674774Z,6ddd43f99529ee07c29bb10c
deepseek_clean::deepseek-v4-flash::fyn-2.1.0-roadmap::staged_v4::rep0,deepseek_clean,fyn-2.1.0-roadmap,fyn,Go,deepseek-v4-flash,staged_v4,deepseek_clean::deepseek-v4-flash::fyn-2.1.0-roadmap::staged_v4,0,0,0,0,0,0,edit_apply_failed,edit_apply_failed,edit_apply_failed,2026-07-07T11:24:55.109598Z,81e191fd05a04594f0bd5178
deepseek_clean::deepseek-v4-flash::fyn-2.1.0-roadmap::staged_v4::rep1,deepseek_clean,fyn-2.1.0-roadmap,fyn,Go,deepseek-v4-flash,staged_v4,deepseek_clean::deepseek-v4-flash::fyn-2.1.0-roadmap::staged_v4,1,1,1,1,1,0,test_failed,,,2026-07-07T13:15:32.631281Z,ea0fa0fb0cc25b260a805c6e
deepseek_clean::deepseek-v4-flash::fyn-2.1.0-roadmap::staged_v4::rep2,deepseek_clean,fyn-2.1.0-roadmap,fyn,Go,deepseek-v4-flash,staged_v4,deepseek_clean::deepseek-v4-flash::fyn-2.1.0-roadmap::staged_v4,2,0,0,0,0,0,stage1_plan_failed,stage_state_too_many_existing_files,stage1_plan_failed,2026-07-07T11:22:51.536198Z,5491e65f235d6df05ff71026
deepseek_clean::deepseek-v4-flash::fyn-2.1.0-roadmap::staged_v4::rep3,deepseek_clean,fyn-2.1.0-roadmap,fyn,Go,deepseek-v4-flash,staged_v4,deepseek_clean::deepseek-v4-flash::fyn-2.1.0-roadmap::staged_v4,3,1,1,1,1,0,test_failed,,,2026-07-07T13:15:41.389711Z,f0bf43f2736fc234c1481471
deepseek_clean::deepseek-v4-flash::fyn-2.1.0-roadmap::staged_v4::rep4,deepseek_clean,fyn-2.1.0-roadmap,fyn,Go,deepseek-v4-flash,staged_v4,deepseek_clean::deepseek-v4-flash::fyn-2.1.0-roadmap::staged_v4,4,0,0,0,0,0,edit_apply_failed,edit_apply_failed,edit_apply_failed,2026-07-07T11:26:20.646325Z,8d70888da5c686e9b6090c0b
deepseek_clean::deepseek-v4-flash::fyn-2.1.0-roadmap::staged_v4::rep5,deepseek_clean,fyn-2.1.0-roadmap,fyn,Go,deepseek-v4-flash,staged_v4,deepseek_clean::deepseek-v4-flash::fyn-2.1.0-roadmap::staged_v4,5,0,0,0,0,0,stage1_plan_failed,stage_state_too_many_existing_files,stage1_plan_failed,2026-07-07T11:24:11.592557Z,a51792c27c5d4460efbe7fe5
deepseek_clean::deepseek-v4-flash::fyn-2.1.0-roadmap::staged_v4::rep6,deepseek_clean,fyn-2.1.0-roadmap,fyn,Go,deepseek-v4-flash,staged_v4,deepseek_clean::deepseek-v4-flash::fyn-2.1.0-roadmap::staged_v4,6,0,0,0,0,0,stage1_plan_failed,stage_state_edit_targets_invalid,stage1_plan_failed,2026-07-07T11:24:22.543941Z,5a1b8faf4923e8ca7650e090
deepseek_clean::deepseek-v4-flash::fyn-2.1.0-roadmap::staged_v4::rep7,deepseek_clean,fyn-2.1.0-roadmap,fyn,Go,deepseek-v4-flash,staged_v4,deepseek_clean::deepseek-v4-flash::fyn-2.1.0-roadmap::staged_v4,7,0,0,0,0,0,edit_apply_failed,edit_apply_failed,edit_apply_failed,2026-07-07T11:27:33.284839Z,dc8851438d852e0371794a0d
deepseek_clean::deepseek-v4-flash::fyn-2.7.0-roadmap::single_shot_v3::rep0,deepseek_clean,fyn-2.7.0-roadmap,fyn,Go,deepseek-v4-flash,single_shot_v3,deepseek_clean::deepseek-v4-flash::fyn-2.7.0-roadmap::single_shot_v3,0,1,1,1,1,0,test_failed,,,2026-07-07T13:16:13.048718Z,2f646d8cf5128e895fbc089a
deepseek_clean::deepseek-v4-flash::fyn-2.7.0-roadmap::single_shot_v3::rep1,deepseek_clean,fyn-2.7.0-roadmap,fyn,Go,deepseek-v4-flash,single_shot_v3,deepseek_clean::deepseek-v4-flash::fyn-2.7.0-roadmap::single_shot_v3,1,1,1,1,1,0,test_failed,,,2026-07-07T13:16:44.391093Z,b23ec31b63c18bed043e37f0
deepseek_clean::deepseek-v4-flash::fyn-2.7.0-roadmap::single_shot_v3::rep2,deepseek_clean,fyn-2.7.0-roadmap,fyn,Go,deepseek-v4-flash,single_shot_v3,deepseek_clean::deepseek-v4-flash::fyn-2.7.0-roadmap::single_shot_v3,2,0,0,0,0,0,edit_apply_failed,edit_apply_failed,edit_apply_failed,2026-07-07T11:27:38.550639Z,3a13a1d717e6c73be5e7f34c
deepseek_clean::deepseek-v4-flash::fyn-2.7.0-roadmap::single_shot_v3::rep3,deepseek_clean,fyn-2.7.0-roadmap,fyn,Go,deepseek-v4-flash,single_shot_v3,deepseek_clean::deepseek-v4-flash::fyn-2.7.0-roadmap::single_shot_v3,3,1,1,1,1,0,test_failed,,,2026-07-07T13:17:15.644035Z,34793f7b791b99a8ed656031
deepseek_clean::deepseek-v4-flash::fyn-2.7.0-roadmap::single_shot_v3::rep4,deepseek_clean,fyn-2.7.0-roadmap,fyn,Go,deepseek-v4-flash,single_shot_v3,deepseek_clean::deepseek-v4-flash::fyn-2.7.0-roadmap::single_shot_v3,4,1,1,1,1,0,test_failed,,,2026-07-07T13:17:32.642035Z,34e533265cff4ef093150d69
deepseek_clean::deepseek-v4-flash::fyn-2.7.0-roadmap::single_shot_v3::rep5,deepseek_clean,fyn-2.7.0-roadmap,fyn,Go,deepseek-v4-flash,single_shot_v3,deepseek_clean::deepseek-v4-flash::fyn-2.7.0-roadmap::single_shot_v3,5,0,0,0,0,0,edit_apply_failed,edit_apply_failed,edit_apply_failed,2026-07-07T11:29:05.180865Z,dc7048e1a15ea7112ef48bdc
deepseek_clean::deepseek-v4-flash::fyn-2.7.0-roadmap::single_shot_v3::rep6,deepseek_clean,fyn-2.7.0-roadmap,fyn,Go,deepseek-v4-flash,single_shot_v3,deepseek_clean::deepseek-v4-flash::fyn-2.7.0-roadmap::single_shot_v3,6,1,1,1,1,0,test_failed,,,2026-07-07T13:18:04.465120Z,35b43f24c867ede926e1cce0
deepseek_clean::deepseek-v4-flash::fyn-2.7.0-roadmap::single_shot_v3::rep7,deepseek_clean,fyn-2.7.0-roadmap,fyn,Go,deepseek-v4-flash,single_shot_v3,deepseek_clean::deepseek-v4-flash::fyn-2.7.0-roadmap::single_shot_v3,7,1,1,1,1,0,test_failed,,,2026-07-07T13:18:35.003074Z,4ad971445ff0810e56ad14eb
deepseek_clean::deepseek-v4-flash::fyn-2.7.0-roadmap::staged_v4::rep0,deepseek_clean,fyn-2.7.0-roadmap,fyn,Go,deepseek-v4-flash,staged_v4,deepseek_clean::deepseek-v4-flash::fyn-2.7.0-roadmap::staged_v4,0,0,0,0,0,0,stage1_plan_failed,stage1_finish_reason_length,stage1_plan_failed,2026-07-07T11:29:01.405255Z,bfda84d6de6895d85cb8192f
deepseek_clean::deepseek-v4-flash::fyn-2.7.0-roadmap::staged_v4::rep1,deepseek_clean,fyn-2.7.0-roadmap,fyn,Go,deepseek-v4-flash,staged_v4,deepseek_clean::deepseek-v4-flash::fyn-2.7.0-roadmap::staged_v4,1,0,0,0,0,0,stage1_plan_failed,stage1_finish_reason_length,stage1_plan_failed,2026-07-07T11:29:53.326921Z,78d922edae04ad19f15a41d7
deepseek_clean::deepseek-v4-flash::fyn-2.7.0-roadmap::staged_v4::rep2,deepseek_clean,fyn-2.7.0-roadmap,fyn,Go,deepseek-v4-flash,staged_v4,deepseek_clean::deepseek-v4-flash::fyn-2.7.0-roadmap::staged_v4,2,0,0,0,0,0,stage1_plan_failed,stage1_finish_reason_length,stage1_plan_failed,2026-07-07T11:29:54.828960Z,674d2b6650a1cb0b6b03b610
deepseek_clean::deepseek-v4-flash::fyn-2.7.0-roadmap::staged_v4::rep3,deepseek_clean,fyn-2.7.0-roadmap,fyn,Go,deepseek-v4-flash,staged_v4,deepseek_clean::deepseek-v4-flash::fyn-2.7.0-roadmap::staged_v4,3,0,0,0,0,0,stage1_plan_failed,stage_state_too_many_existing_files,stage1_plan_failed,2026-07-07T11:29:26.016853Z,a22afbae5695abe8cc66e5a1
deepseek_clean::deepseek-v4-flash::fyn-2.7.0-roadmap::staged_v4::rep4,deepseek_clean,fyn-2.7.0-roadmap,fyn,Go,deepseek-v4-flash,staged_v4,deepseek_clean::deepseek-v4-flash::fyn-2.7.0-roadmap::staged_v4,4,0,0,0,0,0,stage1_plan_failed,stage1_finish_reason_length,stage1_plan_failed,2026-07-07T11:30:16.109830Z,ce8c70bd3def875c52bd871a
deepseek_clean::deepseek-v4-flash::fyn-2.7.0-roadmap::staged_v4::rep5,deepseek_clean,fyn-2.7.0-roadmap,fyn,Go,deepseek-v4-flash,staged_v4,deepseek_clean::deepseek-v4-flash::fyn-2.7.0-roadmap::staged_v4,5,0,0,0,0,0,stage1_plan_failed,stage1_finish_reason_length,stage1_plan_failed,2026-07-07T11:30:19.950355Z,7f4a90ff2381357c3299d09b
deepseek_clean::deepseek-v4-flash::fyn-2.7.0-roadmap::staged_v4::rep6,deepseek_clean,fyn-2.7.0-roadmap,fyn,Go,deepseek-v4-flash,staged_v4,deepseek_clean::deepseek-v4-flash::fyn-2.7.0-roadmap::staged_v4,6,0,0,0,0,0,stage1_plan_failed,stage1_finish_reason_length,stage1_plan_failed,2026-07-07T11:30:44.068262Z,28323255ba23b07af5844770
deepseek_clean::deepseek-v4-flash::fyn-2.7.0-roadmap::staged_v4::rep7,deepseek_clean,fyn-2.7.0-roadmap,fyn,Go,deepseek-v4-flash,staged_v4,deepseek_clean::deepseek-v4-flash::fyn-2.7.0-roadmap::staged_v4,7,0,0,0,0,0,stage1_plan_failed,stage1_finish_reason_length,stage1_plan_failed,2026-07-07T11:30:47.752682Z,9a26e49581b7fc3b17e53832
deepseek_clean::deepseek-v4-flash::glz-3.0.0-roadmap::single_shot_v3::rep0,deepseek_clean,glz-3.0.0-roadmap,glz,C++,deepseek-v4-flash,single_shot_v3,deepseek_clean::deepseek-v4-flash::glz-3.0.0-roadmap::single_shot_v3,0,0,0,0,0,0,edit_apply_failed,edit_apply_failed,edit_apply_failed,2026-07-07T11:32:31.482444Z,17d466354130692c148da23a
deepseek_clean::deepseek-v4-flash::glz-3.0.0-roadmap::single_shot_v3::rep1,deepseek_clean,glz-3.0.0-roadmap,glz,C++,deepseek-v4-flash,single_shot_v3,deepseek_clean::deepseek-v4-flash::glz-3.0.0-roadmap::single_shot_v3,1,0,0,0,0,0,edit_apply_failed,edit_apply_failed,edit_apply_failed,2026-07-07T11:31:10.825538Z,b580085b1e8abfaf066e4822
deepseek_clean::deepseek-v4-flash::glz-3.0.0-roadmap::single_shot_v3::rep2,deepseek_clean,glz-3.0.0-roadmap,glz,C++,deepseek-v4-flash,single_shot_v3,deepseek_clean::deepseek-v4-flash::glz-3.0.0-roadmap::single_shot_v3,2,0,0,0,0,0,edit_apply_failed,edit_apply_failed,edit_apply_failed,2026-07-07T11:31:46.225603Z,9f53d7c3f9510d33caeb799b
deepseek_clean::deepseek-v4-flash::glz-3.0.0-roadmap::single_shot_v3::rep3,deepseek_clean,glz-3.0.0-roadmap,glz,C++,deepseek-v4-flash,single_shot_v3,deepseek_clean::deepseek-v4-flash::glz-3.0.0-roadmap::single_shot_v3,3,0,0,0,0,0,edit_apply_failed,edit_apply_failed,edit_apply_failed,2026-07-07T11:32:58.215170Z,3ca3f34c2b054081288223cb
deepseek_clean::deepseek-v4-flash::glz-3.0.0-roadmap::single_shot_v3::rep4,deepseek_clean,glz-3.0.0-roadmap,glz,C++,deepseek-v4-flash,single_shot_v3,deepseek_clean::deepseek-v4-flash::glz-3.0.0-roadmap::single_shot_v3,4,0,0,0,0,0,edit_apply_failed,edit_apply_failed,edit_apply_failed,2026-07-07T11:32:34.484304Z,bec571a017b67755ad984e98
deepseek_clean::deepseek-v4-flash::glz-3.0.0-roadmap::single_shot_v3::rep5,deepseek_clean,glz-3.0.0-roadmap,glz,C++,deepseek-v4-flash,single_shot_v3,deepseek_clean::deepseek-v4-flash::glz-3.0.0-roadmap::single_shot_v3,5,0,0,0,0,0,edit_apply_failed,edit_apply_failed,edit_apply_failed,2026-07-07T11:33:04.800442Z,a924c72d82c0e80e14056a5f
deepseek_clean::deepseek-v4-flash::glz-3.0.0-roadmap::single_shot_v3::rep6,deepseek_clean,glz-3.0.0-roadmap,glz,C++,deepseek-v4-flash,single_shot_v3,deepseek_clean::deepseek-v4-flash::glz-3.0.0-roadmap::single_shot_v3,6,0,0,0,0,0,edit_json_invalid,edit_json_invalid,edit_json_invalid,2026-07-07T11:33:21.147321Z,d29a9948c9f93be5dfc32e65
deepseek_clean::deepseek-v4-flash::glz-3.0.0-roadmap::single_shot_v3::rep7,deepseek_clean,glz-3.0.0-roadmap,glz,C++,deepseek-v4-flash,single_shot_v3,deepseek_clean::deepseek-v4-flash::glz-3.0.0-roadmap::single_shot_v3,7,0,0,0,0,0,finish_reason_length,edit_json_invalid,finish_reason_length,2026-07-07T11:36:03.656030Z,8be5a7e1f759066be9abfd95
deepseek_clean::deepseek-v4-flash::glz-3.0.0-roadmap::staged_v4::rep0,deepseek_clean,glz-3.0.0-roadmap,glz,C++,deepseek-v4-flash,staged_v4,deepseek_clean::deepseek-v4-flash::glz-3.0.0-roadmap::staged_v4,0,1,1,1,1,0,test_failed,,,2026-07-07T13:18:39.953040Z,aa6ba37453e693d2632c1fa2
deepseek_clean::deepseek-v4-flash::glz-3.0.0-roadmap::staged_v4::rep1,deepseek_clean,glz-3.0.0-roadmap,glz,C++,deepseek-v4-flash,staged_v4,deepseek_clean::deepseek-v4-flash::glz-3.0.0-roadmap::staged_v4,1,1,1,1,1,0,test_failed,,,2026-07-07T13:18:47.931139Z,fd90b6f906f2f9f60294c64b
deepseek_clean::deepseek-v4-flash::glz-3.0.0-roadmap::staged_v4::rep2,deepseek_clean,glz-3.0.0-roadmap,glz,C++,deepseek-v4-flash,staged_v4,deepseek_clean::deepseek-v4-flash::glz-3.0.0-roadmap::staged_v4,2,1,1,1,1,0,test_failed,,,2026-07-07T13:18:55.786975Z,180dc7349317ef4a537ca69f
deepseek_clean::deepseek-v4-flash::glz-3.0.0-roadmap::staged_v4::rep3,deepseek_clean,glz-3.0.0-roadmap,glz,C++,deepseek-v4-flash,staged_v4,deepseek_clean::deepseek-v4-flash::glz-3.0.0-roadmap::staged_v4,3,0,0,0,0,0,stage2_contract_failed,candidate_edit_ops_invalid,stage2_contract_failed,2026-07-07T11:35:37.343780Z,fd739e392f53a20b30c90601
deepseek_clean::deepseek-v4-flash::glz-3.0.0-roadmap::staged_v4::rep4,deepseek_clean,glz-3.0.0-roadmap,glz,C++,deepseek-v4-flash,staged_v4,deepseek_clean::deepseek-v4-flash::glz-3.0.0-roadmap::staged_v4,4,0,0,0,0,0,edit_apply_failed,edit_apply_failed,edit_apply_failed,2026-07-07T11:36:33.628818Z,1570b156499a4c14ab6922eb
deepseek_clean::deepseek-v4-flash::glz-3.0.0-roadmap::staged_v4::rep5,deepseek_clean,glz-3.0.0-roadmap,glz,C++,deepseek-v4-flash,staged_v4,deepseek_clean::deepseek-v4-flash::glz-3.0.0-roadmap::staged_v4,5,1,1,1,1,0,test_failed,,,2026-07-07T13:19:04.334835Z,4249441990f975a6720a7ca5
deepseek_clean::deepseek-v4-flash::glz-3.0.0-roadmap::staged_v4::rep6,deepseek_clean,glz-3.0.0-roadmap,glz,C++,deepseek-v4-flash,staged_v4,deepseek_clean::deepseek-v4-flash::glz-3.0.0-roadmap::staged_v4,6,1,1,1,1,0,test_failed,,,2026-07-07T13:19:12.898612Z,8423e30beebeacc4f64efaec
deepseek_clean::deepseek-v4-flash::glz-3.0.0-roadmap::staged_v4::rep7,deepseek_clean,glz-3.0.0-roadmap,glz,C++,deepseek-v4-flash,staged_v4,deepseek_clean::deepseek-v4-flash::glz-3.0.0-roadmap::staged_v4,7,0,0,0,0,0,stage2_contract_failed,candidate_edit_ops_invalid,stage2_contract_failed,2026-07-07T11:37:05.839589Z,7391d87f61f55f9ff37be137
deepseek_clean::deepseek-v4-flash::glz-4.0.0-roadmap::single_shot_v3::rep0,deepseek_clean,glz-4.0.0-roadmap,glz,C++,deepseek-v4-flash,single_shot_v3,deepseek_clean::deepseek-v4-flash::glz-4.0.0-roadmap::single_shot_v3,0,0,0,0,0,0,edit_apply_failed,edit_apply_failed,edit_apply_failed,2026-07-07T11:36:16.015651Z,ff4b1bdafe543048c2e67ed6
deepseek_clean::deepseek-v4-flash::glz-4.0.0-roadmap::single_shot_v3::rep1,deepseek_clean,glz-4.0.0-roadmap,glz,C++,deepseek-v4-flash,single_shot_v3,deepseek_clean::deepseek-v4-flash::glz-4.0.0-roadmap::single_shot_v3,1,0,0,0,0,0,edit_apply_failed,edit_apply_failed,edit_apply_failed,2026-07-07T11:36:28.716538Z,fd89c2bbfee2e48906407566
deepseek_clean::deepseek-v4-flash::glz-4.0.0-roadmap::single_shot_v3::rep2,deepseek_clean,glz-4.0.0-roadmap,glz,C++,deepseek-v4-flash,single_shot_v3,deepseek_clean::deepseek-v4-flash::glz-4.0.0-roadmap::single_shot_v3,2,1,1,1,1,0,test_failed,,,2026-07-07T13:19:43.152926Z,83896cff8b67301863c11c58
deepseek_clean::deepseek-v4-flash::glz-4.0.0-roadmap::single_shot_v3::rep3,deepseek_clean,glz-4.0.0-roadmap,glz,C++,deepseek-v4-flash,single_shot_v3,deepseek_clean::deepseek-v4-flash::glz-4.0.0-roadmap::single_shot_v3,3,0,0,0,0,0,edit_apply_failed,edit_apply_failed,edit_apply_failed,2026-07-07T11:36:48.479986Z,1e15329c32d50d26f70c32bb
deepseek_clean::deepseek-v4-flash::glz-4.0.0-roadmap::single_shot_v3::rep4,deepseek_clean,glz-4.0.0-roadmap,glz,C++,deepseek-v4-flash,single_shot_v3,deepseek_clean::deepseek-v4-flash::glz-4.0.0-roadmap::single_shot_v3,4,0,0,0,0,0,edit_apply_failed,edit_apply_failed,edit_apply_failed,2026-07-07T11:37:07.713930Z,ef4a59e5d1451076835b029b
deepseek_clean::deepseek-v4-flash::glz-4.0.0-roadmap::single_shot_v3::rep5,deepseek_clean,glz-4.0.0-roadmap,glz,C++,deepseek-v4-flash,single_shot_v3,deepseek_clean::deepseek-v4-flash::glz-4.0.0-roadmap::single_shot_v3,5,0,0,0,0,0,edit_apply_failed,edit_apply_failed,edit_apply_failed,2026-07-07T11:36:59.261467Z,83c21b53001f010c8223e88a
deepseek_clean::deepseek-v4-flash::glz-4.0.0-roadmap::single_shot_v3::rep6,deepseek_clean,glz-4.0.0-roadmap,glz,C++,deepseek-v4-flash,single_shot_v3,deepseek_clean::deepseek-v4-flash::glz-4.0.0-roadmap::single_shot_v3,6,0,0,0,0,0,edit_apply_failed,edit_apply_failed,edit_apply_failed,2026-07-07T11:37:11.335913Z,4bf85ee0c3e60c3680dd52d0
deepseek_clean::deepseek-v4-flash::glz-4.0.0-roadmap::single_shot_v3::rep7,deepseek_clean,glz-4.0.0-roadmap,glz,C++,deepseek-v4-flash,single_shot_v3,deepseek_clean::deepseek-v4-flash::glz-4.0.0-roadmap::single_shot_v3,7,0,0,0,0,0,edit_apply_failed,edit_apply_failed,edit_apply_failed,2026-07-07T11:37:18.893840Z,bf7c166e26af1441bdaed493
deepseek_clean::deepseek-v4-flash::glz-4.0.0-roadmap::staged_v4::rep0,deepseek_clean,glz-4.0.0-roadmap,glz,C++,deepseek-v4-flash,staged_v4,deepseek_clean::deepseek-v4-flash::glz-4.0.0-roadmap::staged_v4,0,0,0,0,0,0,stage2_contract_failed,stage2_edit_outside_stage_state,stage2_contract_failed,2026-07-07T11:39:08.182342Z,c7b83fbca792b73dc0806198
deepseek_clean::deepseek-v4-flash::glz-4.0.0-roadmap::staged_v4::rep1,deepseek_clean,glz-4.0.0-roadmap,glz,C++,deepseek-v4-flash,staged_v4,deepseek_clean::deepseek-v4-flash::glz-4.0.0-roadmap::staged_v4,1,0,0,0,0,0,stage2_contract_failed,stage2_edit_outside_stage_state,stage2_contract_failed,2026-07-07T11:38:10.595393Z,19f7e2b36dd79b4adfacc3bf
deepseek_clean::deepseek-v4-flash::glz-4.0.0-roadmap::staged_v4::rep2,deepseek_clean,glz-4.0.0-roadmap,glz,C++,deepseek-v4-flash,staged_v4,deepseek_clean::deepseek-v4-flash::glz-4.0.0-roadmap::staged_v4,2,0,0,0,0,0,edit_apply_failed,edit_apply_failed,edit_apply_failed,2026-07-07T11:38:06.539246Z,ccef42d9275f4c7ef09f4934
deepseek_clean::deepseek-v4-flash::glz-4.0.0-roadmap::staged_v4::rep3,deepseek_clean,glz-4.0.0-roadmap,glz,C++,deepseek-v4-flash,staged_v4,deepseek_clean::deepseek-v4-flash::glz-4.0.0-roadmap::staged_v4,3,1,1,1,1,0,test_failed,,,2026-07-07T13:20:12.592316Z,75b1f81a0f71ed605dbdba74
deepseek_clean::deepseek-v4-flash::glz-4.0.0-roadmap::staged_v4::rep4,deepseek_clean,glz-4.0.0-roadmap,glz,C++,deepseek-v4-flash,staged_v4,deepseek_clean::deepseek-v4-flash::glz-4.0.0-roadmap::staged_v4,4,0,0,0,0,0,edit_apply_failed,edit_apply_failed,edit_apply_failed,2026-07-07T11:39:00.676661Z,8ebdee8655d52cad8e643185
deepseek_clean::deepseek-v4-flash::glz-4.0.0-roadmap::staged_v4::rep5,deepseek_clean,glz-4.0.0-roadmap,glz,C++,deepseek-v4-flash,staged_v4,deepseek_clean::deepseek-v4-flash::glz-4.0.0-roadmap::staged_v4,5,1,1,1,1,0,test_failed,,,2026-07-07T13:20:47.457166Z,7c796da43f715c4e9118b2d9
deepseek_clean::deepseek-v4-flash::glz-4.0.0-roadmap::staged_v4::rep6,deepseek_clean,glz-4.0.0-roadmap,glz,C++,deepseek-v4-flash,staged_v4,deepseek_clean::deepseek-v4-flash::glz-4.0.0-roadmap::staged_v4,6,0,0,0,0,0,stage2_contract_failed,stage2_edit_outside_stage_state,stage2_contract_failed,2026-07-07T11:39:29.665145Z,250f336f76f491b142ec2205
deepseek_clean::deepseek-v4-flash::glz-4.0.0-roadmap::staged_v4::rep7,deepseek_clean,glz-4.0.0-roadmap,glz,C++,deepseek-v4-flash,staged_v4,deepseek_clean::deepseek-v4-flash::glz-4.0.0-roadmap::staged_v4,7,0,0,0,0,0,edit_apply_failed,edit_apply_failed,edit_apply_failed,2026-07-07T11:39:42.772852Z,513d71d1a583c38971cd877c
deepseek_clean::deepseek-v4-flash::ktx-0.10.0-roadmap::single_shot_v3::rep0,deepseek_clean,ktx-0.10.0-roadmap,ktx,Go,deepseek-v4-flash,single_shot_v3,deepseek_clean::deepseek-v4-flash::ktx-0.10.0-roadmap::single_shot_v3,0,0,0,0,0,0,edit_apply_failed,edit_apply_failed,edit_apply_failed,2026-07-07T11:40:40.101722Z,7762deb50b797e99baf818f1
deepseek_clean::deepseek-v4-flash::ktx-0.10.0-roadmap::single_shot_v3::rep1,deepseek_clean,ktx-0.10.0-roadmap,ktx,Go,deepseek-v4-flash,single_shot_v3,deepseek_clean::deepseek-v4-flash::ktx-0.10.0-roadmap::single_shot_v3,1,0,0,0,0,0,edit_apply_failed,edit_apply_failed,edit_apply_failed,2026-07-07T11:40:35.757919Z,5ecd2b19e217c3cf943f9257
deepseek_clean::deepseek-v4-flash::ktx-0.10.0-roadmap::single_shot_v3::rep2,deepseek_clean,ktx-0.10.0-roadmap,ktx,Go,deepseek-v4-flash,single_shot_v3,deepseek_clean::deepseek-v4-flash::ktx-0.10.0-roadmap::single_shot_v3,2,0,0,0,0,0,edit_apply_failed,edit_apply_failed,edit_apply_failed,2026-07-07T11:41:06.606519Z,1cfde2a0feed9f791c3e368b
deepseek_clean::deepseek-v4-flash::ktx-0.10.0-roadmap::single_shot_v3::rep3,deepseek_clean,ktx-0.10.0-roadmap,ktx,Go,deepseek-v4-flash,single_shot_v3,deepseek_clean::deepseek-v4-flash::ktx-0.10.0-roadmap::single_shot_v3,3,0,0,0,0,0,finish_reason_length,edit_json_invalid,finish_reason_length,2026-07-07T11:42:35.550998Z,3580e965869201bef3494cc6
deepseek_clean::deepseek-v4-flash::ktx-0.10.0-roadmap::single_shot_v3::rep4,deepseek_clean,ktx-0.10.0-roadmap,ktx,Go,deepseek-v4-flash,single_shot_v3,deepseek_clean::deepseek-v4-flash::ktx-0.10.0-roadmap::single_shot_v3,4,0,0,0,0,0,edit_apply_failed,edit_apply_failed,edit_apply_failed,2026-07-07T11:42:09.877940Z,79d8823a8847de62036338b4
deepseek_clean::deepseek-v4-flash::ktx-0.10.0-roadmap::single_shot_v3::rep5,deepseek_clean,ktx-0.10.0-roadmap,ktx,Go,deepseek-v4-flash,single_shot_v3,deepseek_clean::deepseek-v4-flash::ktx-0.10.0-roadmap::single_shot_v3,5,0,0,0,0,0,finish_reason_length,edit_json_invalid,finish_reason_length,2026-07-07T11:43:40.177543Z,732811eec1bf726b9c7a4756
deepseek_clean::deepseek-v4-flash::ktx-0.10.0-roadmap::single_shot_v3::rep6,deepseek_clean,ktx-0.10.0-roadmap,ktx,Go,deepseek-v4-flash,single_shot_v3,deepseek_clean::deepseek-v4-flash::ktx-0.10.0-roadmap::single_shot_v3,6,0,0,0,0,0,edit_apply_failed,edit_apply_failed,edit_apply_failed,2026-07-07T11:42:37.678624Z,c4cfb48ddd2dc9075eb391f4
deepseek_clean::deepseek-v4-flash::ktx-0.10.0-roadmap::single_shot_v3::rep7,deepseek_clean,ktx-0.10.0-roadmap,ktx,Go,deepseek-v4-flash,single_shot_v3,deepseek_clean::deepseek-v4-flash::ktx-0.10.0-roadmap::single_shot_v3,7,0,0,0,0,0,finish_reason_length,edit_json_invalid,finish_reason_length,2026-07-07T11:44:58.103656Z,c12639d4c5626282eb1e9a5d
deepseek_clean::deepseek-v4-flash::ktx-0.10.0-roadmap::staged_v4::rep0,deepseek_clean,ktx-0.10.0-roadmap,ktx,Go,deepseek-v4-flash,staged_v4,deepseek_clean::deepseek-v4-flash::ktx-0.10.0-roadmap::staged_v4,0,0,0,0,0,0,edit_apply_failed,edit_apply_failed,edit_apply_failed,2026-07-07T11:45:22.432387Z,5e571e3914a757aa1c3e2a02
deepseek_clean::deepseek-v4-flash::ktx-0.10.0-roadmap::staged_v4::rep1,deepseek_clean,ktx-0.10.0-roadmap,ktx,Go,deepseek-v4-flash,staged_v4,deepseek_clean::deepseek-v4-flash::ktx-0.10.0-roadmap::staged_v4,1,0,0,0,0,0,edit_apply_failed,edit_apply_failed,edit_apply_failed,2026-07-07T11:45:20.683130Z,893fc68c3a430bb778c071af
deepseek_clean::deepseek-v4-flash::ktx-0.10.0-roadmap::staged_v4::rep2,deepseek_clean,ktx-0.10.0-roadmap,ktx,Go,deepseek-v4-flash,staged_v4,deepseek_clean::deepseek-v4-flash::ktx-0.10.0-roadmap::staged_v4,2,0,0,0,0,0,edit_apply_failed,edit_apply_failed,edit_apply_failed,2026-07-07T11:46:24.799352Z,230aea8affe129a30c0b4886
deepseek_clean::deepseek-v4-flash::ktx-0.10.0-roadmap::staged_v4::rep3,deepseek_clean,ktx-0.10.0-roadmap,ktx,Go,deepseek-v4-flash,staged_v4,deepseek_clean::deepseek-v4-flash::ktx-0.10.0-roadmap::staged_v4,3,0,0,0,0,0,stage2_contract_failed,candidate_edit_ops_invalid,stage2_contract_failed,2026-07-07T11:49:44.114940Z,87d15df6b9b7d83fded58dca
deepseek_clean::deepseek-v4-flash::ktx-0.10.0-roadmap::staged_v4::rep4,deepseek_clean,ktx-0.10.0-roadmap,ktx,Go,deepseek-v4-flash,staged_v4,deepseek_clean::deepseek-v4-flash::ktx-0.10.0-roadmap::staged_v4,4,0,0,0,0,0,edit_apply_failed,edit_apply_failed,edit_apply_failed,2026-07-07T11:49:49.472340Z,4f5ecbffb98a77cf0bc3c40a
deepseek_clean::deepseek-v4-flash::ktx-0.10.0-roadmap::staged_v4::rep5,deepseek_clean,ktx-0.10.0-roadmap,ktx,Go,deepseek-v4-flash,staged_v4,deepseek_clean::deepseek-v4-flash::ktx-0.10.0-roadmap::staged_v4,5,0,0,0,0,0,edit_apply_failed,edit_apply_failed,edit_apply_failed,2026-07-07T11:47:26.889590Z,d6b4e24cbeb0015521ead4b6
deepseek_clean::deepseek-v4-flash::ktx-0.10.0-roadmap::staged_v4::rep6,deepseek_clean,ktx-0.10.0-roadmap,ktx,Go,deepseek-v4-flash,staged_v4,deepseek_clean::deepseek-v4-flash::ktx-0.10.0-roadmap::staged_v4,6,0,0,0,0,0,edit_apply_failed,edit_apply_failed,edit_apply_failed,2026-07-07T11:50:44.905546Z,7dbec1b6aa22575ece9cf275
deepseek_clean::deepseek-v4-flash::ktx-0.10.0-roadmap::staged_v4::rep7,deepseek_clean,ktx-0.10.0-roadmap,ktx,Go,deepseek-v4-flash,staged_v4,deepseek_clean::deepseek-v4-flash::ktx-0.10.0-roadmap::staged_v4,7,0,0,0,0,0,stage2_contract_failed,stage2_edit_outside_stage_state,stage2_contract_failed,2026-07-07T11:50:13.655234Z,9368dd3fc14947c907bb01c8
deepseek_clean::deepseek-v4-flash::mko-3.0.0-roadmap::single_shot_v3::rep0,deepseek_clean,mko-3.0.0-roadmap,mko,TypeScript,deepseek-v4-flash,single_shot_v3,deepseek_clean::deepseek-v4-flash::mko-3.0.0-roadmap::single_shot_v3,0,1,1,1,1,0,test_failed,,,2026-07-07T13:21:30.690084Z,821d864650be1a1323b628ea
deepseek_clean::deepseek-v4-flash::mko-3.0.0-roadmap::single_shot_v3::rep1,deepseek_clean,mko-3.0.0-roadmap,mko,TypeScript,deepseek-v4-flash,single_shot_v3,deepseek_clean::deepseek-v4-flash::mko-3.0.0-roadmap::single_shot_v3,1,1,1,1,1,0,test_failed,,,2026-07-07T13:22:14.076998Z,e2120315cc0de4c5e4972d61
deepseek_clean::deepseek-v4-flash::mko-3.0.0-roadmap::single_shot_v3::rep2,deepseek_clean,mko-3.0.0-roadmap,mko,TypeScript,deepseek-v4-flash,single_shot_v3,deepseek_clean::deepseek-v4-flash::mko-3.0.0-roadmap::single_shot_v3,2,1,1,1,1,0,test_failed,,,2026-07-07T13:22:58.944088Z,6bc6629efee050b59d73deed
deepseek_clean::deepseek-v4-flash::mko-3.0.0-roadmap::single_shot_v3::rep3,deepseek_clean,mko-3.0.0-roadmap,mko,TypeScript,deepseek-v4-flash,single_shot_v3,deepseek_clean::deepseek-v4-flash::mko-3.0.0-roadmap::single_shot_v3,3,1,1,1,1,0,test_failed,,,2026-07-07T13:23:47.330740Z,6d47c1e96a5ec1fa41fb4482
deepseek_clean::deepseek-v4-flash::mko-3.0.0-roadmap::single_shot_v3::rep4,deepseek_clean,mko-3.0.0-roadmap,mko,TypeScript,deepseek-v4-flash,single_shot_v3,deepseek_clean::deepseek-v4-flash::mko-3.0.0-roadmap::single_shot_v3,4,1,1,1,1,0,test_failed,,,2026-07-07T13:24:29.572119Z,f836623c550b93f3744d007b
deepseek_clean::deepseek-v4-flash::mko-3.0.0-roadmap::single_shot_v3::rep5,deepseek_clean,mko-3.0.0-roadmap,mko,TypeScript,deepseek-v4-flash,single_shot_v3,deepseek_clean::deepseek-v4-flash::mko-3.0.0-roadmap::single_shot_v3,5,1,1,1,1,0,test_failed,,,2026-07-07T13:25:11.654266Z,4816cdb6bef9a35e601d0bc9
deepseek_clean::deepseek-v4-flash::mko-3.0.0-roadmap::single_shot_v3::rep6,deepseek_clean,mko-3.0.0-roadmap,mko,TypeScript,deepseek-v4-flash,single_shot_v3,deepseek_clean::deepseek-v4-flash::mko-3.0.0-roadmap::single_shot_v3,6,1,1,1,1,0,test_failed,,,2026-07-07T13:25:55.508020Z,0cd3f4ec6a4a21e27e44a05c
deepseek_clean::deepseek-v4-flash::mko-3.0.0-roadmap::single_shot_v3::rep7,deepseek_clean,mko-3.0.0-roadmap,mko,TypeScript,deepseek-v4-flash,single_shot_v3,deepseek_clean::deepseek-v4-flash::mko-3.0.0-roadmap::single_shot_v3,7,1,1,1,1,0,test_failed,,,2026-07-07T13:26:38.091453Z,18845d01d75bf45f6526dc04
deepseek_clean::deepseek-v4-flash::mko-3.0.0-roadmap::staged_v4::rep0,deepseek_clean,mko-3.0.0-roadmap,mko,TypeScript,deepseek-v4-flash,staged_v4,deepseek_clean::deepseek-v4-flash::mko-3.0.0-roadmap::staged_v4,0,1,1,1,1,0,test_failed,,,2026-07-07T13:27:19.687796Z,061e3766b8e8feb0ae0e691c
deepseek_clean::deepseek-v4-flash::mko-3.0.0-roadmap::staged_v4::rep1,deepseek_clean,mko-3.0.0-roadmap,mko,TypeScript,deepseek-v4-flash,staged_v4,deepseek_clean::deepseek-v4-flash::mko-3.0.0-roadmap::staged_v4,1,1,1,1,1,0,test_failed,,,2026-07-07T13:27:59.952417Z,1d678b676b71c15119997825
deepseek_clean::deepseek-v4-flash::mko-3.0.0-roadmap::staged_v4::rep2,deepseek_clean,mko-3.0.0-roadmap,mko,TypeScript,deepseek-v4-flash,staged_v4,deepseek_clean::deepseek-v4-flash::mko-3.0.0-roadmap::staged_v4,2,1,1,1,1,0,test_failed,,,2026-07-07T13:28:41.149537Z,c0d76519668c088f163c6533
deepseek_clean::deepseek-v4-flash::mko-3.0.0-roadmap::staged_v4::rep3,deepseek_clean,mko-3.0.0-roadmap,mko,TypeScript,deepseek-v4-flash,staged_v4,deepseek_clean::deepseek-v4-flash::mko-3.0.0-roadmap::staged_v4,3,0,0,0,0,0,stage2_contract_failed,stage2_edit_outside_stage_state,stage2_contract_failed,2026-07-07T11:52:41.865872Z,19350ee59de60e8ff6075933
deepseek_clean::deepseek-v4-flash::mko-3.0.0-roadmap::staged_v4::rep4,deepseek_clean,mko-3.0.0-roadmap,mko,TypeScript,deepseek-v4-flash,staged_v4,deepseek_clean::deepseek-v4-flash::mko-3.0.0-roadmap::staged_v4,4,1,1,1,1,0,test_failed,,,2026-07-07T13:29:25.254830Z,b7047d769a85e90f63a01320
deepseek_clean::deepseek-v4-flash::mko-3.0.0-roadmap::staged_v4::rep5,deepseek_clean,mko-3.0.0-roadmap,mko,TypeScript,deepseek-v4-flash,staged_v4,deepseek_clean::deepseek-v4-flash::mko-3.0.0-roadmap::staged_v4,5,1,1,1,1,0,test_failed,,,2026-07-07T13:30:05.595045Z,f35978cdc66a91fe208f92fd
deepseek_clean::deepseek-v4-flash::mko-3.0.0-roadmap::staged_v4::rep6,deepseek_clean,mko-3.0.0-roadmap,mko,TypeScript,deepseek-v4-flash,staged_v4,deepseek_clean::deepseek-v4-flash::mko-3.0.0-roadmap::staged_v4,6,0,0,0,0,0,stage2_contract_failed,stage2_edit_outside_stage_state,stage2_contract_failed,2026-07-07T11:53:33.185318Z,f5534f09216ad585e9bfdce2
deepseek_clean::deepseek-v4-flash::mko-3.0.0-roadmap::staged_v4::rep7,deepseek_clean,mko-3.0.0-roadmap,mko,TypeScript,deepseek-v4-flash,staged_v4,deepseek_clean::deepseek-v4-flash::mko-3.0.0-roadmap::staged_v4,7,1,1,1,1,0,test_failed,,,2026-07-07T13:30:47.368943Z,446753dc328b763b984f5a93
deepseek_clean::deepseek-v4-flash::mko-4.0.0-roadmap::single_shot_v3::rep0,deepseek_clean,mko-4.0.0-roadmap,mko,TypeScript,deepseek-v4-flash,single_shot_v3,deepseek_clean::deepseek-v4-flash::mko-4.0.0-roadmap::single_shot_v3,0,0,0,0,0,0,edit_apply_failed,edit_apply_failed,edit_apply_failed,2026-07-07T11:53:49.542991Z,3c09708ea1bb4bd44ccf8b60
deepseek_clean::deepseek-v4-flash::mko-4.0.0-roadmap::single_shot_v3::rep1,deepseek_clean,mko-4.0.0-roadmap,mko,TypeScript,deepseek-v4-flash,single_shot_v3,deepseek_clean::deepseek-v4-flash::mko-4.0.0-roadmap::single_shot_v3,1,0,0,0,0,0,edit_json_invalid,edit_json_invalid,edit_json_invalid,2026-07-07T11:53:54.166707Z,af70e6ef915854a2d91a5d6a
deepseek_clean::deepseek-v4-flash::mko-4.0.0-roadmap::single_shot_v3::rep2,deepseek_clean,mko-4.0.0-roadmap,mko,TypeScript,deepseek-v4-flash,single_shot_v3,deepseek_clean::deepseek-v4-flash::mko-4.0.0-roadmap::single_shot_v3,2,0,0,0,0,0,edit_apply_failed,edit_apply_failed,edit_apply_failed,2026-07-07T11:53:45.823918Z,7150d1c2b6768946a62a40b6
deepseek_clean::deepseek-v4-flash::mko-4.0.0-roadmap::single_shot_v3::rep3,deepseek_clean,mko-4.0.0-roadmap,mko,TypeScript,deepseek-v4-flash,single_shot_v3,deepseek_clean::deepseek-v4-flash::mko-4.0.0-roadmap::single_shot_v3,3,1,1,1,1,0,test_failed,,,2026-07-07T13:31:46.496218Z,f8eb86c0a675b1cd14d70394
deepseek_clean::deepseek-v4-flash::mko-4.0.0-roadmap::single_shot_v3::rep4,deepseek_clean,mko-4.0.0-roadmap,mko,TypeScript,deepseek-v4-flash,single_shot_v3,deepseek_clean::deepseek-v4-flash::mko-4.0.0-roadmap::single_shot_v3,4,0,0,0,0,0,edit_json_invalid,edit_json_invalid,edit_json_invalid,2026-07-07T11:54:04.852265Z,211110cd0381c4b598a2aebc
deepseek_clean::deepseek-v4-flash::mko-4.0.0-roadmap::single_shot_v3::rep5,deepseek_clean,mko-4.0.0-roadmap,mko,TypeScript,deepseek-v4-flash,single_shot_v3,deepseek_clean::deepseek-v4-flash::mko-4.0.0-roadmap::single_shot_v3,5,0,0,0,0,0,edit_apply_failed,edit_apply_failed,edit_apply_failed,2026-07-07T11:54:04.272306Z,6fbb33a495ccf09243b8510d
deepseek_clean::deepseek-v4-flash::mko-4.0.0-roadmap::single_shot_v3::rep6,deepseek_clean,mko-4.0.0-roadmap,mko,TypeScript,deepseek-v4-flash,single_shot_v3,deepseek_clean::deepseek-v4-flash::mko-4.0.0-roadmap::single_shot_v3,6,1,1,1,1,0,test_failed,,,2026-07-07T13:32:45.180160Z,50b7dabccd0ac2961df7cede
deepseek_clean::deepseek-v4-flash::mko-4.0.0-roadmap::single_shot_v3::rep7,deepseek_clean,mko-4.0.0-roadmap,mko,TypeScript,deepseek-v4-flash,single_shot_v3,deepseek_clean::deepseek-v4-flash::mko-4.0.0-roadmap::single_shot_v3,7,0,0,0,0,0,edit_json_invalid,edit_json_invalid,edit_json_invalid,2026-07-07T11:54:19.610104Z,fbc820ece4e155a2cf23d572
deepseek_clean::deepseek-v4-flash::mko-4.0.0-roadmap::staged_v4::rep0,deepseek_clean,mko-4.0.0-roadmap,mko,TypeScript,deepseek-v4-flash,staged_v4,deepseek_clean::deepseek-v4-flash::mko-4.0.0-roadmap::staged_v4,0,0,0,0,0,0,stage1_plan_failed,stage_state_too_many_existing_files,stage1_plan_failed,2026-07-07T11:54:43.404538Z,0d6c96f2a6c9d7e954c3b3be
deepseek_clean::deepseek-v4-flash::mko-4.0.0-roadmap::staged_v4::rep1,deepseek_clean,mko-4.0.0-roadmap,mko,TypeScript,deepseek-v4-flash,staged_v4,deepseek_clean::deepseek-v4-flash::mko-4.0.0-roadmap::staged_v4,1,0,0,0,0,0,stage1_plan_failed,stage_state_too_many_existing_files,stage1_plan_failed,2026-07-07T11:54:31.072313Z,135b3c3ddb4f05722f90a285
deepseek_clean::deepseek-v4-flash::mko-4.0.0-roadmap::staged_v4::rep2,deepseek_clean,mko-4.0.0-roadmap,mko,TypeScript,deepseek-v4-flash,staged_v4,deepseek_clean::deepseek-v4-flash::mko-4.0.0-roadmap::staged_v4,2,0,0,0,0,0,stage1_plan_failed,stage_state_too_many_existing_files,stage1_plan_failed,2026-07-07T11:54:52.160921Z,4ed9a644c2e7d1a198e22feb
deepseek_clean::deepseek-v4-flash::mko-4.0.0-roadmap::staged_v4::rep3,deepseek_clean,mko-4.0.0-roadmap,mko,TypeScript,deepseek-v4-flash,staged_v4,deepseek_clean::deepseek-v4-flash::mko-4.0.0-roadmap::staged_v4,3,0,0,0,0,0,stage1_plan_failed,stage_state_too_many_existing_files,stage1_plan_failed,2026-07-07T11:54:48.376597Z,47b671ce6b188538acc1d317
deepseek_clean::deepseek-v4-flash::mko-4.0.0-roadmap::staged_v4::rep4,deepseek_clean,mko-4.0.0-roadmap,mko,TypeScript,deepseek-v4-flash,staged_v4,deepseek_clean::deepseek-v4-flash::mko-4.0.0-roadmap::staged_v4,4,0,0,0,0,0,stage1_plan_failed,stage_state_too_many_existing_files,stage1_plan_failed,2026-07-07T11:55:32.269421Z,6d82c517f4b7c5d4175794a7
deepseek_clean::deepseek-v4-flash::mko-4.0.0-roadmap::staged_v4::rep5,deepseek_clean,mko-4.0.0-roadmap,mko,TypeScript,deepseek-v4-flash,staged_v4,deepseek_clean::deepseek-v4-flash::mko-4.0.0-roadmap::staged_v4,5,0,0,0,0,0,stage1_plan_failed,stage_state_too_many_existing_files,stage1_plan_failed,2026-07-07T11:55:23.868556Z,03ee620c391f7aadf9c110d2
deepseek_clean::deepseek-v4-flash::mko-4.0.0-roadmap::staged_v4::rep6,deepseek_clean,mko-4.0.0-roadmap,mko,TypeScript,deepseek-v4-flash,staged_v4,deepseek_clean::deepseek-v4-flash::mko-4.0.0-roadmap::staged_v4,6,0,0,0,0,0,stage1_plan_failed,stage_state_too_many_existing_files,stage1_plan_failed,2026-07-07T11:55:14.566287Z,c1fbc07d6958c5862b47c311
deepseek_clean::deepseek-v4-flash::mko-4.0.0-roadmap::staged_v4::rep7,deepseek_clean,mko-4.0.0-roadmap,mko,TypeScript,deepseek-v4-flash,staged_v4,deepseek_clean::deepseek-v4-flash::mko-4.0.0-roadmap::staged_v4,7,0,0,0,0,0,stage1_plan_failed,stage_state_too_many_existing_files,stage1_plan_failed,2026-07-07T11:55:30.144841Z,201139bd41a6cd7ff67ef4d4
deepseek_clean::deepseek-v4-flash::mko-4.1.0-roadmap::single_shot_v3::rep0,deepseek_clean,mko-4.1.0-roadmap,mko,TypeScript,deepseek-v4-flash,single_shot_v3,deepseek_clean::deepseek-v4-flash::mko-4.1.0-roadmap::single_shot_v3,0,1,1,1,1,0,test_failed,,,2026-07-07T13:33:57.765077Z,30fd75d9700a4267f06c6230
deepseek_clean::deepseek-v4-flash::mko-4.1.0-roadmap::single_shot_v3::rep1,deepseek_clean,mko-4.1.0-roadmap,mko,TypeScript,deepseek-v4-flash,single_shot_v3,deepseek_clean::deepseek-v4-flash::mko-4.1.0-roadmap::single_shot_v3,1,0,0,0,0,0,edit_apply_failed,edit_apply_failed,edit_apply_failed,2026-07-07T11:55:42.918871Z,35302f28f7f0f480ef8e67ae
deepseek_clean::deepseek-v4-flash::mko-4.1.0-roadmap::single_shot_v3::rep2,deepseek_clean,mko-4.1.0-roadmap,mko,TypeScript,deepseek-v4-flash,single_shot_v3,deepseek_clean::deepseek-v4-flash::mko-4.1.0-roadmap::single_shot_v3,2,0,0,0,0,0,edit_apply_failed,edit_apply_failed,edit_apply_failed,2026-07-07T11:55:48.450833Z,b82a90ba0f5cb93daf37dfc9
deepseek_clean::deepseek-v4-flash::mko-4.1.0-roadmap::single_shot_v3::rep3,deepseek_clean,mko-4.1.0-roadmap,mko,TypeScript,deepseek-v4-flash,single_shot_v3,deepseek_clean::deepseek-v4-flash::mko-4.1.0-roadmap::single_shot_v3,3,1,1,1,1,0,test_failed,,,2026-07-07T13:35:15.882334Z,40245bf3fbd5a4ed475ec068
deepseek_clean::deepseek-v4-flash::mko-4.1.0-roadmap::single_shot_v3::rep4,deepseek_clean,mko-4.1.0-roadmap,mko,TypeScript,deepseek-v4-flash,single_shot_v3,deepseek_clean::deepseek-v4-flash::mko-4.1.0-roadmap::single_shot_v3,4,0,0,0,0,0,edit_apply_failed,edit_apply_failed,edit_apply_failed,2026-07-07T11:55:51.017740Z,08eaa7c0fae7c3227f0abfb6
deepseek_clean::deepseek-v4-flash::mko-4.1.0-roadmap::single_shot_v3::rep5,deepseek_clean,mko-4.1.0-roadmap,mko,TypeScript,deepseek-v4-flash,single_shot_v3,deepseek_clean::deepseek-v4-flash::mko-4.1.0-roadmap::single_shot_v3,5,1,1,1,1,0,test_failed,,,2026-07-07T13:36:35.984333Z,57aa0df5ea560527b8dc0007
deepseek_clean::deepseek-v4-flash::mko-4.1.0-roadmap::single_shot_v3::rep6,deepseek_clean,mko-4.1.0-roadmap,mko,TypeScript,deepseek-v4-flash,single_shot_v3,deepseek_clean::deepseek-v4-flash::mko-4.1.0-roadmap::single_shot_v3,6,1,1,1,1,0,test_failed,,,2026-07-07T13:37:46.145538Z,94e9ba99d2785413d4d395e7
deepseek_clean::deepseek-v4-flash::mko-4.1.0-roadmap::single_shot_v3::rep7,deepseek_clean,mko-4.1.0-roadmap,mko,TypeScript,deepseek-v4-flash,single_shot_v3,deepseek_clean::deepseek-v4-flash::mko-4.1.0-roadmap::single_shot_v3,7,0,0,0,0,0,edit_apply_failed,edit_apply_failed,edit_apply_failed,2026-07-07T11:56:07.542469Z,967f98ede0c187cadffdfb38
deepseek_clean::deepseek-v4-flash::mko-4.1.0-roadmap::staged_v4::rep0,deepseek_clean,mko-4.1.0-roadmap,mko,TypeScript,deepseek-v4-flash,staged_v4,deepseek_clean::deepseek-v4-flash::mko-4.1.0-roadmap::staged_v4,0,0,0,0,0,0,edit_apply_failed,edit_apply_failed,edit_apply_failed,2026-07-07T11:56:51.262992Z,be16a4fd3ddfa4324e36959f
deepseek_clean::deepseek-v4-flash::mko-4.1.0-roadmap::staged_v4::rep1,deepseek_clean,mko-4.1.0-roadmap,mko,TypeScript,deepseek-v4-flash,staged_v4,deepseek_clean::deepseek-v4-flash::mko-4.1.0-roadmap::staged_v4,1,0,0,0,0,0,edit_apply_failed,edit_apply_failed,edit_apply_failed,2026-07-07T11:57:35.804296Z,103fc0a412f5448b4b06ed5b
deepseek_clean::deepseek-v4-flash::mko-4.1.0-roadmap::staged_v4::rep2,deepseek_clean,mko-4.1.0-roadmap,mko,TypeScript,deepseek-v4-flash,staged_v4,deepseek_clean::deepseek-v4-flash::mko-4.1.0-roadmap::staged_v4,2,0,0,0,0,0,edit_apply_failed,edit_apply_failed,edit_apply_failed,2026-07-07T11:57:34.217539Z,32f6151a5a2240ba9f023af6
deepseek_clean::deepseek-v4-flash::mko-4.1.0-roadmap::staged_v4::rep3,deepseek_clean,mko-4.1.0-roadmap,mko,TypeScript,deepseek-v4-flash,staged_v4,deepseek_clean::deepseek-v4-flash::mko-4.1.0-roadmap::staged_v4,3,0,0,0,0,0,stage1_plan_failed,stage_state_existing_files_invalid,stage1_plan_failed,2026-07-07T11:56:17.868412Z,a3481aa745749d3d7ba8a99e
deepseek_clean::deepseek-v4-flash::mko-4.1.0-roadmap::staged_v4::rep4,deepseek_clean,mko-4.1.0-roadmap,mko,TypeScript,deepseek-v4-flash,staged_v4,deepseek_clean::deepseek-v4-flash::mko-4.1.0-roadmap::staged_v4,4,0,0,0,0,0,edit_apply_failed,edit_apply_failed,edit_apply_failed,2026-07-07T11:57:36.263552Z,7259fb0e39dc8e27f39dc846
deepseek_clean::deepseek-v4-flash::mko-4.1.0-roadmap::staged_v4::rep5,deepseek_clean,mko-4.1.0-roadmap,mko,TypeScript,deepseek-v4-flash,staged_v4,deepseek_clean::deepseek-v4-flash::mko-4.1.0-roadmap::staged_v4,5,0,0,0,0,0,edit_apply_failed,edit_apply_failed,edit_apply_failed,2026-07-07T11:57:52.417671Z,9f63e1b9ae4bc52275daf0fc
deepseek_clean::deepseek-v4-flash::mko-4.1.0-roadmap::staged_v4::rep6,deepseek_clean,mko-4.1.0-roadmap,mko,TypeScript,deepseek-v4-flash,staged_v4,deepseek_clean::deepseek-v4-flash::mko-4.1.0-roadmap::staged_v4,6,0,0,0,0,0,edit_apply_failed,edit_apply_failed,edit_apply_failed,2026-07-07T11:58:48.769915Z,dce8b4c010e30b846d60fe97
deepseek_clean::deepseek-v4-flash::mko-4.1.0-roadmap::staged_v4::rep7,deepseek_clean,mko-4.1.0-roadmap,mko,TypeScript,deepseek-v4-flash,staged_v4,deepseek_clean::deepseek-v4-flash::mko-4.1.0-roadmap::staged_v4,7,0,0,0,0,0,stage1_plan_failed,stage_state_existing_files_invalid,stage1_plan_failed,2026-07-07T11:57:45.982723Z,54bc9ddaeddaaca3b83d7eb6
deepseek_clean::deepseek-v4-flash::opt-2.0.0-roadmap::single_shot_v3::rep0,deepseek_clean,opt-2.0.0-roadmap,opt,Python,deepseek-v4-flash,single_shot_v3,deepseek_clean::deepseek-v4-flash::opt-2.0.0-roadmap::single_shot_v3,0,0,0,0,0,0,edit_apply_failed,edit_apply_failed,edit_apply_failed,2026-07-07T11:58:28.350980Z,f0c18c2781b7a00a1417d05d
deepseek_clean::deepseek-v4-flash::opt-2.0.0-roadmap::single_shot_v3::rep1,deepseek_clean,opt-2.0.0-roadmap,opt,Python,deepseek-v4-flash,single_shot_v3,deepseek_clean::deepseek-v4-flash::opt-2.0.0-roadmap::single_shot_v3,1,0,0,0,0,0,edit_path_disallowed,edit_path_disallowed,edit_path_disallowed,2026-07-07T11:59:19.319209Z,fd71914782f3e0d4cfd8b132
deepseek_clean::deepseek-v4-flash::opt-2.0.0-roadmap::single_shot_v3::rep2,deepseek_clean,opt-2.0.0-roadmap,opt,Python,deepseek-v4-flash,single_shot_v3,deepseek_clean::deepseek-v4-flash::opt-2.0.0-roadmap::single_shot_v3,2,0,0,0,0,0,edit_path_disallowed,edit_path_disallowed,edit_path_disallowed,2026-07-07T11:58:40.113367Z,3b5148d4e5686bd3ca1ea7a4
deepseek_clean::deepseek-v4-flash::opt-2.0.0-roadmap::single_shot_v3::rep3,deepseek_clean,opt-2.0.0-roadmap,opt,Python,deepseek-v4-flash,single_shot_v3,deepseek_clean::deepseek-v4-flash::opt-2.0.0-roadmap::single_shot_v3,3,0,0,0,0,0,edit_apply_failed,edit_apply_failed,edit_apply_failed,2026-07-07T11:59:06.108307Z,99bf7d7034dd52b0b2a0f824
deepseek_clean::deepseek-v4-flash::opt-2.0.0-roadmap::single_shot_v3::rep4,deepseek_clean,opt-2.0.0-roadmap,opt,Python,deepseek-v4-flash,single_shot_v3,deepseek_clean::deepseek-v4-flash::opt-2.0.0-roadmap::single_shot_v3,4,0,0,0,0,0,edit_path_disallowed,edit_path_disallowed,edit_path_disallowed,2026-07-07T11:59:21.328111Z,e367bb53a4f532b0eca8b02d
deepseek_clean::deepseek-v4-flash::opt-2.0.0-roadmap::single_shot_v3::rep5,deepseek_clean,opt-2.0.0-roadmap,opt,Python,deepseek-v4-flash,single_shot_v3,deepseek_clean::deepseek-v4-flash::opt-2.0.0-roadmap::single_shot_v3,5,0,0,0,0,0,edit_path_disallowed,edit_path_disallowed,edit_path_disallowed,2026-07-07T11:59:34.587195Z,61468c7a52b411c31537c91e
deepseek_clean::deepseek-v4-flash::opt-2.0.0-roadmap::single_shot_v3::rep6,deepseek_clean,opt-2.0.0-roadmap,opt,Python,deepseek-v4-flash,single_shot_v3,deepseek_clean::deepseek-v4-flash::opt-2.0.0-roadmap::single_shot_v3,6,0,0,0,0,0,edit_apply_failed,edit_apply_failed,edit_apply_failed,2026-07-07T11:59:49.878138Z,3c065865ed363753a258945b
deepseek_clean::deepseek-v4-flash::opt-2.0.0-roadmap::single_shot_v3::rep7,deepseek_clean,opt-2.0.0-roadmap,opt,Python,deepseek-v4-flash,single_shot_v3,deepseek_clean::deepseek-v4-flash::opt-2.0.0-roadmap::single_shot_v3,7,0,0,0,0,0,edit_apply_failed,edit_apply_failed,edit_apply_failed,2026-07-07T12:00:08.115486Z,fb8bd6f720ccbf42e3d8f744
deepseek_clean::deepseek-v4-flash::opt-2.0.0-roadmap::staged_v4::rep0,deepseek_clean,opt-2.0.0-roadmap,opt,Python,deepseek-v4-flash,staged_v4,deepseek_clean::deepseek-v4-flash::opt-2.0.0-roadmap::staged_v4,0,0,0,0,0,0,stage1_plan_failed,stage_state_existing_files_invalid,stage1_plan_failed,2026-07-07T11:59:29.696227Z,fce8a5fcd2caf0b951fb5337
deepseek_clean::deepseek-v4-flash::opt-2.0.0-roadmap::staged_v4::rep1,deepseek_clean,opt-2.0.0-roadmap,opt,Python,deepseek-v4-flash,staged_v4,deepseek_clean::deepseek-v4-flash::opt-2.0.0-roadmap::staged_v4,1,0,0,0,0,0,stage1_plan_failed,stage_state_existing_files_invalid,stage1_plan_failed,2026-07-07T11:59:38.560943Z,baad42d3a6eb6f41d30cc077
deepseek_clean::deepseek-v4-flash::opt-2.0.0-roadmap::staged_v4::rep2,deepseek_clean,opt-2.0.0-roadmap,opt,Python,deepseek-v4-flash,staged_v4,deepseek_clean::deepseek-v4-flash::opt-2.0.0-roadmap::staged_v4,2,0,0,0,0,0,stage1_plan_failed,stage_state_existing_files_invalid,stage1_plan_failed,2026-07-07T11:59:43.473048Z,d1e8186159c49aa646a66e12
deepseek_clean::deepseek-v4-flash::opt-2.0.0-roadmap::staged_v4::rep3,deepseek_clean,opt-2.0.0-roadmap,opt,Python,deepseek-v4-flash,staged_v4,deepseek_clean::deepseek-v4-flash::opt-2.0.0-roadmap::staged_v4,3,0,0,0,0,0,stage1_plan_failed,stage_state_existing_files_invalid,stage1_plan_failed,2026-07-07T11:59:47.621316Z,6bd9e5d5447f138ed898d4c9
deepseek_clean::deepseek-v4-flash::opt-2.0.0-roadmap::staged_v4::rep4,deepseek_clean,opt-2.0.0-roadmap,opt,Python,deepseek-v4-flash,staged_v4,deepseek_clean::deepseek-v4-flash::opt-2.0.0-roadmap::staged_v4,4,0,0,0,0,0,stage1_plan_failed,stage_state_existing_files_invalid,stage1_plan_failed,2026-07-07T11:59:52.796812Z,e0e61ffb57c6590b1711fb23
deepseek_clean::deepseek-v4-flash::opt-2.0.0-roadmap::staged_v4::rep5,deepseek_clean,opt-2.0.0-roadmap,opt,Python,deepseek-v4-flash,staged_v4,deepseek_clean::deepseek-v4-flash::opt-2.0.0-roadmap::staged_v4,5,0,0,0,0,0,stage1_plan_failed,stage_state_existing_files_invalid,stage1_plan_failed,2026-07-07T11:59:55.888216Z,6e687ab2680e213c457b1842
deepseek_clean::deepseek-v4-flash::opt-2.0.0-roadmap::staged_v4::rep6,deepseek_clean,opt-2.0.0-roadmap,opt,Python,deepseek-v4-flash,staged_v4,deepseek_clean::deepseek-v4-flash::opt-2.0.0-roadmap::staged_v4,6,0,0,0,0,0,stage1_plan_failed,stage_state_existing_files_invalid,stage1_plan_failed,2026-07-07T11:59:59.186144Z,ee3dcb302dd46642dab06258
deepseek_clean::deepseek-v4-flash::opt-2.0.0-roadmap::staged_v4::rep7,deepseek_clean,opt-2.0.0-roadmap,opt,Python,deepseek-v4-flash,staged_v4,deepseek_clean::deepseek-v4-flash::opt-2.0.0-roadmap::staged_v4,7,0,0,0,0,0,stage1_plan_failed,stage_state_existing_files_invalid,stage1_plan_failed,2026-07-07T12:00:01.081199Z,1cf5cb50219015b76b5409a4
deepseek_clean::deepseek-v4-flash::opt-3.0.0-roadmap::single_shot_v3::rep0,deepseek_clean,opt-3.0.0-roadmap,opt,Python,deepseek-v4-flash,single_shot_v3,deepseek_clean::deepseek-v4-flash::opt-3.0.0-roadmap::single_shot_v3,0,0,0,0,0,0,edit_apply_failed,edit_apply_failed,edit_apply_failed,2026-07-07T12:02:38.572752Z,86ac1b811740dec92b17fe8f
deepseek_clean::deepseek-v4-flash::opt-3.0.0-roadmap::single_shot_v3::rep1,deepseek_clean,opt-3.0.0-roadmap,opt,Python,deepseek-v4-flash,single_shot_v3,deepseek_clean::deepseek-v4-flash::opt-3.0.0-roadmap::single_shot_v3,1,0,0,0,0,0,edit_apply_failed,edit_apply_failed,edit_apply_failed,2026-07-07T12:02:42.327397Z,4688648a29373d544c3fb13c
deepseek_clean::deepseek-v4-flash::opt-3.0.0-roadmap::single_shot_v3::rep2,deepseek_clean,opt-3.0.0-roadmap,opt,Python,deepseek-v4-flash,single_shot_v3,deepseek_clean::deepseek-v4-flash::opt-3.0.0-roadmap::single_shot_v3,2,0,0,0,0,0,edit_apply_failed,edit_apply_failed,edit_apply_failed,2026-07-07T12:02:57.264583Z,b79e0d04e2fac238695825b9
deepseek_clean::deepseek-v4-flash::opt-3.0.0-roadmap::single_shot_v3::rep3,deepseek_clean,opt-3.0.0-roadmap,opt,Python,deepseek-v4-flash,single_shot_v3,deepseek_clean::deepseek-v4-flash::opt-3.0.0-roadmap::single_shot_v3,3,0,0,0,0,0,edit_apply_failed,edit_apply_failed,edit_apply_failed,2026-07-07T12:01:48.534355Z,6c705e9217bfd4f5a2c5c70a
deepseek_clean::deepseek-v4-flash::opt-3.0.0-roadmap::single_shot_v3::rep4,deepseek_clean,opt-3.0.0-roadmap,opt,Python,deepseek-v4-flash,single_shot_v3,deepseek_clean::deepseek-v4-flash::opt-3.0.0-roadmap::single_shot_v3,4,0,0,0,0,0,edit_apply_failed,edit_apply_failed,edit_apply_failed,2026-07-07T12:04:13.644780Z,cb251a9a504e1e672177e863
deepseek_clean::deepseek-v4-flash::opt-3.0.0-roadmap::single_shot_v3::rep5,deepseek_clean,opt-3.0.0-roadmap,opt,Python,deepseek-v4-flash,single_shot_v3,deepseek_clean::deepseek-v4-flash::opt-3.0.0-roadmap::single_shot_v3,5,0,0,0,0,0,edit_apply_failed,edit_apply_failed,edit_apply_failed,2026-07-07T12:04:08.083219Z,5fd27624be3d4d01c109c2c5
deepseek_clean::deepseek-v4-flash::opt-3.0.0-roadmap::single_shot_v3::rep6,deepseek_clean,opt-3.0.0-roadmap,opt,Python,deepseek-v4-flash,single_shot_v3,deepseek_clean::deepseek-v4-flash::opt-3.0.0-roadmap::single_shot_v3,6,0,0,0,0,0,edit_apply_failed,edit_apply_failed,edit_apply_failed,2026-07-07T12:05:03.888298Z,6e9cdbd78a576f1cd45ed566
deepseek_clean::deepseek-v4-flash::opt-3.0.0-roadmap::single_shot_v3::rep7,deepseek_clean,opt-3.0.0-roadmap,opt,Python,deepseek-v4-flash,single_shot_v3,deepseek_clean::deepseek-v4-flash::opt-3.0.0-roadmap::single_shot_v3,7,0,0,0,0,0,edit_apply_failed,edit_apply_failed,edit_apply_failed,2026-07-07T12:05:44.169555Z,bd42f552e3b852c0fd517ecd
deepseek_clean::deepseek-v4-flash::opt-3.0.0-roadmap::staged_v4::rep0,deepseek_clean,opt-3.0.0-roadmap,opt,Python,deepseek-v4-flash,staged_v4,deepseek_clean::deepseek-v4-flash::opt-3.0.0-roadmap::staged_v4,0,0,0,0,0,0,edit_apply_failed,edit_apply_failed,edit_apply_failed,2026-07-07T12:08:24.327171Z,2565aab7aab5429d202dce4b
deepseek_clean::deepseek-v4-flash::opt-3.0.0-roadmap::staged_v4::rep1,deepseek_clean,opt-3.0.0-roadmap,opt,Python,deepseek-v4-flash,staged_v4,deepseek_clean::deepseek-v4-flash::opt-3.0.0-roadmap::staged_v4,1,0,0,0,0,0,edit_apply_failed,edit_apply_failed,edit_apply_failed,2026-07-07T12:07:27.970389Z,5cfd85482fe6f29995d227fd
deepseek_clean::deepseek-v4-flash::opt-3.0.0-roadmap::staged_v4::rep2,deepseek_clean,opt-3.0.0-roadmap,opt,Python,deepseek-v4-flash,staged_v4,deepseek_clean::deepseek-v4-flash::opt-3.0.0-roadmap::staged_v4,2,0,0,0,0,0,edit_apply_failed,edit_apply_failed,edit_apply_failed,2026-07-07T12:09:32.092746Z,8a6e8ed71240081c030b06f9
deepseek_clean::deepseek-v4-flash::opt-3.0.0-roadmap::staged_v4::rep3,deepseek_clean,opt-3.0.0-roadmap,opt,Python,deepseek-v4-flash,staged_v4,deepseek_clean::deepseek-v4-flash::opt-3.0.0-roadmap::staged_v4,3,0,0,0,0,0,edit_apply_failed,edit_apply_failed,edit_apply_failed,2026-07-07T12:08:47.302576Z,5006fb713ef29718c5a235b9
deepseek_clean::deepseek-v4-flash::opt-3.0.0-roadmap::staged_v4::rep4,deepseek_clean,opt-3.0.0-roadmap,opt,Python,deepseek-v4-flash,staged_v4,deepseek_clean::deepseek-v4-flash::opt-3.0.0-roadmap::staged_v4,4,0,0,0,0,0,edit_apply_failed,edit_apply_failed,edit_apply_failed,2026-07-07T12:12:25.619326Z,c4a49475e5fe7f5a4c5fc5b9
deepseek_clean::deepseek-v4-flash::opt-3.0.0-roadmap::staged_v4::rep5,deepseek_clean,opt-3.0.0-roadmap,opt,Python,deepseek-v4-flash,staged_v4,deepseek_clean::deepseek-v4-flash::opt-3.0.0-roadmap::staged_v4,5,0,0,0,0,0,edit_apply_failed,edit_apply_failed,edit_apply_failed,2026-07-07T12:12:39.215455Z,2996f99562df957f7a2d0537
deepseek_clean::deepseek-v4-flash::opt-3.0.0-roadmap::staged_v4::rep6,deepseek_clean,opt-3.0.0-roadmap,opt,Python,deepseek-v4-flash,staged_v4,deepseek_clean::deepseek-v4-flash::opt-3.0.0-roadmap::staged_v4,6,0,0,0,0,0,stage1_plan_failed,stage_state_existing_files_invalid,stage1_plan_failed,2026-07-07T12:09:12.363331Z,31f18590a49f690febe6b992
deepseek_clean::deepseek-v4-flash::opt-3.0.0-roadmap::staged_v4::rep7,deepseek_clean,opt-3.0.0-roadmap,opt,Python,deepseek-v4-flash,staged_v4,deepseek_clean::deepseek-v4-flash::opt-3.0.0-roadmap::staged_v4,7,0,0,0,0,0,stage2_contract_failed,candidate_edit_ops_invalid,stage2_contract_failed,2026-07-07T12:14:21.124859Z,ff1f5a99945fc407b142a738
deepseek_clean::deepseek-v4-flash::plr-1.0.0-roadmap::single_shot_v3::rep0,deepseek_clean,plr-1.0.0-roadmap,plr,Python,deepseek-v4-flash,single_shot_v3,deepseek_clean::deepseek-v4-flash::plr-1.0.0-roadmap::single_shot_v3,0,0,0,0,0,0,edit_apply_failed,edit_apply_failed,edit_apply_failed,2026-07-07T12:09:47.339676Z,c2c72229c59ef6a03879b8cf
deepseek_clean::deepseek-v4-flash::plr-1.0.0-roadmap::single_shot_v3::rep1,deepseek_clean,plr-1.0.0-roadmap,plr,Python,deepseek-v4-flash,single_shot_v3,deepseek_clean::deepseek-v4-flash::plr-1.0.0-roadmap::single_shot_v3,1,0,0,0,0,0,edit_apply_failed,edit_apply_failed,edit_apply_failed,2026-07-07T12:10:27.410374Z,b319235a5cffb70d10347da7
deepseek_clean::deepseek-v4-flash::plr-1.0.0-roadmap::single_shot_v3::rep2,deepseek_clean,plr-1.0.0-roadmap,plr,Python,deepseek-v4-flash,single_shot_v3,deepseek_clean::deepseek-v4-flash::plr-1.0.0-roadmap::single_shot_v3,2,0,0,0,0,0,edit_apply_failed,edit_apply_failed,edit_apply_failed,2026-07-07T12:10:44.881270Z,738da9aaba49f983e857ee82
deepseek_clean::deepseek-v4-flash::plr-1.0.0-roadmap::single_shot_v3::rep3,deepseek_clean,plr-1.0.0-roadmap,plr,Python,deepseek-v4-flash,single_shot_v3,deepseek_clean::deepseek-v4-flash::plr-1.0.0-roadmap::single_shot_v3,3,0,0,0,0,0,edit_apply_failed,edit_apply_failed,edit_apply_failed,2026-07-07T12:11:14.405242Z,2ab3a8f33962247b015a8209
deepseek_clean::deepseek-v4-flash::plr-1.0.0-roadmap::single_shot_v3::rep4,deepseek_clean,plr-1.0.0-roadmap,plr,Python,deepseek-v4-flash,single_shot_v3,deepseek_clean::deepseek-v4-flash::plr-1.0.0-roadmap::single_shot_v3,4,0,0,0,0,0,edit_apply_failed,edit_apply_failed,edit_apply_failed,2026-07-07T12:11:43.843510Z,9ba63bc4d052a1bfb5063058
deepseek_clean::deepseek-v4-flash::plr-1.0.0-roadmap::single_shot_v3::rep5,deepseek_clean,plr-1.0.0-roadmap,plr,Python,deepseek-v4-flash,single_shot_v3,deepseek_clean::deepseek-v4-flash::plr-1.0.0-roadmap::single_shot_v3,5,0,0,0,0,0,edit_apply_failed,edit_apply_failed,edit_apply_failed,2026-07-07T12:12:05.599147Z,7080f50e8f4b5635d858fb7c
deepseek_clean::deepseek-v4-flash::plr-1.0.0-roadmap::single_shot_v3::rep6,deepseek_clean,plr-1.0.0-roadmap,plr,Python,deepseek-v4-flash,single_shot_v3,deepseek_clean::deepseek-v4-flash::plr-1.0.0-roadmap::single_shot_v3,6,0,0,0,0,0,edit_apply_failed,edit_apply_failed,edit_apply_failed,2026-07-07T12:12:31.032490Z,64277e73b7013b19fb3dc125
deepseek_clean::deepseek-v4-flash::plr-1.0.0-roadmap::single_shot_v3::rep7,deepseek_clean,plr-1.0.0-roadmap,plr,Python,deepseek-v4-flash,single_shot_v3,deepseek_clean::deepseek-v4-flash::plr-1.0.0-roadmap::single_shot_v3,7,0,0,0,0,0,edit_apply_failed,edit_apply_failed,edit_apply_failed,2026-07-07T12:13:05.045124Z,0e2a0d5256b671c3900f6f21
deepseek_clean::deepseek-v4-flash::plr-1.0.0-roadmap::staged_v4::rep0,deepseek_clean,plr-1.0.0-roadmap,plr,Python,deepseek-v4-flash,staged_v4,deepseek_clean::deepseek-v4-flash::plr-1.0.0-roadmap::staged_v4,0,0,0,0,0,0,edit_apply_failed,edit_apply_failed,edit_apply_failed,2026-07-07T12:15:30.852606Z,6ac3eb0b9c212166eb192a5f
deepseek_clean::deepseek-v4-flash::plr-1.0.0-roadmap::staged_v4::rep1,deepseek_clean,plr-1.0.0-roadmap,plr,Python,deepseek-v4-flash,staged_v4,deepseek_clean::deepseek-v4-flash::plr-1.0.0-roadmap::staged_v4,1,0,0,0,0,0,edit_apply_failed,edit_apply_failed,edit_apply_failed,2026-07-07T12:15:08.408323Z,1e2746ca73d958296532788a
deepseek_clean::deepseek-v4-flash::plr-1.0.0-roadmap::staged_v4::rep2,deepseek_clean,plr-1.0.0-roadmap,plr,Python,deepseek-v4-flash,staged_v4,deepseek_clean::deepseek-v4-flash::plr-1.0.0-roadmap::staged_v4,2,0,0,0,0,0,stage2_contract_failed,candidate_edit_ops_invalid,stage2_contract_failed,2026-07-07T12:16:21.624346Z,7b7e270b8a0d46645ffe225b
deepseek_clean::deepseek-v4-flash::plr-1.0.0-roadmap::staged_v4::rep3,deepseek_clean,plr-1.0.0-roadmap,plr,Python,deepseek-v4-flash,staged_v4,deepseek_clean::deepseek-v4-flash::plr-1.0.0-roadmap::staged_v4,3,0,0,0,0,0,edit_apply_failed,edit_apply_failed,edit_apply_failed,2026-07-07T12:16:47.849879Z,648e10eb1840c27633711e33
deepseek_clean::deepseek-v4-flash::plr-1.0.0-roadmap::staged_v4::rep4,deepseek_clean,plr-1.0.0-roadmap,plr,Python,deepseek-v4-flash,staged_v4,deepseek_clean::deepseek-v4-flash::plr-1.0.0-roadmap::staged_v4,4,0,0,0,0,0,edit_apply_failed,edit_apply_failed,edit_apply_failed,2026-07-07T12:17:25.998544Z,9968f29499dfc3755cfc6c18
deepseek_clean::deepseek-v4-flash::plr-1.0.0-roadmap::staged_v4::rep5,deepseek_clean,plr-1.0.0-roadmap,plr,Python,deepseek-v4-flash,staged_v4,deepseek_clean::deepseek-v4-flash::plr-1.0.0-roadmap::staged_v4,5,0,0,0,0,0,stage2_contract_failed,candidate_edit_ops_invalid,stage2_contract_failed,2026-07-07T12:19:00.333749Z,26fa5f3e4f533ac74c97b26c
deepseek_clean::deepseek-v4-flash::plr-1.0.0-roadmap::staged_v4::rep6,deepseek_clean,plr-1.0.0-roadmap,plr,Python,deepseek-v4-flash,staged_v4,deepseek_clean::deepseek-v4-flash::plr-1.0.0-roadmap::staged_v4,6,0,0,0,0,0,edit_apply_failed,edit_apply_failed,edit_apply_failed,2026-07-07T12:18:18.645358Z,825192e0376e5de3827a08bd
deepseek_clean::deepseek-v4-flash::plr-1.0.0-roadmap::staged_v4::rep7,deepseek_clean,plr-1.0.0-roadmap,plr,Python,deepseek-v4-flash,staged_v4,deepseek_clean::deepseek-v4-flash::plr-1.0.0-roadmap::staged_v4,7,0,0,0,0,0,edit_apply_failed,edit_apply_failed,edit_apply_failed,2026-07-07T12:19:07.226619Z,3f671c6b504b8f1b7a5325c8
deepseek_clean::deepseek-v4-flash::prm-5.0.0-roadmap::single_shot_v3::rep0,deepseek_clean,prm-5.0.0-roadmap,prm,TypeScript,deepseek-v4-flash,single_shot_v3,deepseek_clean::deepseek-v4-flash::prm-5.0.0-roadmap::single_shot_v3,0,1,1,1,1,0,test_failed,,,2026-07-07T13:38:02.375224Z,a84cfd43a177251211e7992a
deepseek_clean::deepseek-v4-flash::prm-5.0.0-roadmap::single_shot_v3::rep1,deepseek_clean,prm-5.0.0-roadmap,prm,TypeScript,deepseek-v4-flash,single_shot_v3,deepseek_clean::deepseek-v4-flash::prm-5.0.0-roadmap::single_shot_v3,1,0,1,1,0,0,test_failed,,,2026-07-07T13:38:18.960101Z,efc0b6da2b2d3feed58a1b2d
deepseek_clean::deepseek-v4-flash::prm-5.0.0-roadmap::single_shot_v3::rep2,deepseek_clean,prm-5.0.0-roadmap,prm,TypeScript,deepseek-v4-flash,single_shot_v3,deepseek_clean::deepseek-v4-flash::prm-5.0.0-roadmap::single_shot_v3,2,0,1,1,0,0,test_failed,,,2026-07-07T13:38:35.453750Z,fe23a72b021326d1f699cac8
deepseek_clean::deepseek-v4-flash::prm-5.0.0-roadmap::single_shot_v3::rep3,deepseek_clean,prm-5.0.0-roadmap,prm,TypeScript,deepseek-v4-flash,single_shot_v3,deepseek_clean::deepseek-v4-flash::prm-5.0.0-roadmap::single_shot_v3,3,1,1,1,1,0,test_failed,,,2026-07-07T13:39:22.926308Z,26d17f7d9b515c5249d55aff
deepseek_clean::deepseek-v4-flash::prm-5.0.0-roadmap::single_shot_v3::rep4,deepseek_clean,prm-5.0.0-roadmap,prm,TypeScript,deepseek-v4-flash,single_shot_v3,deepseek_clean::deepseek-v4-flash::prm-5.0.0-roadmap::single_shot_v3,4,0,0,0,0,0,edit_apply_failed,edit_apply_failed,edit_apply_failed,2026-07-07T12:19:38.251402Z,85c9719b99aee31af5b5f3b7
deepseek_clean::deepseek-v4-flash::prm-5.0.0-roadmap::single_shot_v3::rep5,deepseek_clean,prm-5.0.0-roadmap,prm,TypeScript,deepseek-v4-flash,single_shot_v3,deepseek_clean::deepseek-v4-flash::prm-5.0.0-roadmap::single_shot_v3,5,0,0,0,0,0,edit_apply_failed,edit_apply_failed,edit_apply_failed,2026-07-07T12:19:41.587813Z,7a047e7f75044920d2a5fadb
deepseek_clean::deepseek-v4-flash::prm-5.0.0-roadmap::single_shot_v3::rep6,deepseek_clean,prm-5.0.0-roadmap,prm,TypeScript,deepseek-v4-flash,single_shot_v3,deepseek_clean::deepseek-v4-flash::prm-5.0.0-roadmap::single_shot_v3,6,0,0,0,0,0,edit_apply_failed,edit_apply_failed,edit_apply_failed,2026-07-07T12:19:45.417843Z,0944bc5c2914a3986731daf1
deepseek_clean::deepseek-v4-flash::prm-5.0.0-roadmap::single_shot_v3::rep7,deepseek_clean,prm-5.0.0-roadmap,prm,TypeScript,deepseek-v4-flash,single_shot_v3,deepseek_clean::deepseek-v4-flash::prm-5.0.0-roadmap::single_shot_v3,7,1,1,1,1,0,test_failed,,,2026-07-07T13:40:09.954776Z,2634f7230672b0e9e13667d2
deepseek_clean::deepseek-v4-flash::prm-5.0.0-roadmap::staged_v4::rep0,deepseek_clean,prm-5.0.0-roadmap,prm,TypeScript,deepseek-v4-flash,staged_v4,deepseek_clean::deepseek-v4-flash::prm-5.0.0-roadmap::staged_v4,0,0,0,0,0,0,stage2_contract_failed,stage2_edit_outside_stage_state,stage2_contract_failed,2026-07-07T12:20:45.439066Z,a219624e95aaabcf4dc555cd
deepseek_clean::deepseek-v4-flash::prm-5.0.0-roadmap::staged_v4::rep1,deepseek_clean,prm-5.0.0-roadmap,prm,TypeScript,deepseek-v4-flash,staged_v4,deepseek_clean::deepseek-v4-flash::prm-5.0.0-roadmap::staged_v4,1,0,0,0,0,0,stage2_contract_failed,stage2_edit_outside_stage_state,stage2_contract_failed,2026-07-07T12:20:48.459156Z,d848d7ba6564b60b187a7696
deepseek_clean::deepseek-v4-flash::prm-5.0.0-roadmap::staged_v4::rep2,deepseek_clean,prm-5.0.0-roadmap,prm,TypeScript,deepseek-v4-flash,staged_v4,deepseek_clean::deepseek-v4-flash::prm-5.0.0-roadmap::staged_v4,2,1,1,1,1,0,test_failed,,,2026-07-07T13:41:07.629551Z,b084b7e2e6db851835cbb3ed
deepseek_clean::deepseek-v4-flash::prm-5.0.0-roadmap::staged_v4::rep3,deepseek_clean,prm-5.0.0-roadmap,prm,TypeScript,deepseek-v4-flash,staged_v4,deepseek_clean::deepseek-v4-flash::prm-5.0.0-roadmap::staged_v4,3,0,0,0,0,0,stage2_contract_failed,stage2_edit_outside_stage_state,stage2_contract_failed,2026-07-07T12:23:54.846256Z,14799dbcec7bd117314ba3cd
deepseek_clean::deepseek-v4-flash::prm-5.0.0-roadmap::staged_v4::rep4,deepseek_clean,prm-5.0.0-roadmap,prm,TypeScript,deepseek-v4-flash,staged_v4,deepseek_clean::deepseek-v4-flash::prm-5.0.0-roadmap::staged_v4,4,0,0,0,0,0,stage2_contract_failed,stage2_edit_outside_stage_state,stage2_contract_failed,2026-07-07T12:21:53.008567Z,04669f136d7d80a238acb767
deepseek_clean::deepseek-v4-flash::prm-5.0.0-roadmap::staged_v4::rep5,deepseek_clean,prm-5.0.0-roadmap,prm,TypeScript,deepseek-v4-flash,staged_v4,deepseek_clean::deepseek-v4-flash::prm-5.0.0-roadmap::staged_v4,5,0,0,0,0,0,stage2_contract_failed,stage2_edit_outside_stage_state,stage2_contract_failed,2026-07-07T12:21:58.161688Z,b1bb264a84c53a6302709d2c
deepseek_clean::deepseek-v4-flash::prm-5.0.0-roadmap::staged_v4::rep6,deepseek_clean,prm-5.0.0-roadmap,prm,TypeScript,deepseek-v4-flash,staged_v4,deepseek_clean::deepseek-v4-flash::prm-5.0.0-roadmap::staged_v4,6,0,0,0,0,0,stage2_contract_failed,stage2_edit_outside_stage_state,stage2_contract_failed,2026-07-07T12:23:05.109139Z,9bea4205890f26dd3e6b8654
deepseek_clean::deepseek-v4-flash::prm-5.0.0-roadmap::staged_v4::rep7,deepseek_clean,prm-5.0.0-roadmap,prm,TypeScript,deepseek-v4-flash,staged_v4,deepseek_clean::deepseek-v4-flash::prm-5.0.0-roadmap::staged_v4,7,0,0,0,0,0,stage2_contract_failed,candidate_edit_ops_invalid,stage2_contract_failed,2026-07-07T12:26:39.032799Z,4d2eaaa4fc5d9f774eb7fed0
deepseek_clean::deepseek-v4-flash::pyg-1.6.3-roadmap::single_shot_v3::rep0,deepseek_clean,pyg-1.6.3-roadmap,pyg,Python,deepseek-v4-flash,single_shot_v3,deepseek_clean::deepseek-v4-flash::pyg-1.6.3-roadmap::single_shot_v3,0,0,0,0,0,0,edit_apply_failed,edit_apply_failed,edit_apply_failed,2026-07-07T12:23:57.357027Z,0d77edf80b7e66b68f2e82ef
deepseek_clean::deepseek-v4-flash::pyg-1.6.3-roadmap::single_shot_v3::rep1,deepseek_clean,pyg-1.6.3-roadmap,pyg,Python,deepseek-v4-flash,single_shot_v3,deepseek_clean::deepseek-v4-flash::pyg-1.6.3-roadmap::single_shot_v3,1,0,0,0,0,0,edit_apply_failed,edit_apply_failed,edit_apply_failed,2026-07-07T12:24:45.803328Z,95b205f1cb1e3f5d8e3d65dc
deepseek_clean::deepseek-v4-flash::pyg-1.6.3-roadmap::single_shot_v3::rep2,deepseek_clean,pyg-1.6.3-roadmap,pyg,Python,deepseek-v4-flash,single_shot_v3,deepseek_clean::deepseek-v4-flash::pyg-1.6.3-roadmap::single_shot_v3,2,0,0,0,0,0,edit_apply_failed,edit_apply_failed,edit_apply_failed,2026-07-07T12:25:05.153013Z,157c5e4eefd49a964c06e281
deepseek_clean::deepseek-v4-flash::pyg-1.6.3-roadmap::single_shot_v3::rep3,deepseek_clean,pyg-1.6.3-roadmap,pyg,Python,deepseek-v4-flash,single_shot_v3,deepseek_clean::deepseek-v4-flash::pyg-1.6.3-roadmap::single_shot_v3,3,0,0,0,0,0,edit_apply_failed,edit_apply_failed,edit_apply_failed,2026-07-07T12:25:07.368477Z,40ad163cf89d35aa03b2a2f7
deepseek_clean::deepseek-v4-flash::pyg-1.6.3-roadmap::single_shot_v3::rep4,deepseek_clean,pyg-1.6.3-roadmap,pyg,Python,deepseek-v4-flash,single_shot_v3,deepseek_clean::deepseek-v4-flash::pyg-1.6.3-roadmap::single_shot_v3,4,0,0,0,0,0,edit_apply_failed,edit_apply_failed,edit_apply_failed,2026-07-07T12:26:00.115632Z,9e82d20f6db47f92d829c207
deepseek_clean::deepseek-v4-flash::pyg-1.6.3-roadmap::single_shot_v3::rep5,deepseek_clean,pyg-1.6.3-roadmap,pyg,Python,deepseek-v4-flash,single_shot_v3,deepseek_clean::deepseek-v4-flash::pyg-1.6.3-roadmap::single_shot_v3,5,0,0,0,0,0,edit_apply_failed,edit_apply_failed,edit_apply_failed,2026-07-07T12:26:17.604077Z,429de384ad59e917a92ff5b7
deepseek_clean::deepseek-v4-flash::pyg-1.6.3-roadmap::single_shot_v3::rep6,deepseek_clean,pyg-1.6.3-roadmap,pyg,Python,deepseek-v4-flash,single_shot_v3,deepseek_clean::deepseek-v4-flash::pyg-1.6.3-roadmap::single_shot_v3,6,0,0,0,0,0,edit_apply_failed,edit_apply_failed,edit_apply_failed,2026-07-07T12:26:15.442154Z,40fc5e45a1e3eef3b13d4fb5
deepseek_clean::deepseek-v4-flash::pyg-1.6.3-roadmap::single_shot_v3::rep7,deepseek_clean,pyg-1.6.3-roadmap,pyg,Python,deepseek-v4-flash,single_shot_v3,deepseek_clean::deepseek-v4-flash::pyg-1.6.3-roadmap::single_shot_v3,7,0,0,0,0,0,edit_apply_failed,edit_apply_failed,edit_apply_failed,2026-07-07T12:26:55.732428Z,43e70ebec11bea4d3e1af2c3
deepseek_clean::deepseek-v4-flash::pyg-1.6.3-roadmap::staged_v4::rep0,deepseek_clean,pyg-1.6.3-roadmap,pyg,Python,deepseek-v4-flash,staged_v4,deepseek_clean::deepseek-v4-flash::pyg-1.6.3-roadmap::staged_v4,0,0,0,0,0,0,edit_apply_failed,edit_apply_failed,edit_apply_failed,2026-07-07T12:28:22.896344Z,34b5c298e489ca854207fd61
deepseek_clean::deepseek-v4-flash::pyg-1.6.3-roadmap::staged_v4::rep1,deepseek_clean,pyg-1.6.3-roadmap,pyg,Python,deepseek-v4-flash,staged_v4,deepseek_clean::deepseek-v4-flash::pyg-1.6.3-roadmap::staged_v4,1,0,0,0,0,0,edit_apply_failed,edit_apply_failed,edit_apply_failed,2026-07-07T12:27:58.174589Z,72bad36c97a594b1cfe7b27a
deepseek_clean::deepseek-v4-flash::pyg-1.6.3-roadmap::staged_v4::rep2,deepseek_clean,pyg-1.6.3-roadmap,pyg,Python,deepseek-v4-flash,staged_v4,deepseek_clean::deepseek-v4-flash::pyg-1.6.3-roadmap::staged_v4,2,0,0,0,0,0,edit_apply_failed,edit_apply_failed,edit_apply_failed,2026-07-07T12:28:21.787014Z,f126af30da22cf22f80a1800
deepseek_clean::deepseek-v4-flash::pyg-1.6.3-roadmap::staged_v4::rep3,deepseek_clean,pyg-1.6.3-roadmap,pyg,Python,deepseek-v4-flash,staged_v4,deepseek_clean::deepseek-v4-flash::pyg-1.6.3-roadmap::staged_v4,3,0,0,0,0,0,edit_apply_failed,edit_apply_failed,edit_apply_failed,2026-07-07T12:28:55.344301Z,062c4147b2c2da80c3cab0af
deepseek_clean::deepseek-v4-flash::pyg-1.6.3-roadmap::staged_v4::rep4,deepseek_clean,pyg-1.6.3-roadmap,pyg,Python,deepseek-v4-flash,staged_v4,deepseek_clean::deepseek-v4-flash::pyg-1.6.3-roadmap::staged_v4,4,0,0,0,0,0,edit_apply_failed,edit_apply_failed,edit_apply_failed,2026-07-07T12:29:50.061864Z,5cc6f1cb516423be38f3efe1
deepseek_clean::deepseek-v4-flash::pyg-1.6.3-roadmap::staged_v4::rep5,deepseek_clean,pyg-1.6.3-roadmap,pyg,Python,deepseek-v4-flash,staged_v4,deepseek_clean::deepseek-v4-flash::pyg-1.6.3-roadmap::staged_v4,5,0,0,0,0,0,edit_apply_failed,edit_apply_failed,edit_apply_failed,2026-07-07T12:30:37.629577Z,83be1baec579a5f61cb6b962
deepseek_clean::deepseek-v4-flash::pyg-1.6.3-roadmap::staged_v4::rep6,deepseek_clean,pyg-1.6.3-roadmap,pyg,Python,deepseek-v4-flash,staged_v4,deepseek_clean::deepseek-v4-flash::pyg-1.6.3-roadmap::staged_v4,6,0,0,0,0,0,edit_apply_failed,edit_apply_failed,edit_apply_failed,2026-07-07T12:30:05.203330Z,348ea26068377057bcaa27e6
deepseek_clean::deepseek-v4-flash::pyg-1.6.3-roadmap::staged_v4::rep7,deepseek_clean,pyg-1.6.3-roadmap,pyg,Python,deepseek-v4-flash,staged_v4,deepseek_clean::deepseek-v4-flash::pyg-1.6.3-roadmap::staged_v4,7,0,0,0,0,0,stage2_contract_failed,stage2_edit_outside_stage_state,stage2_contract_failed,2026-07-07T12:30:53.442790Z,8ffadb0f3b22cd0fe859890f
deepseek_clean::deepseek-v4-flash::rat-0.24.0-roadmap::single_shot_v3::rep0,deepseek_clean,rat-0.24.0-roadmap,rat,Rust,deepseek-v4-flash,single_shot_v3,deepseek_clean::deepseek-v4-flash::rat-0.24.0-roadmap::single_shot_v3,0,0,0,0,0,0,edit_apply_failed,edit_apply_failed,edit_apply_failed,2026-07-07T12:30:27.237384Z,223ff2cbd0868704782076a2
deepseek_clean::deepseek-v4-flash::rat-0.24.0-roadmap::single_shot_v3::rep1,deepseek_clean,rat-0.24.0-roadmap,rat,Rust,deepseek-v4-flash,single_shot_v3,deepseek_clean::deepseek-v4-flash::rat-0.24.0-roadmap::single_shot_v3,1,0,0,0,0,0,edit_apply_failed,edit_apply_failed,edit_apply_failed,2026-07-07T12:30:33.986166Z,728e429983967276d85da5e0
deepseek_clean::deepseek-v4-flash::rat-0.24.0-roadmap::single_shot_v3::rep2,deepseek_clean,rat-0.24.0-roadmap,rat,Rust,deepseek-v4-flash,single_shot_v3,deepseek_clean::deepseek-v4-flash::rat-0.24.0-roadmap::single_shot_v3,2,0,0,0,0,0,edit_json_invalid,edit_json_invalid,edit_json_invalid,2026-07-07T12:30:53.643316Z,b78f2e824ea16514c5377ad7
deepseek_clean::deepseek-v4-flash::rat-0.24.0-roadmap::single_shot_v3::rep3,deepseek_clean,rat-0.24.0-roadmap,rat,Rust,deepseek-v4-flash,single_shot_v3,deepseek_clean::deepseek-v4-flash::rat-0.24.0-roadmap::single_shot_v3,3,0,0,0,0,0,edit_apply_failed,edit_apply_failed,edit_apply_failed,2026-07-07T12:31:24.928072Z,bc1ed79d91d56e92d84a40a0
deepseek_clean::deepseek-v4-flash::rat-0.24.0-roadmap::single_shot_v3::rep4,deepseek_clean,rat-0.24.0-roadmap,rat,Rust,deepseek-v4-flash,single_shot_v3,deepseek_clean::deepseek-v4-flash::rat-0.24.0-roadmap::single_shot_v3,4,0,0,0,0,0,edit_json_invalid,edit_json_invalid,edit_json_invalid,2026-07-07T12:31:02.977907Z,98e6626d8949f51888f91740
deepseek_clean::deepseek-v4-flash::rat-0.24.0-roadmap::single_shot_v3::rep5,deepseek_clean,rat-0.24.0-roadmap,rat,Rust,deepseek-v4-flash,single_shot_v3,deepseek_clean::deepseek-v4-flash::rat-0.24.0-roadmap::single_shot_v3,5,0,0,0,0,0,edit_apply_failed,edit_apply_failed,edit_apply_failed,2026-07-07T12:31:23.147994Z,8eb6d6ae9e1e4677264f10e7
deepseek_clean::deepseek-v4-flash::rat-0.24.0-roadmap::single_shot_v3::rep6,deepseek_clean,rat-0.24.0-roadmap,rat,Rust,deepseek-v4-flash,single_shot_v3,deepseek_clean::deepseek-v4-flash::rat-0.24.0-roadmap::single_shot_v3,6,0,0,0,0,0,edit_apply_failed,edit_apply_failed,edit_apply_failed,2026-07-07T12:31:23.380717Z,5e9de378ec30105dc5e7f044
deepseek_clean::deepseek-v4-flash::rat-0.24.0-roadmap::single_shot_v3::rep7,deepseek_clean,rat-0.24.0-roadmap,rat,Rust,deepseek-v4-flash,single_shot_v3,deepseek_clean::deepseek-v4-flash::rat-0.24.0-roadmap::single_shot_v3,7,0,0,0,0,0,edit_apply_failed,edit_apply_failed,edit_apply_failed,2026-07-07T12:31:30.723574Z,6c5f8992ca86f1acbe257b9a
deepseek_clean::deepseek-v4-flash::rat-0.24.0-roadmap::staged_v4::rep0,deepseek_clean,rat-0.24.0-roadmap,rat,Rust,deepseek-v4-flash,staged_v4,deepseek_clean::deepseek-v4-flash::rat-0.24.0-roadmap::staged_v4,0,1,1,1,1,0,test_failed,,,2026-07-07T13:41:41.429002Z,eb8486830f5044581e218f5f
deepseek_clean::deepseek-v4-flash::rat-0.24.0-roadmap::staged_v4::rep1,deepseek_clean,rat-0.24.0-roadmap,rat,Rust,deepseek-v4-flash,staged_v4,deepseek_clean::deepseek-v4-flash::rat-0.24.0-roadmap::staged_v4,1,0,0,0,0,0,edit_apply_failed,edit_apply_failed,edit_apply_failed,2026-07-07T12:32:57.901017Z,0a6d41d2b90aeb2296c15310
deepseek_clean::deepseek-v4-flash::rat-0.24.0-roadmap::staged_v4::rep2,deepseek_clean,rat-0.24.0-roadmap,rat,Rust,deepseek-v4-flash,staged_v4,deepseek_clean::deepseek-v4-flash::rat-0.24.0-roadmap::staged_v4,2,0,0,0,0,0,edit_apply_failed,edit_apply_failed,edit_apply_failed,2026-07-07T12:32:31.817911Z,36caad24b501a63cd7adfe9f
deepseek_clean::deepseek-v4-flash::rat-0.24.0-roadmap::staged_v4::rep3,deepseek_clean,rat-0.24.0-roadmap,rat,Rust,deepseek-v4-flash,staged_v4,deepseek_clean::deepseek-v4-flash::rat-0.24.0-roadmap::staged_v4,3,0,0,0,0,0,edit_apply_failed,edit_apply_failed,edit_apply_failed,2026-07-07T12:32:47.432317Z,3d7d08198f89b99ef2545dfa
deepseek_clean::deepseek-v4-flash::rat-0.24.0-roadmap::staged_v4::rep4,deepseek_clean,rat-0.24.0-roadmap,rat,Rust,deepseek-v4-flash,staged_v4,deepseek_clean::deepseek-v4-flash::rat-0.24.0-roadmap::staged_v4,4,1,1,1,1,0,test_failed,,,2026-07-07T13:42:14.326967Z,698e0021e4f301a7dcfd625f
deepseek_clean::deepseek-v4-flash::rat-0.24.0-roadmap::staged_v4::rep5,deepseek_clean,rat-0.24.0-roadmap,rat,Rust,deepseek-v4-flash,staged_v4,deepseek_clean::deepseek-v4-flash::rat-0.24.0-roadmap::staged_v4,5,0,0,0,0,0,edit_apply_failed,edit_apply_failed,edit_apply_failed,2026-07-07T12:34:20.532175Z,469319151d4a0729e3fd47ec
deepseek_clean::deepseek-v4-flash::rat-0.24.0-roadmap::staged_v4::rep6,deepseek_clean,rat-0.24.0-roadmap,rat,Rust,deepseek-v4-flash,staged_v4,deepseek_clean::deepseek-v4-flash::rat-0.24.0-roadmap::staged_v4,6,0,0,0,0,0,edit_apply_failed,edit_apply_failed,edit_apply_failed,2026-07-07T12:34:20.452804Z,1d583590ab0aa520857fbe5c
deepseek_clean::deepseek-v4-flash::rat-0.24.0-roadmap::staged_v4::rep7,deepseek_clean,rat-0.24.0-roadmap,rat,Rust,deepseek-v4-flash,staged_v4,deepseek_clean::deepseek-v4-flash::rat-0.24.0-roadmap::staged_v4,7,0,0,0,0,0,edit_apply_failed,edit_apply_failed,edit_apply_failed,2026-07-07T12:34:25.813968Z,b79aca917e118895019d6f4f
deepseek_clean::deepseek-v4-flash::spc-3.5.0-roadmap::single_shot_v3::rep0,deepseek_clean,spc-3.5.0-roadmap,spc,Python,deepseek-v4-flash,single_shot_v3,deepseek_clean::deepseek-v4-flash::spc-3.5.0-roadmap::single_shot_v3,0,0,0,0,0,0,edit_apply_failed,edit_apply_failed,edit_apply_failed,2026-07-07T12:34:09.459965Z,b6a2ab71f79ad76df4d7d4b7
deepseek_clean::deepseek-v4-flash::spc-3.5.0-roadmap::single_shot_v3::rep1,deepseek_clean,spc-3.5.0-roadmap,spc,Python,deepseek-v4-flash,single_shot_v3,deepseek_clean::deepseek-v4-flash::spc-3.5.0-roadmap::single_shot_v3,1,0,0,0,0,0,edit_path_disallowed,edit_path_disallowed,edit_path_disallowed,2026-07-07T12:35:05.990619Z,268b2a01e5906b5f19e698f2
deepseek_clean::deepseek-v4-flash::spc-3.5.0-roadmap::single_shot_v3::rep2,deepseek_clean,spc-3.5.0-roadmap,spc,Python,deepseek-v4-flash,single_shot_v3,deepseek_clean::deepseek-v4-flash::spc-3.5.0-roadmap::single_shot_v3,2,0,0,0,0,0,edit_path_disallowed,edit_path_disallowed,edit_path_disallowed,2026-07-07T12:35:11.130035Z,245e829b1c7136d117c07143
deepseek_clean::deepseek-v4-flash::spc-3.5.0-roadmap::single_shot_v3::rep3,deepseek_clean,spc-3.5.0-roadmap,spc,Python,deepseek-v4-flash,single_shot_v3,deepseek_clean::deepseek-v4-flash::spc-3.5.0-roadmap::single_shot_v3,3,0,0,0,0,0,edit_path_disallowed,edit_path_disallowed,edit_path_disallowed,2026-07-07T12:34:51.967766Z,4de0562b23f6cce79395bc23
deepseek_clean::deepseek-v4-flash::spc-3.5.0-roadmap::single_shot_v3::rep4,deepseek_clean,spc-3.5.0-roadmap,spc,Python,deepseek-v4-flash,single_shot_v3,deepseek_clean::deepseek-v4-flash::spc-3.5.0-roadmap::single_shot_v3,4,0,0,0,0,0,edit_path_disallowed,edit_path_disallowed,edit_path_disallowed,2026-07-07T12:35:07.656700Z,3b2c7d49a40ec4c78dab74f8
deepseek_clean::deepseek-v4-flash::spc-3.5.0-roadmap::single_shot_v3::rep5,deepseek_clean,spc-3.5.0-roadmap,spc,Python,deepseek-v4-flash,single_shot_v3,deepseek_clean::deepseek-v4-flash::spc-3.5.0-roadmap::single_shot_v3,5,0,0,0,0,0,edit_path_disallowed,edit_path_disallowed,edit_path_disallowed,2026-07-07T12:35:06.331643Z,be5ff0a1de425fedf6866ef3
deepseek_clean::deepseek-v4-flash::spc-3.5.0-roadmap::single_shot_v3::rep6,deepseek_clean,spc-3.5.0-roadmap,spc,Python,deepseek-v4-flash,single_shot_v3,deepseek_clean::deepseek-v4-flash::spc-3.5.0-roadmap::single_shot_v3,6,0,0,0,0,0,edit_path_disallowed,edit_path_disallowed,edit_path_disallowed,2026-07-07T12:35:19.888941Z,84fe1fb4b9aa73fbb431e69e
deepseek_clean::deepseek-v4-flash::spc-3.5.0-roadmap::single_shot_v3::rep7,deepseek_clean,spc-3.5.0-roadmap,spc,Python,deepseek-v4-flash,single_shot_v3,deepseek_clean::deepseek-v4-flash::spc-3.5.0-roadmap::single_shot_v3,7,0,0,0,0,0,finish_reason_length,edit_json_invalid,finish_reason_length,2026-07-07T12:38:06.476003Z,f6a8ad87e9ac867f2f7dfde5
deepseek_clean::deepseek-v4-flash::spc-3.5.0-roadmap::staged_v4::rep0,deepseek_clean,spc-3.5.0-roadmap,spc,Python,deepseek-v4-flash,staged_v4,deepseek_clean::deepseek-v4-flash::spc-3.5.0-roadmap::staged_v4,0,0,0,0,0,0,stage1_plan_failed,stage_state_existing_files_invalid,stage1_plan_failed,2026-07-07T12:35:20.907484Z,00d3ed7b5e6439893190b87b
deepseek_clean::deepseek-v4-flash::spc-3.5.0-roadmap::staged_v4::rep1,deepseek_clean,spc-3.5.0-roadmap,spc,Python,deepseek-v4-flash,staged_v4,deepseek_clean::deepseek-v4-flash::spc-3.5.0-roadmap::staged_v4,1,0,0,0,0,0,stage1_plan_failed,stage_state_existing_files_invalid,stage1_plan_failed,2026-07-07T12:35:21.792359Z,303d04ca81a605031d4123c0
deepseek_clean::deepseek-v4-flash::spc-3.5.0-roadmap::staged_v4::rep2,deepseek_clean,spc-3.5.0-roadmap,spc,Python,deepseek-v4-flash,staged_v4,deepseek_clean::deepseek-v4-flash::spc-3.5.0-roadmap::staged_v4,2,0,0,0,0,0,stage1_plan_failed,stage_state_existing_files_invalid,stage1_plan_failed,2026-07-07T12:35:31.894467Z,9549cebd3c92ec55acae2e2d
deepseek_clean::deepseek-v4-flash::spc-3.5.0-roadmap::staged_v4::rep3,deepseek_clean,spc-3.5.0-roadmap,spc,Python,deepseek-v4-flash,staged_v4,deepseek_clean::deepseek-v4-flash::spc-3.5.0-roadmap::staged_v4,3,0,0,0,0,0,stage1_plan_failed,stage_state_existing_files_invalid,stage1_plan_failed,2026-07-07T12:35:34.002113Z,2fbc16362221ceaf5d8e8681
deepseek_clean::deepseek-v4-flash::spc-3.5.0-roadmap::staged_v4::rep4,deepseek_clean,spc-3.5.0-roadmap,spc,Python,deepseek-v4-flash,staged_v4,deepseek_clean::deepseek-v4-flash::spc-3.5.0-roadmap::staged_v4,4,0,0,0,0,0,stage1_plan_failed,stage_state_existing_files_invalid,stage1_plan_failed,2026-07-07T12:35:34.729044Z,e7f293ea6894a5c41a425e84
deepseek_clean::deepseek-v4-flash::spc-3.5.0-roadmap::staged_v4::rep5,deepseek_clean,spc-3.5.0-roadmap,spc,Python,deepseek-v4-flash,staged_v4,deepseek_clean::deepseek-v4-flash::spc-3.5.0-roadmap::staged_v4,5,0,0,0,0,0,stage1_plan_failed,stage_state_existing_files_invalid,stage1_plan_failed,2026-07-07T12:35:43.306478Z,695bc2866600cb1bb5ae91bc
deepseek_clean::deepseek-v4-flash::spc-3.5.0-roadmap::staged_v4::rep6,deepseek_clean,spc-3.5.0-roadmap,spc,Python,deepseek-v4-flash,staged_v4,deepseek_clean::deepseek-v4-flash::spc-3.5.0-roadmap::staged_v4,6,0,0,0,0,0,stage1_plan_failed,stage_state_existing_files_invalid,stage1_plan_failed,2026-07-07T12:35:43.804699Z,f1e8a8f73942f8d08b73d037
deepseek_clean::deepseek-v4-flash::spc-3.5.0-roadmap::staged_v4::rep7,deepseek_clean,spc-3.5.0-roadmap,spc,Python,deepseek-v4-flash,staged_v4,deepseek_clean::deepseek-v4-flash::spc-3.5.0-roadmap::staged_v4,7,0,0,0,0,0,stage1_plan_failed,stage_state_existing_files_invalid,stage1_plan_failed,2026-07-07T12:35:46.259368Z,612244c8b11c7b85dab66a45
deepseek_clean::deepseek-v4-flash::tpl-3.0.0-roadmap::single_shot_v3::rep0,deepseek_clean,tpl-3.0.0-roadmap,tpl,C++,deepseek-v4-flash,single_shot_v3,deepseek_clean::deepseek-v4-flash::tpl-3.0.0-roadmap::single_shot_v3,0,0,0,0,0,0,edit_apply_failed,edit_apply_failed,edit_apply_failed,2026-07-07T12:36:59.620472Z,febe8b1692c85dc82bb4f52d
deepseek_clean::deepseek-v4-flash::tpl-3.0.0-roadmap::single_shot_v3::rep1,deepseek_clean,tpl-3.0.0-roadmap,tpl,C++,deepseek-v4-flash,single_shot_v3,deepseek_clean::deepseek-v4-flash::tpl-3.0.0-roadmap::single_shot_v3,1,0,0,0,0,0,edit_apply_failed,edit_apply_failed,edit_apply_failed,2026-07-07T12:37:12.215797Z,10cddd15f992c51240fbf63e
deepseek_clean::deepseek-v4-flash::tpl-3.0.0-roadmap::single_shot_v3::rep2,deepseek_clean,tpl-3.0.0-roadmap,tpl,C++,deepseek-v4-flash,single_shot_v3,deepseek_clean::deepseek-v4-flash::tpl-3.0.0-roadmap::single_shot_v3,2,0,0,0,0,0,edit_apply_failed,edit_apply_failed,edit_apply_failed,2026-07-07T12:37:15.345976Z,995aca2b5ce561ef73f42f82
deepseek_clean::deepseek-v4-flash::tpl-3.0.0-roadmap::single_shot_v3::rep3,deepseek_clean,tpl-3.0.0-roadmap,tpl,C++,deepseek-v4-flash,single_shot_v3,deepseek_clean::deepseek-v4-flash::tpl-3.0.0-roadmap::single_shot_v3,3,0,0,0,0,0,edit_json_invalid,edit_json_invalid,edit_json_invalid,2026-07-07T12:38:29.980275Z,2ac5bf01d735120d3d6c4c02
deepseek_clean::deepseek-v4-flash::tpl-3.0.0-roadmap::single_shot_v3::rep4,deepseek_clean,tpl-3.0.0-roadmap,tpl,C++,deepseek-v4-flash,single_shot_v3,deepseek_clean::deepseek-v4-flash::tpl-3.0.0-roadmap::single_shot_v3,4,0,0,0,0,0,edit_apply_failed,edit_apply_failed,edit_apply_failed,2026-07-07T12:39:10.448803Z,d8b957fa05dad730e1dcfa15
deepseek_clean::deepseek-v4-flash::tpl-3.0.0-roadmap::single_shot_v3::rep5,deepseek_clean,tpl-3.0.0-roadmap,tpl,C++,deepseek-v4-flash,single_shot_v3,deepseek_clean::deepseek-v4-flash::tpl-3.0.0-roadmap::single_shot_v3,5,0,0,0,0,0,edit_apply_failed,edit_apply_failed,edit_apply_failed,2026-07-07T12:38:53.200636Z,49da78fda8a19e08ac7a4d8c
deepseek_clean::deepseek-v4-flash::tpl-3.0.0-roadmap::single_shot_v3::rep6,deepseek_clean,tpl-3.0.0-roadmap,tpl,C++,deepseek-v4-flash,single_shot_v3,deepseek_clean::deepseek-v4-flash::tpl-3.0.0-roadmap::single_shot_v3,6,0,0,0,0,0,edit_apply_failed,edit_apply_failed,edit_apply_failed,2026-07-07T12:39:32.374658Z,eb65a4b94f553f9e44dac17c
deepseek_clean::deepseek-v4-flash::tpl-3.0.0-roadmap::single_shot_v3::rep7,deepseek_clean,tpl-3.0.0-roadmap,tpl,C++,deepseek-v4-flash,single_shot_v3,deepseek_clean::deepseek-v4-flash::tpl-3.0.0-roadmap::single_shot_v3,7,0,0,0,0,0,edit_apply_failed,edit_apply_failed,edit_apply_failed,2026-07-07T12:40:01.308727Z,760542d2142c1e0750e8a522
deepseek_clean::deepseek-v4-flash::tpl-3.0.0-roadmap::staged_v4::rep0,deepseek_clean,tpl-3.0.0-roadmap,tpl,C++,deepseek-v4-flash,staged_v4,deepseek_clean::deepseek-v4-flash::tpl-3.0.0-roadmap::staged_v4,0,0,0,0,0,0,stage1_plan_failed,stage_state_existing_files_invalid,stage1_plan_failed,2026-07-07T12:38:56.114697Z,249c68f33282fa4c3ea0b175
deepseek_clean::deepseek-v4-flash::tpl-3.0.0-roadmap::staged_v4::rep1,deepseek_clean,tpl-3.0.0-roadmap,tpl,C++,deepseek-v4-flash,staged_v4,deepseek_clean::deepseek-v4-flash::tpl-3.0.0-roadmap::staged_v4,1,0,0,0,0,0,stage1_plan_failed,stage_state_existing_files_invalid,stage1_plan_failed,2026-07-07T12:38:58.174500Z,f038e629be940584cca1fef9
deepseek_clean::deepseek-v4-flash::tpl-3.0.0-roadmap::staged_v4::rep2,deepseek_clean,tpl-3.0.0-roadmap,tpl,C++,deepseek-v4-flash,staged_v4,deepseek_clean::deepseek-v4-flash::tpl-3.0.0-roadmap::staged_v4,2,0,0,0,0,0,stage1_plan_failed,stage_state_existing_files_invalid,stage1_plan_failed,2026-07-07T12:39:00.501796Z,d7fb0cbf7417f1801dd00373
deepseek_clean::deepseek-v4-flash::tpl-3.0.0-roadmap::staged_v4::rep3,deepseek_clean,tpl-3.0.0-roadmap,tpl,C++,deepseek-v4-flash,staged_v4,deepseek_clean::deepseek-v4-flash::tpl-3.0.0-roadmap::staged_v4,3,0,0,0,0,0,stage1_plan_failed,stage_state_existing_files_invalid,stage1_plan_failed,2026-07-07T12:39:02.683420Z,01b1e2977c3897515ac47c10
deepseek_clean::deepseek-v4-flash::tpl-3.0.0-roadmap::staged_v4::rep4,deepseek_clean,tpl-3.0.0-roadmap,tpl,C++,deepseek-v4-flash,staged_v4,deepseek_clean::deepseek-v4-flash::tpl-3.0.0-roadmap::staged_v4,4,0,0,0,0,0,stage1_plan_failed,stage_state_existing_files_invalid,stage1_plan_failed,2026-07-07T12:39:05.064746Z,c4143406ba7495d50e2d6986
deepseek_clean::deepseek-v4-flash::tpl-3.0.0-roadmap::staged_v4::rep5,deepseek_clean,tpl-3.0.0-roadmap,tpl,C++,deepseek-v4-flash,staged_v4,deepseek_clean::deepseek-v4-flash::tpl-3.0.0-roadmap::staged_v4,5,0,0,0,0,0,stage1_plan_failed,stage_state_existing_files_invalid,stage1_plan_failed,2026-07-07T12:39:07.243422Z,dc67ff8e9b44f3644232f305
deepseek_clean::deepseek-v4-flash::tpl-3.0.0-roadmap::staged_v4::rep6,deepseek_clean,tpl-3.0.0-roadmap,tpl,C++,deepseek-v4-flash,staged_v4,deepseek_clean::deepseek-v4-flash::tpl-3.0.0-roadmap::staged_v4,6,0,0,0,0,0,stage1_plan_failed,stage_state_existing_files_invalid,stage1_plan_failed,2026-07-07T12:39:09.513595Z,c435d3e5336773aa3a89a429
deepseek_clean::deepseek-v4-flash::tpl-3.0.0-roadmap::staged_v4::rep7,deepseek_clean,tpl-3.0.0-roadmap,tpl,C++,deepseek-v4-flash,staged_v4,deepseek_clean::deepseek-v4-flash::tpl-3.0.0-roadmap::staged_v4,7,0,0,0,0,0,stage1_plan_failed,stage_state_existing_files_invalid,stage1_plan_failed,2026-07-07T12:39:11.504619Z,957a88784103fe68d7b8f295
deepseek_clean::deepseek-v4-flash::tpl-3.2.0-roadmap::single_shot_v3::rep0,deepseek_clean,tpl-3.2.0-roadmap,tpl,C++,deepseek-v4-flash,single_shot_v3,deepseek_clean::deepseek-v4-flash::tpl-3.2.0-roadmap::single_shot_v3,0,1,1,1,1,1,test_passed,,,2026-07-07T13:42:22.359468Z,2d8a58290ca1201735e8b177
deepseek_clean::deepseek-v4-flash::tpl-3.2.0-roadmap::single_shot_v3::rep1,deepseek_clean,tpl-3.2.0-roadmap,tpl,C++,deepseek-v4-flash,single_shot_v3,deepseek_clean::deepseek-v4-flash::tpl-3.2.0-roadmap::single_shot_v3,1,1,1,1,1,1,test_passed,,,2026-07-07T13:42:30.218796Z,3156ca9ba94555ba65352a13
deepseek_clean::deepseek-v4-flash::tpl-3.2.0-roadmap::single_shot_v3::rep2,deepseek_clean,tpl-3.2.0-roadmap,tpl,C++,deepseek-v4-flash,single_shot_v3,deepseek_clean::deepseek-v4-flash::tpl-3.2.0-roadmap::single_shot_v3,2,1,1,1,1,0,test_failed,,,2026-07-07T13:42:34.348838Z,abc912b8ef0d461655f052d7
deepseek_clean::deepseek-v4-flash::tpl-3.2.0-roadmap::single_shot_v3::rep3,deepseek_clean,tpl-3.2.0-roadmap,tpl,C++,deepseek-v4-flash,single_shot_v3,deepseek_clean::deepseek-v4-flash::tpl-3.2.0-roadmap::single_shot_v3,3,1,1,1,1,1,test_passed,,,2026-07-07T13:42:42.386263Z,3652ca68555af9873f1f24de
deepseek_clean::deepseek-v4-flash::tpl-3.2.0-roadmap::single_shot_v3::rep4,deepseek_clean,tpl-3.2.0-roadmap,tpl,C++,deepseek-v4-flash,single_shot_v3,deepseek_clean::deepseek-v4-flash::tpl-3.2.0-roadmap::single_shot_v3,4,0,0,0,0,0,edit_apply_failed,edit_apply_failed,edit_apply_failed,2026-07-07T12:40:45.345445Z,27b9c1c99b60d37c861be8cc
deepseek_clean::deepseek-v4-flash::tpl-3.2.0-roadmap::single_shot_v3::rep5,deepseek_clean,tpl-3.2.0-roadmap,tpl,C++,deepseek-v4-flash,single_shot_v3,deepseek_clean::deepseek-v4-flash::tpl-3.2.0-roadmap::single_shot_v3,5,1,1,1,1,0,test_failed,,,2026-07-07T13:42:50.274337Z,9f74da7d201c71f79ac73b5f
deepseek_clean::deepseek-v4-flash::tpl-3.2.0-roadmap::single_shot_v3::rep6,deepseek_clean,tpl-3.2.0-roadmap,tpl,C++,deepseek-v4-flash,single_shot_v3,deepseek_clean::deepseek-v4-flash::tpl-3.2.0-roadmap::single_shot_v3,6,0,0,0,0,0,edit_apply_failed,edit_apply_failed,edit_apply_failed,2026-07-07T12:40:46.532134Z,a93ef60e7a5605208326c344
deepseek_clean::deepseek-v4-flash::tpl-3.2.0-roadmap::single_shot_v3::rep7,deepseek_clean,tpl-3.2.0-roadmap,tpl,C++,deepseek-v4-flash,single_shot_v3,deepseek_clean::deepseek-v4-flash::tpl-3.2.0-roadmap::single_shot_v3,7,1,1,1,1,0,test_failed,,,2026-07-07T13:42:58.235792Z,984b7d09f9d09889ce714aa1
deepseek_clean::deepseek-v4-flash::tpl-3.2.0-roadmap::staged_v4::rep0,deepseek_clean,tpl-3.2.0-roadmap,tpl,C++,deepseek-v4-flash,staged_v4,deepseek_clean::deepseek-v4-flash::tpl-3.2.0-roadmap::staged_v4,0,1,1,1,1,0,test_failed,,,2026-07-07T13:43:06.267773Z,c7f66d3e18f8e94c2ef0482f
deepseek_clean::deepseek-v4-flash::tpl-3.2.0-roadmap::staged_v4::rep1,deepseek_clean,tpl-3.2.0-roadmap,tpl,C++,deepseek-v4-flash,staged_v4,deepseek_clean::deepseek-v4-flash::tpl-3.2.0-roadmap::staged_v4,1,1,1,1,1,0,test_failed,,,2026-07-07T13:43:10.353843Z,79291bad2619e3d1e3ff3423
deepseek_clean::deepseek-v4-flash::tpl-3.2.0-roadmap::staged_v4::rep2,deepseek_clean,tpl-3.2.0-roadmap,tpl,C++,deepseek-v4-flash,staged_v4,deepseek_clean::deepseek-v4-flash::tpl-3.2.0-roadmap::staged_v4,2,1,1,1,1,0,test_failed,,,2026-07-07T13:43:18.207970Z,8748c9c767ddf00b54348e0a
deepseek_clean::deepseek-v4-flash::tpl-3.2.0-roadmap::staged_v4::rep3,deepseek_clean,tpl-3.2.0-roadmap,tpl,C++,deepseek-v4-flash,staged_v4,deepseek_clean::deepseek-v4-flash::tpl-3.2.0-roadmap::staged_v4,3,1,1,1,1,0,test_failed,,,2026-07-07T13:43:24.885761Z,7687b23ab64bc87ae40a1eca
deepseek_clean::deepseek-v4-flash::tpl-3.2.0-roadmap::staged_v4::rep4,deepseek_clean,tpl-3.2.0-roadmap,tpl,C++,deepseek-v4-flash,staged_v4,deepseek_clean::deepseek-v4-flash::tpl-3.2.0-roadmap::staged_v4,4,1,1,1,1,1,test_passed,,,2026-07-07T13:43:32.726243Z,e5f7db7dbfa14bd6678d433c
deepseek_clean::deepseek-v4-flash::tpl-3.2.0-roadmap::staged_v4::rep5,deepseek_clean,tpl-3.2.0-roadmap,tpl,C++,deepseek-v4-flash,staged_v4,deepseek_clean::deepseek-v4-flash::tpl-3.2.0-roadmap::staged_v4,5,1,1,1,1,0,test_failed,,,2026-07-07T13:43:36.750045Z,652dc5a1f6fba39ab9c6f21f
deepseek_clean::deepseek-v4-flash::tpl-3.2.0-roadmap::staged_v4::rep6,deepseek_clean,tpl-3.2.0-roadmap,tpl,C++,deepseek-v4-flash,staged_v4,deepseek_clean::deepseek-v4-flash::tpl-3.2.0-roadmap::staged_v4,6,1,1,1,1,1,test_passed,,,2026-07-07T13:43:44.883209Z,31590bc1c91cbb904209ac1a
deepseek_clean::deepseek-v4-flash::tpl-3.2.0-roadmap::staged_v4::rep7,deepseek_clean,tpl-3.2.0-roadmap,tpl,C++,deepseek-v4-flash,staged_v4,deepseek_clean::deepseek-v4-flash::tpl-3.2.0-roadmap::staged_v4,7,1,1,1,1,1,test_passed,,,2026-07-07T13:43:53.145078Z,6d97e716d5244cfad1e9fd77
deepseek_clean::deepseek-v4-flash::tpl-3.3.0-roadmap::single_shot_v3::rep0,deepseek_clean,tpl-3.3.0-roadmap,tpl,C++,deepseek-v4-flash,single_shot_v3,deepseek_clean::deepseek-v4-flash::tpl-3.3.0-roadmap::single_shot_v3,0,1,1,1,1,1,test_passed,,,2026-07-07T13:44:00.309901Z,217fe4f5c574f36f4c5295ec
deepseek_clean::deepseek-v4-flash::tpl-3.3.0-roadmap::single_shot_v3::rep1,deepseek_clean,tpl-3.3.0-roadmap,tpl,C++,deepseek-v4-flash,single_shot_v3,deepseek_clean::deepseek-v4-flash::tpl-3.3.0-roadmap::single_shot_v3,1,0,0,0,0,0,edit_apply_failed,edit_apply_failed,edit_apply_failed,2026-07-07T12:42:53.821958Z,5a0e5b5e5d10acc0e0177d34
deepseek_clean::deepseek-v4-flash::tpl-3.3.0-roadmap::single_shot_v3::rep2,deepseek_clean,tpl-3.3.0-roadmap,tpl,C++,deepseek-v4-flash,single_shot_v3,deepseek_clean::deepseek-v4-flash::tpl-3.3.0-roadmap::single_shot_v3,2,0,0,0,0,0,edit_apply_failed,edit_apply_failed,edit_apply_failed,2026-07-07T12:42:42.063207Z,8201c05bab1fdaea4fe39330
deepseek_clean::deepseek-v4-flash::tpl-3.3.0-roadmap::single_shot_v3::rep3,deepseek_clean,tpl-3.3.0-roadmap,tpl,C++,deepseek-v4-flash,single_shot_v3,deepseek_clean::deepseek-v4-flash::tpl-3.3.0-roadmap::single_shot_v3,3,0,0,0,0,0,edit_apply_failed,edit_apply_failed,edit_apply_failed,2026-07-07T12:42:54.086010Z,01a7b4a9e68b133f055fa370
deepseek_clean::deepseek-v4-flash::tpl-3.3.0-roadmap::single_shot_v3::rep4,deepseek_clean,tpl-3.3.0-roadmap,tpl,C++,deepseek-v4-flash,single_shot_v3,deepseek_clean::deepseek-v4-flash::tpl-3.3.0-roadmap::single_shot_v3,4,0,0,0,0,0,edit_apply_failed,edit_apply_failed,edit_apply_failed,2026-07-07T12:43:15.064725Z,6ff96918f9aa4f8e336cd689
deepseek_clean::deepseek-v4-flash::tpl-3.3.0-roadmap::single_shot_v3::rep5,deepseek_clean,tpl-3.3.0-roadmap,tpl,C++,deepseek-v4-flash,single_shot_v3,deepseek_clean::deepseek-v4-flash::tpl-3.3.0-roadmap::single_shot_v3,5,0,0,0,0,0,edit_apply_failed,edit_apply_failed,edit_apply_failed,2026-07-07T12:43:27.374063Z,ccd3a752dff501bd2ebdd333
deepseek_clean::deepseek-v4-flash::tpl-3.3.0-roadmap::single_shot_v3::rep6,deepseek_clean,tpl-3.3.0-roadmap,tpl,C++,deepseek-v4-flash,single_shot_v3,deepseek_clean::deepseek-v4-flash::tpl-3.3.0-roadmap::single_shot_v3,6,1,1,1,1,0,test_failed,,,2026-07-07T13:44:06.223863Z,380228190d131d8af7531f98
deepseek_clean::deepseek-v4-flash::tpl-3.3.0-roadmap::single_shot_v3::rep7,deepseek_clean,tpl-3.3.0-roadmap,tpl,C++,deepseek-v4-flash,single_shot_v3,deepseek_clean::deepseek-v4-flash::tpl-3.3.0-roadmap::single_shot_v3,7,0,0,0,0,0,edit_apply_failed,edit_apply_failed,edit_apply_failed,2026-07-07T12:43:15.789498Z,592ee1d4f241cabde961150a
deepseek_clean::deepseek-v4-flash::tpl-3.3.0-roadmap::staged_v4::rep0,deepseek_clean,tpl-3.3.0-roadmap,tpl,C++,deepseek-v4-flash,staged_v4,deepseek_clean::deepseek-v4-flash::tpl-3.3.0-roadmap::staged_v4,0,1,1,1,1,0,test_failed,,,2026-07-07T13:44:11.341409Z,9d25555a29b34790e6ffe735
deepseek_clean::deepseek-v4-flash::tpl-3.3.0-roadmap::staged_v4::rep1,deepseek_clean,tpl-3.3.0-roadmap,tpl,C++,deepseek-v4-flash,staged_v4,deepseek_clean::deepseek-v4-flash::tpl-3.3.0-roadmap::staged_v4,1,0,0,0,0,0,edit_apply_failed,edit_apply_failed,edit_apply_failed,2026-07-07T12:46:28.540793Z,8a98652a8db462a1a0da7ed4
deepseek_clean::deepseek-v4-flash::tpl-3.3.0-roadmap::staged_v4::rep2,deepseek_clean,tpl-3.3.0-roadmap,tpl,C++,deepseek-v4-flash,staged_v4,deepseek_clean::deepseek-v4-flash::tpl-3.3.0-roadmap::staged_v4,2,0,0,0,0,0,stage2_contract_failed,candidate_edit_ops_invalid,stage2_contract_failed,2026-07-07T12:46:37.723522Z,5fc7bfecdb2da8d3b275bb3d
deepseek_clean::deepseek-v4-flash::tpl-3.3.0-roadmap::staged_v4::rep3,deepseek_clean,tpl-3.3.0-roadmap,tpl,C++,deepseek-v4-flash,staged_v4,deepseek_clean::deepseek-v4-flash::tpl-3.3.0-roadmap::staged_v4,3,1,1,1,1,0,test_failed,,,2026-07-07T13:44:16.468106Z,f95ee88a17e7d805ffcebe18
deepseek_clean::deepseek-v4-flash::tpl-3.3.0-roadmap::staged_v4::rep4,deepseek_clean,tpl-3.3.0-roadmap,tpl,C++,deepseek-v4-flash,staged_v4,deepseek_clean::deepseek-v4-flash::tpl-3.3.0-roadmap::staged_v4,4,0,0,0,0,0,edit_apply_failed,edit_apply_failed,edit_apply_failed,2026-07-07T12:44:01.407045Z,27bbe4b13bba0a4c39dc8816
deepseek_clean::deepseek-v4-flash::tpl-3.3.0-roadmap::staged_v4::rep5,deepseek_clean,tpl-3.3.0-roadmap,tpl,C++,deepseek-v4-flash,staged_v4,deepseek_clean::deepseek-v4-flash::tpl-3.3.0-roadmap::staged_v4,5,0,0,0,0,0,edit_apply_failed,edit_apply_failed,edit_apply_failed,2026-07-07T12:44:10.927911Z,5a364857895956b564a5bdd1
deepseek_clean::deepseek-v4-flash::tpl-3.3.0-roadmap::staged_v4::rep6,deepseek_clean,tpl-3.3.0-roadmap,tpl,C++,deepseek-v4-flash,staged_v4,deepseek_clean::deepseek-v4-flash::tpl-3.3.0-roadmap::staged_v4,6,0,0,0,0,0,edit_apply_failed,edit_apply_failed,edit_apply_failed,2026-07-07T12:44:32.253289Z,61cbbbd762e937df56847e2b
deepseek_clean::deepseek-v4-flash::tpl-3.3.0-roadmap::staged_v4::rep7,deepseek_clean,tpl-3.3.0-roadmap,tpl,C++,deepseek-v4-flash,staged_v4,deepseek_clean::deepseek-v4-flash::tpl-3.3.0-roadmap::staged_v4,7,1,1,1,1,0,test_failed,,,2026-07-07T13:44:21.523551Z,31f27394bbda18f4d304a8f9
deepseek_clean::deepseek-v4-flash::tpl-4.0.0-roadmap::single_shot_v3::rep0,deepseek_clean,tpl-4.0.0-roadmap,tpl,C++,deepseek-v4-flash,single_shot_v3,deepseek_clean::deepseek-v4-flash::tpl-4.0.0-roadmap::single_shot_v3,0,0,0,0,0,0,edit_json_invalid,edit_json_invalid,edit_json_invalid,2026-07-07T12:46:14.140228Z,b9612b9507f7c6450733b783
deepseek_clean::deepseek-v4-flash::tpl-4.0.0-roadmap::single_shot_v3::rep1,deepseek_clean,tpl-4.0.0-roadmap,tpl,C++,deepseek-v4-flash,single_shot_v3,deepseek_clean::deepseek-v4-flash::tpl-4.0.0-roadmap::single_shot_v3,1,1,1,1,1,0,test_failed,,,2026-07-07T13:44:29.607973Z,b340fb863b64139636dc6aa9
deepseek_clean::deepseek-v4-flash::tpl-4.0.0-roadmap::single_shot_v3::rep2,deepseek_clean,tpl-4.0.0-roadmap,tpl,C++,deepseek-v4-flash,single_shot_v3,deepseek_clean::deepseek-v4-flash::tpl-4.0.0-roadmap::single_shot_v3,2,1,1,1,1,0,test_failed,,,2026-07-07T13:44:37.775331Z,83478e5c6c174087fb1a4f7f
deepseek_clean::deepseek-v4-flash::tpl-4.0.0-roadmap::single_shot_v3::rep3,deepseek_clean,tpl-4.0.0-roadmap,tpl,C++,deepseek-v4-flash,single_shot_v3,deepseek_clean::deepseek-v4-flash::tpl-4.0.0-roadmap::single_shot_v3,3,1,1,1,1,0,test_failed,,,2026-07-07T13:44:45.589130Z,008bc64a1ff92b4c0b702ed1
deepseek_clean::deepseek-v4-flash::tpl-4.0.0-roadmap::single_shot_v3::rep4,deepseek_clean,tpl-4.0.0-roadmap,tpl,C++,deepseek-v4-flash,single_shot_v3,deepseek_clean::deepseek-v4-flash::tpl-4.0.0-roadmap::single_shot_v3,4,1,1,1,1,0,test_failed,,,2026-07-07T13:44:53.564940Z,5babd98b88c185c0f1ac19a1
deepseek_clean::deepseek-v4-flash::tpl-4.0.0-roadmap::single_shot_v3::rep5,deepseek_clean,tpl-4.0.0-roadmap,tpl,C++,deepseek-v4-flash,single_shot_v3,deepseek_clean::deepseek-v4-flash::tpl-4.0.0-roadmap::single_shot_v3,5,0,0,0,0,0,finish_reason_length,edit_json_invalid,finish_reason_length,2026-07-07T12:49:34.108319Z,828147f6bea0db10096d2a48
deepseek_clean::deepseek-v4-flash::tpl-4.0.0-roadmap::single_shot_v3::rep6,deepseek_clean,tpl-4.0.0-roadmap,tpl,C++,deepseek-v4-flash,single_shot_v3,deepseek_clean::deepseek-v4-flash::tpl-4.0.0-roadmap::single_shot_v3,6,0,0,0,0,0,edit_apply_failed,edit_apply_failed,edit_apply_failed,2026-07-07T12:50:15.044414Z,2b8dc980dae4a57dcae373cf
deepseek_clean::deepseek-v4-flash::tpl-4.0.0-roadmap::single_shot_v3::rep7,deepseek_clean,tpl-4.0.0-roadmap,tpl,C++,deepseek-v4-flash,single_shot_v3,deepseek_clean::deepseek-v4-flash::tpl-4.0.0-roadmap::single_shot_v3,7,0,0,0,0,0,finish_reason_length,edit_json_invalid,finish_reason_length,2026-07-07T12:51:34.147943Z,7b0b1b90fa1589c3eb74f791
deepseek_clean::deepseek-v4-flash::tpl-4.0.0-roadmap::staged_v4::rep0,deepseek_clean,tpl-4.0.0-roadmap,tpl,C++,deepseek-v4-flash,staged_v4,deepseek_clean::deepseek-v4-flash::tpl-4.0.0-roadmap::staged_v4,0,0,0,0,0,0,stage1_plan_failed,stage_state_existing_files_invalid,stage1_plan_failed,2026-07-07T12:48:39.147341Z,6e603168a13db077f34f74e4
deepseek_clean::deepseek-v4-flash::tpl-4.0.0-roadmap::staged_v4::rep1,deepseek_clean,tpl-4.0.0-roadmap,tpl,C++,deepseek-v4-flash,staged_v4,deepseek_clean::deepseek-v4-flash::tpl-4.0.0-roadmap::staged_v4,1,0,0,0,0,0,stage1_plan_failed,stage_state_existing_files_invalid,stage1_plan_failed,2026-07-07T12:48:41.437043Z,7cb84d02782aaeb0ccb480c7
deepseek_clean::deepseek-v4-flash::tpl-4.0.0-roadmap::staged_v4::rep2,deepseek_clean,tpl-4.0.0-roadmap,tpl,C++,deepseek-v4-flash,staged_v4,deepseek_clean::deepseek-v4-flash::tpl-4.0.0-roadmap::staged_v4,2,0,0,0,0,0,stage1_plan_failed,stage_state_existing_files_invalid,stage1_plan_failed,2026-07-07T12:48:43.655108Z,2da7ab1bd679080e99535316
deepseek_clean::deepseek-v4-flash::tpl-4.0.0-roadmap::staged_v4::rep3,deepseek_clean,tpl-4.0.0-roadmap,tpl,C++,deepseek-v4-flash,staged_v4,deepseek_clean::deepseek-v4-flash::tpl-4.0.0-roadmap::staged_v4,3,0,0,0,0,0,stage1_plan_failed,stage_state_existing_files_invalid,stage1_plan_failed,2026-07-07T12:48:46.007141Z,dc47ac8f0d67e14a4ca2e528
deepseek_clean::deepseek-v4-flash::tpl-4.0.0-roadmap::staged_v4::rep4,deepseek_clean,tpl-4.0.0-roadmap,tpl,C++,deepseek-v4-flash,staged_v4,deepseek_clean::deepseek-v4-flash::tpl-4.0.0-roadmap::staged_v4,4,0,0,0,0,0,stage1_plan_failed,stage_state_existing_files_invalid,stage1_plan_failed,2026-07-07T12:48:48.274469Z,c0a8fe062a9b344530730821
deepseek_clean::deepseek-v4-flash::tpl-4.0.0-roadmap::staged_v4::rep5,deepseek_clean,tpl-4.0.0-roadmap,tpl,C++,deepseek-v4-flash,staged_v4,deepseek_clean::deepseek-v4-flash::tpl-4.0.0-roadmap::staged_v4,5,0,0,0,0,0,stage1_plan_failed,stage_state_existing_files_invalid,stage1_plan_failed,2026-07-07T12:48:50.579655Z,842e3c7c2fcecd3d4eb6628b
deepseek_clean::deepseek-v4-flash::tpl-4.0.0-roadmap::staged_v4::rep6,deepseek_clean,tpl-4.0.0-roadmap,tpl,C++,deepseek-v4-flash,staged_v4,deepseek_clean::deepseek-v4-flash::tpl-4.0.0-roadmap::staged_v4,6,0,0,0,0,0,stage1_plan_failed,stage_state_existing_files_invalid,stage1_plan_failed,2026-07-07T12:48:52.816988Z,c868212149c8d71171c806da
deepseek_clean::deepseek-v4-flash::tpl-4.0.0-roadmap::staged_v4::rep7,deepseek_clean,tpl-4.0.0-roadmap,tpl,C++,deepseek-v4-flash,staged_v4,deepseek_clean::deepseek-v4-flash::tpl-4.0.0-roadmap::staged_v4,7,0,0,0,0,0,stage1_plan_failed,stage_state_existing_files_invalid,stage1_plan_failed,2026-07-07T12:48:55.000308Z,10c76f0dee0b3431bd1a7622
deepseek_clean::deepseek-v4-flash::tpl-5.0.0-roadmap::single_shot_v3::rep0,deepseek_clean,tpl-5.0.0-roadmap,tpl,C++,deepseek-v4-flash,single_shot_v3,deepseek_clean::deepseek-v4-flash::tpl-5.0.0-roadmap::single_shot_v3,0,1,1,1,1,0,test_failed,,,2026-07-07T13:44:59.333874Z,195493a55f32d9e564b4fc31
deepseek_clean::deepseek-v4-flash::tpl-5.0.0-roadmap::single_shot_v3::rep1,deepseek_clean,tpl-5.0.0-roadmap,tpl,C++,deepseek-v4-flash,single_shot_v3,deepseek_clean::deepseek-v4-flash::tpl-5.0.0-roadmap::single_shot_v3,1,1,1,1,1,0,test_failed,,,2026-07-07T13:45:04.639849Z,1f2ee434e16506af78e65563
deepseek_clean::deepseek-v4-flash::tpl-5.0.0-roadmap::single_shot_v3::rep2,deepseek_clean,tpl-5.0.0-roadmap,tpl,C++,deepseek-v4-flash,single_shot_v3,deepseek_clean::deepseek-v4-flash::tpl-5.0.0-roadmap::single_shot_v3,2,1,1,1,1,0,test_failed,,,2026-07-07T13:45:10.688652Z,74535873cd72b0f974988406
deepseek_clean::deepseek-v4-flash::tpl-5.0.0-roadmap::single_shot_v3::rep3,deepseek_clean,tpl-5.0.0-roadmap,tpl,C++,deepseek-v4-flash,single_shot_v3,deepseek_clean::deepseek-v4-flash::tpl-5.0.0-roadmap::single_shot_v3,3,1,1,1,1,0,test_failed,,,2026-07-07T13:45:16.099439Z,3bf0a408f1762d751cde6dd1
deepseek_clean::deepseek-v4-flash::tpl-5.0.0-roadmap::single_shot_v3::rep4,deepseek_clean,tpl-5.0.0-roadmap,tpl,C++,deepseek-v4-flash,single_shot_v3,deepseek_clean::deepseek-v4-flash::tpl-5.0.0-roadmap::single_shot_v3,4,1,1,1,1,0,test_failed,,,2026-07-07T13:45:21.769963Z,ed6b039f3d7b632abd8da5b5
deepseek_clean::deepseek-v4-flash::tpl-5.0.0-roadmap::single_shot_v3::rep5,deepseek_clean,tpl-5.0.0-roadmap,tpl,C++,deepseek-v4-flash,single_shot_v3,deepseek_clean::deepseek-v4-flash::tpl-5.0.0-roadmap::single_shot_v3,5,0,0,0,0,0,edit_apply_failed,edit_apply_failed,edit_apply_failed,2026-07-07T12:55:42.206802Z,5f28aa94e49169b5e0e2e2e8
deepseek_clean::deepseek-v4-flash::tpl-5.0.0-roadmap::single_shot_v3::rep6,deepseek_clean,tpl-5.0.0-roadmap,tpl,C++,deepseek-v4-flash,single_shot_v3,deepseek_clean::deepseek-v4-flash::tpl-5.0.0-roadmap::single_shot_v3,6,1,1,1,1,0,test_failed,,,2026-07-07T13:45:26.928059Z,4e0f643282ee8815b1e9f5c4
deepseek_clean::deepseek-v4-flash::tpl-5.0.0-roadmap::single_shot_v3::rep7,deepseek_clean,tpl-5.0.0-roadmap,tpl,C++,deepseek-v4-flash,single_shot_v3,deepseek_clean::deepseek-v4-flash::tpl-5.0.0-roadmap::single_shot_v3,7,1,1,1,1,0,test_failed,,,2026-07-07T13:45:32.054964Z,40d8b628fccb3487cd4b8194
deepseek_clean::deepseek-v4-flash::tpl-5.0.0-roadmap::staged_v4::rep0,deepseek_clean,tpl-5.0.0-roadmap,tpl,C++,deepseek-v4-flash,staged_v4,deepseek_clean::deepseek-v4-flash::tpl-5.0.0-roadmap::staged_v4,0,0,0,0,0,0,stage1_plan_failed,stage_state_existing_files_invalid,stage1_plan_failed,2026-07-07T12:55:45.052488Z,3638b0d091fb20240b8cd178
deepseek_clean::deepseek-v4-flash::tpl-5.0.0-roadmap::staged_v4::rep1,deepseek_clean,tpl-5.0.0-roadmap,tpl,C++,deepseek-v4-flash,staged_v4,deepseek_clean::deepseek-v4-flash::tpl-5.0.0-roadmap::staged_v4,1,0,0,0,0,0,stage1_plan_failed,stage_state_existing_files_invalid,stage1_plan_failed,2026-07-07T12:55:48.141534Z,2e504980761048bf862e4953
deepseek_clean::deepseek-v4-flash::tpl-5.0.0-roadmap::staged_v4::rep2,deepseek_clean,tpl-5.0.0-roadmap,tpl,C++,deepseek-v4-flash,staged_v4,deepseek_clean::deepseek-v4-flash::tpl-5.0.0-roadmap::staged_v4,2,0,0,0,0,0,stage1_plan_failed,stage_state_existing_files_invalid,stage1_plan_failed,2026-07-07T12:55:50.683588Z,2b8fdb56d9bb1c649ebb748e
deepseek_clean::deepseek-v4-flash::tpl-5.0.0-roadmap::staged_v4::rep3,deepseek_clean,tpl-5.0.0-roadmap,tpl,C++,deepseek-v4-flash,staged_v4,deepseek_clean::deepseek-v4-flash::tpl-5.0.0-roadmap::staged_v4,3,0,0,0,0,0,stage1_plan_failed,stage_state_existing_files_invalid,stage1_plan_failed,2026-07-07T12:55:53.771916Z,9ba571d1495702c2df3ef563
deepseek_clean::deepseek-v4-flash::tpl-5.0.0-roadmap::staged_v4::rep4,deepseek_clean,tpl-5.0.0-roadmap,tpl,C++,deepseek-v4-flash,staged_v4,deepseek_clean::deepseek-v4-flash::tpl-5.0.0-roadmap::staged_v4,4,0,0,0,0,0,stage1_plan_failed,stage_state_existing_files_invalid,stage1_plan_failed,2026-07-07T12:55:54.136870Z,ae2d5e3af0ab639cbe1ee267
deepseek_clean::deepseek-v4-flash::tpl-5.0.0-roadmap::staged_v4::rep5,deepseek_clean,tpl-5.0.0-roadmap,tpl,C++,deepseek-v4-flash,staged_v4,deepseek_clean::deepseek-v4-flash::tpl-5.0.0-roadmap::staged_v4,5,0,0,0,0,0,stage1_plan_failed,stage_state_existing_files_invalid,stage1_plan_failed,2026-07-07T12:55:56.838082Z,40fc32bfa99640c790730caa
deepseek_clean::deepseek-v4-flash::tpl-5.0.0-roadmap::staged_v4::rep6,deepseek_clean,tpl-5.0.0-roadmap,tpl,C++,deepseek-v4-flash,staged_v4,deepseek_clean::deepseek-v4-flash::tpl-5.0.0-roadmap::staged_v4,6,0,0,0,0,0,stage1_plan_failed,stage_state_existing_files_invalid,stage1_plan_failed,2026-07-07T12:55:56.854322Z,9211a41b1111cd1db95ad2b2
deepseek_clean::deepseek-v4-flash::tpl-5.0.0-roadmap::staged_v4::rep7,deepseek_clean,tpl-5.0.0-roadmap,tpl,C++,deepseek-v4-flash,staged_v4,deepseek_clean::deepseek-v4-flash::tpl-5.0.0-roadmap::staged_v4,7,0,0,0,0,0,stage1_plan_failed,stage_state_existing_files_invalid,stage1_plan_failed,2026-07-07T12:55:59.892419Z,32a33a091e0f300c5eb683d8
deepseek_clean::deepseek-v4-flash::tpl-5.1.0-roadmap::single_shot_v3::rep0,deepseek_clean,tpl-5.1.0-roadmap,tpl,C++,deepseek-v4-flash,single_shot_v3,deepseek_clean::deepseek-v4-flash::tpl-5.1.0-roadmap::single_shot_v3,0,0,0,0,0,0,edit_path_disallowed,edit_path_disallowed,edit_path_disallowed,2026-07-07T12:56:25.123930Z,74fda7ab14124948571c8d3e
deepseek_clean::deepseek-v4-flash::tpl-5.1.0-roadmap::single_shot_v3::rep1,deepseek_clean,tpl-5.1.0-roadmap,tpl,C++,deepseek-v4-flash,single_shot_v3,deepseek_clean::deepseek-v4-flash::tpl-5.1.0-roadmap::single_shot_v3,1,0,0,0,0,0,edit_path_disallowed,edit_path_disallowed,edit_path_disallowed,2026-07-07T12:56:29.825300Z,19b9eeba8f6ed96b271d6ccd
deepseek_clean::deepseek-v4-flash::tpl-5.1.0-roadmap::single_shot_v3::rep2,deepseek_clean,tpl-5.1.0-roadmap,tpl,C++,deepseek-v4-flash,single_shot_v3,deepseek_clean::deepseek-v4-flash::tpl-5.1.0-roadmap::single_shot_v3,2,0,0,0,0,0,edit_path_disallowed,edit_path_disallowed,edit_path_disallowed,2026-07-07T12:56:57.756880Z,196ed81590c460e39aed137d
deepseek_clean::deepseek-v4-flash::tpl-5.1.0-roadmap::single_shot_v3::rep3,deepseek_clean,tpl-5.1.0-roadmap,tpl,C++,deepseek-v4-flash,single_shot_v3,deepseek_clean::deepseek-v4-flash::tpl-5.1.0-roadmap::single_shot_v3,3,0,0,0,0,0,edit_path_disallowed,edit_path_disallowed,edit_path_disallowed,2026-07-07T12:56:59.405915Z,442bd77b68ed4a138126e65b
deepseek_clean::deepseek-v4-flash::tpl-5.1.0-roadmap::single_shot_v3::rep4,deepseek_clean,tpl-5.1.0-roadmap,tpl,C++,deepseek-v4-flash,single_shot_v3,deepseek_clean::deepseek-v4-flash::tpl-5.1.0-roadmap::single_shot_v3,4,0,0,0,0,0,edit_path_disallowed,edit_path_disallowed,edit_path_disallowed,2026-07-07T12:57:27.193015Z,2dbaafaa3599b51a60a2a67b
deepseek_clean::deepseek-v4-flash::tpl-5.1.0-roadmap::single_shot_v3::rep5,deepseek_clean,tpl-5.1.0-roadmap,tpl,C++,deepseek-v4-flash,single_shot_v3,deepseek_clean::deepseek-v4-flash::tpl-5.1.0-roadmap::single_shot_v3,5,0,0,0,0,0,edit_json_invalid,edit_json_invalid,edit_json_invalid,2026-07-07T12:57:25.333818Z,65aec83c4e7815eac42c083b
deepseek_clean::deepseek-v4-flash::tpl-5.1.0-roadmap::single_shot_v3::rep6,deepseek_clean,tpl-5.1.0-roadmap,tpl,C++,deepseek-v4-flash,single_shot_v3,deepseek_clean::deepseek-v4-flash::tpl-5.1.0-roadmap::single_shot_v3,6,0,0,0,0,0,edit_path_disallowed,edit_path_disallowed,edit_path_disallowed,2026-07-07T12:57:36.738793Z,de4d8f16daa6ed3856ba0b71
deepseek_clean::deepseek-v4-flash::tpl-5.1.0-roadmap::single_shot_v3::rep7,deepseek_clean,tpl-5.1.0-roadmap,tpl,C++,deepseek-v4-flash,single_shot_v3,deepseek_clean::deepseek-v4-flash::tpl-5.1.0-roadmap::single_shot_v3,7,0,0,0,0,0,edit_path_disallowed,edit_path_disallowed,edit_path_disallowed,2026-07-07T12:57:54.915110Z,6e802fc22602ce70edada5fb
deepseek_clean::deepseek-v4-flash::tpl-5.1.0-roadmap::staged_v4::rep0,deepseek_clean,tpl-5.1.0-roadmap,tpl,C++,deepseek-v4-flash,staged_v4,deepseek_clean::deepseek-v4-flash::tpl-5.1.0-roadmap::staged_v4,0,0,0,0,0,0,stage1_plan_failed,stage_state_existing_files_invalid,stage1_plan_failed,2026-07-07T12:57:30.273821Z,3fd2155135938eac75df3124
deepseek_clean::deepseek-v4-flash::tpl-5.1.0-roadmap::staged_v4::rep1,deepseek_clean,tpl-5.1.0-roadmap,tpl,C++,deepseek-v4-flash,staged_v4,deepseek_clean::deepseek-v4-flash::tpl-5.1.0-roadmap::staged_v4,1,0,0,0,0,0,stage1_plan_failed,stage_state_existing_files_invalid,stage1_plan_failed,2026-07-07T12:57:32.770496Z,05601122d44ca5c625e2a468
deepseek_clean::deepseek-v4-flash::tpl-5.1.0-roadmap::staged_v4::rep2,deepseek_clean,tpl-5.1.0-roadmap,tpl,C++,deepseek-v4-flash,staged_v4,deepseek_clean::deepseek-v4-flash::tpl-5.1.0-roadmap::staged_v4,2,0,0,0,0,0,stage1_plan_failed,stage_state_existing_files_invalid,stage1_plan_failed,2026-07-07T12:57:35.113290Z,4140c5f8a2ff211943c15a8f
deepseek_clean::deepseek-v4-flash::tpl-5.1.0-roadmap::staged_v4::rep3,deepseek_clean,tpl-5.1.0-roadmap,tpl,C++,deepseek-v4-flash,staged_v4,deepseek_clean::deepseek-v4-flash::tpl-5.1.0-roadmap::staged_v4,3,0,0,0,0,0,stage1_plan_failed,stage_state_existing_files_invalid,stage1_plan_failed,2026-07-07T12:57:37.211706Z,8ba3bd6dcc268327b3f74c9d
deepseek_clean::deepseek-v4-flash::tpl-5.1.0-roadmap::staged_v4::rep4,deepseek_clean,tpl-5.1.0-roadmap,tpl,C++,deepseek-v4-flash,staged_v4,deepseek_clean::deepseek-v4-flash::tpl-5.1.0-roadmap::staged_v4,4,0,0,0,0,0,stage1_plan_failed,stage_state_existing_files_invalid,stage1_plan_failed,2026-07-07T12:57:39.322650Z,8c0c85e58d91cedf5ca77b00
deepseek_clean::deepseek-v4-flash::tpl-5.1.0-roadmap::staged_v4::rep5,deepseek_clean,tpl-5.1.0-roadmap,tpl,C++,deepseek-v4-flash,staged_v4,deepseek_clean::deepseek-v4-flash::tpl-5.1.0-roadmap::staged_v4,5,0,0,0,0,0,stage1_plan_failed,stage_state_existing_files_invalid,stage1_plan_failed,2026-07-07T12:57:40.418837Z,9c9ffcc96ac5e4ee0040690b
deepseek_clean::deepseek-v4-flash::tpl-5.1.0-roadmap::staged_v4::rep6,deepseek_clean,tpl-5.1.0-roadmap,tpl,C++,deepseek-v4-flash,staged_v4,deepseek_clean::deepseek-v4-flash::tpl-5.1.0-roadmap::staged_v4,6,0,0,0,0,0,stage1_plan_failed,stage_state_existing_files_invalid,stage1_plan_failed,2026-07-07T12:57:42.296584Z,b50df78f1f92ffa0d5981ed8
deepseek_clean::deepseek-v4-flash::tpl-5.1.0-roadmap::staged_v4::rep7,deepseek_clean,tpl-5.1.0-roadmap,tpl,C++,deepseek-v4-flash,staged_v4,deepseek_clean::deepseek-v4-flash::tpl-5.1.0-roadmap::staged_v4,7,0,0,0,0,0,stage1_plan_failed,stage_state_existing_files_invalid,stage1_plan_failed,2026-07-07T12:57:43.379130Z,ae54209f5af30faec2339c1b
deepseek_clean::deepseek-v4-pro::dsl-2.1.0-roadmap::single_shot_v3::rep0,deepseek_clean,dsl-2.1.0-roadmap,dsl,Rust,deepseek-v4-pro,single_shot_v3,deepseek_clean::deepseek-v4-pro::dsl-2.1.0-roadmap::single_shot_v3,0,0,0,0,0,0,edit_path_disallowed,edit_path_disallowed,edit_path_disallowed,2026-07-07T13:49:20.134883Z,c65290e6f05252c49ce621cb
deepseek_clean::deepseek-v4-pro::dsl-2.1.0-roadmap::single_shot_v3::rep1,deepseek_clean,dsl-2.1.0-roadmap,dsl,Rust,deepseek-v4-pro,single_shot_v3,deepseek_clean::deepseek-v4-pro::dsl-2.1.0-roadmap::single_shot_v3,1,0,0,0,0,0,edit_apply_failed,edit_apply_failed,edit_apply_failed,2026-07-07T13:48:55.598157Z,6a59a0f33519a761992708c5
deepseek_clean::deepseek-v4-pro::dsl-2.1.0-roadmap::single_shot_v3::rep2,deepseek_clean,dsl-2.1.0-roadmap,dsl,Rust,deepseek-v4-pro,single_shot_v3,deepseek_clean::deepseek-v4-pro::dsl-2.1.0-roadmap::single_shot_v3,2,0,0,0,0,0,edit_apply_failed,edit_apply_failed,edit_apply_failed,2026-07-07T13:48:54.678431Z,23ac4cf61b2776c22eae6262
deepseek_clean::deepseek-v4-pro::dsl-2.1.0-roadmap::single_shot_v3::rep3,deepseek_clean,dsl-2.1.0-roadmap,dsl,Rust,deepseek-v4-pro,single_shot_v3,deepseek_clean::deepseek-v4-pro::dsl-2.1.0-roadmap::single_shot_v3,3,0,0,0,0,0,edit_apply_failed,edit_apply_failed,edit_apply_failed,2026-07-07T13:48:53.739597Z,a37479e84ba96ebdd41c9f62
deepseek_clean::deepseek-v4-pro::dsl-2.1.0-roadmap::single_shot_v3::rep4,deepseek_clean,dsl-2.1.0-roadmap,dsl,Rust,deepseek-v4-pro,single_shot_v3,deepseek_clean::deepseek-v4-pro::dsl-2.1.0-roadmap::single_shot_v3,4,0,0,0,0,0,edit_apply_failed,edit_apply_failed,edit_apply_failed,2026-07-07T13:52:01.470072Z,a13dbe656ce20f8245badcf1
deepseek_clean::deepseek-v4-pro::dsl-2.1.0-roadmap::single_shot_v3::rep5,deepseek_clean,dsl-2.1.0-roadmap,dsl,Rust,deepseek-v4-pro,single_shot_v3,deepseek_clean::deepseek-v4-pro::dsl-2.1.0-roadmap::single_shot_v3,5,0,0,0,0,0,edit_apply_failed,edit_apply_failed,edit_apply_failed,2026-07-07T13:50:57.497555Z,4d010e7a5ded136f075fb7be
deepseek_clean::deepseek-v4-pro::dsl-2.1.0-roadmap::single_shot_v3::rep6,deepseek_clean,dsl-2.1.0-roadmap,dsl,Rust,deepseek-v4-pro,single_shot_v3,deepseek_clean::deepseek-v4-pro::dsl-2.1.0-roadmap::single_shot_v3,6,0,0,0,0,0,edit_apply_failed,edit_apply_failed,edit_apply_failed,2026-07-07T13:49:55.346539Z,f7792271fc245f757948f6c9
deepseek_clean::deepseek-v4-pro::dsl-2.1.0-roadmap::single_shot_v3::rep7,deepseek_clean,dsl-2.1.0-roadmap,dsl,Rust,deepseek-v4-pro,single_shot_v3,deepseek_clean::deepseek-v4-pro::dsl-2.1.0-roadmap::single_shot_v3,7,0,0,0,0,0,edit_apply_failed,edit_apply_failed,edit_apply_failed,2026-07-07T13:50:19.948081Z,9ce24703226dd07ab2623e42
deepseek_clean::deepseek-v4-pro::dsl-2.1.0-roadmap::staged_v4::rep0,deepseek_clean,dsl-2.1.0-roadmap,dsl,Rust,deepseek-v4-pro,staged_v4,deepseek_clean::deepseek-v4-pro::dsl-2.1.0-roadmap::staged_v4,0,1,1,1,1,0,test_failed,,,2026-07-07T18:36:37.374230Z,6f31bc063634aa0c569640ac
deepseek_clean::deepseek-v4-pro::dsl-2.1.0-roadmap::staged_v4::rep1,deepseek_clean,dsl-2.1.0-roadmap,dsl,Rust,deepseek-v4-pro,staged_v4,deepseek_clean::deepseek-v4-pro::dsl-2.1.0-roadmap::staged_v4,1,0,0,0,0,0,stage2_contract_failed,stage2_edit_outside_stage_state,stage2_contract_failed,2026-07-07T13:55:59.303375Z,a4abc6ca590dfa427322bf52
deepseek_clean::deepseek-v4-pro::dsl-2.1.0-roadmap::staged_v4::rep2,deepseek_clean,dsl-2.1.0-roadmap,dsl,Rust,deepseek-v4-pro,staged_v4,deepseek_clean::deepseek-v4-pro::dsl-2.1.0-roadmap::staged_v4,2,0,0,0,0,0,stage2_contract_failed,candidate_edit_ops_invalid,stage2_contract_failed,2026-07-07T13:54:17.772076Z,3e8d6b50c57215620ec1e18a
deepseek_clean::deepseek-v4-pro::dsl-2.1.0-roadmap::staged_v4::rep3,deepseek_clean,dsl-2.1.0-roadmap,dsl,Rust,deepseek-v4-pro,staged_v4,deepseek_clean::deepseek-v4-pro::dsl-2.1.0-roadmap::staged_v4,3,0,0,0,0,0,stage2_contract_failed,candidate_edit_ops_invalid,stage2_contract_failed,2026-07-07T13:56:39.228928Z,d5933bc1fdd13629b16f6d03
deepseek_clean::deepseek-v4-pro::dsl-2.1.0-roadmap::staged_v4::rep4,deepseek_clean,dsl-2.1.0-roadmap,dsl,Rust,deepseek-v4-pro,staged_v4,deepseek_clean::deepseek-v4-pro::dsl-2.1.0-roadmap::staged_v4,4,0,0,0,0,0,edit_apply_failed,edit_apply_failed,edit_apply_failed,2026-07-07T13:56:06.954928Z,e8260b2c56099f1cc47b5951
deepseek_clean::deepseek-v4-pro::dsl-2.1.0-roadmap::staged_v4::rep5,deepseek_clean,dsl-2.1.0-roadmap,dsl,Rust,deepseek-v4-pro,staged_v4,deepseek_clean::deepseek-v4-pro::dsl-2.1.0-roadmap::staged_v4,5,0,0,0,0,0,stage2_contract_failed,candidate_edit_ops_invalid,stage2_contract_failed,2026-07-07T13:56:28.050971Z,e7b9088f4652d14ed613bcfa
deepseek_clean::deepseek-v4-pro::dsl-2.1.0-roadmap::staged_v4::rep6,deepseek_clean,dsl-2.1.0-roadmap,dsl,Rust,deepseek-v4-pro,staged_v4,deepseek_clean::deepseek-v4-pro::dsl-2.1.0-roadmap::staged_v4,6,0,0,0,0,0,stage2_contract_failed,stage2_edit_outside_stage_state,stage2_contract_failed,2026-07-07T14:00:28.087879Z,250e2693f5c5c14e2ce51b63
deepseek_clean::deepseek-v4-pro::dsl-2.1.0-roadmap::staged_v4::rep7,deepseek_clean,dsl-2.1.0-roadmap,dsl,Rust,deepseek-v4-pro,staged_v4,deepseek_clean::deepseek-v4-pro::dsl-2.1.0-roadmap::staged_v4,7,0,0,0,0,0,stage2_contract_failed,candidate_edit_ops_invalid,stage2_contract_failed,2026-07-07T14:00:02.294293Z,952cedc8d36a0f3d2edd3e07
deepseek_clean::deepseek-v4-pro::dsl-2.2.0-roadmap::single_shot_v3::rep0,deepseek_clean,dsl-2.2.0-roadmap,dsl,Rust,deepseek-v4-pro,single_shot_v3,deepseek_clean::deepseek-v4-pro::dsl-2.2.0-roadmap::single_shot_v3,0,0,0,0,0,0,edit_apply_failed,edit_apply_failed,edit_apply_failed,2026-07-07T13:57:52.007188Z,9fbc4b4bd3ac332062236a2d
deepseek_clean::deepseek-v4-pro::dsl-2.2.0-roadmap::single_shot_v3::rep1,deepseek_clean,dsl-2.2.0-roadmap,dsl,Rust,deepseek-v4-pro,single_shot_v3,deepseek_clean::deepseek-v4-pro::dsl-2.2.0-roadmap::single_shot_v3,1,0,0,0,0,0,edit_apply_failed,edit_apply_failed,edit_apply_failed,2026-07-07T13:57:28.669979Z,388f17fc4a5f1e0ad2e1b094
deepseek_clean::deepseek-v4-pro::dsl-2.2.0-roadmap::single_shot_v3::rep2,deepseek_clean,dsl-2.2.0-roadmap,dsl,Rust,deepseek-v4-pro,single_shot_v3,deepseek_clean::deepseek-v4-pro::dsl-2.2.0-roadmap::single_shot_v3,2,0,0,0,0,0,edit_apply_failed,edit_apply_failed,edit_apply_failed,2026-07-07T13:58:37.666187Z,f312c5b99308ed8de20bbc86
deepseek_clean::deepseek-v4-pro::dsl-2.2.0-roadmap::single_shot_v3::rep3,deepseek_clean,dsl-2.2.0-roadmap,dsl,Rust,deepseek-v4-pro,single_shot_v3,deepseek_clean::deepseek-v4-pro::dsl-2.2.0-roadmap::single_shot_v3,3,0,0,0,0,0,edit_apply_failed,edit_apply_failed,edit_apply_failed,2026-07-07T13:58:52.360001Z,d07346d5bb0231a8f8d7f804
deepseek_clean::deepseek-v4-pro::dsl-2.2.0-roadmap::single_shot_v3::rep4,deepseek_clean,dsl-2.2.0-roadmap,dsl,Rust,deepseek-v4-pro,single_shot_v3,deepseek_clean::deepseek-v4-pro::dsl-2.2.0-roadmap::single_shot_v3,4,0,0,0,0,0,edit_apply_failed,edit_apply_failed,edit_apply_failed,2026-07-07T13:59:37.814713Z,8edb19c965a572774ca867f8
deepseek_clean::deepseek-v4-pro::dsl-2.2.0-roadmap::single_shot_v3::rep5,deepseek_clean,dsl-2.2.0-roadmap,dsl,Rust,deepseek-v4-pro,single_shot_v3,deepseek_clean::deepseek-v4-pro::dsl-2.2.0-roadmap::single_shot_v3,5,0,0,0,0,0,edit_apply_failed,edit_apply_failed,edit_apply_failed,2026-07-07T14:00:18.970395Z,90060fe478e0baac43c43273
deepseek_clean::deepseek-v4-pro::dsl-2.2.0-roadmap::single_shot_v3::rep6,deepseek_clean,dsl-2.2.0-roadmap,dsl,Rust,deepseek-v4-pro,single_shot_v3,deepseek_clean::deepseek-v4-pro::dsl-2.2.0-roadmap::single_shot_v3,6,0,0,0,0,0,edit_apply_failed,edit_apply_failed,edit_apply_failed,2026-07-07T14:00:34.610630Z,ea9597c92a1f4ebd8699fa12
deepseek_clean::deepseek-v4-pro::dsl-2.2.0-roadmap::single_shot_v3::rep7,deepseek_clean,dsl-2.2.0-roadmap,dsl,Rust,deepseek-v4-pro,single_shot_v3,deepseek_clean::deepseek-v4-pro::dsl-2.2.0-roadmap::single_shot_v3,7,0,0,0,0,0,edit_apply_failed,edit_apply_failed,edit_apply_failed,2026-07-07T14:01:52.489027Z,d05945086abcb9586b7ef491
deepseek_clean::deepseek-v4-pro::dsl-2.2.0-roadmap::staged_v4::rep0,deepseek_clean,dsl-2.2.0-roadmap,dsl,Rust,deepseek-v4-pro,staged_v4,deepseek_clean::deepseek-v4-pro::dsl-2.2.0-roadmap::staged_v4,0,0,0,0,0,0,edit_apply_failed,edit_apply_failed,edit_apply_failed,2026-07-07T14:02:48.073718Z,a24f8777dad35d6ff4d3ae85
deepseek_clean::deepseek-v4-pro::dsl-2.2.0-roadmap::staged_v4::rep1,deepseek_clean,dsl-2.2.0-roadmap,dsl,Rust,deepseek-v4-pro,staged_v4,deepseek_clean::deepseek-v4-pro::dsl-2.2.0-roadmap::staged_v4,1,0,0,0,0,0,edit_apply_failed,edit_apply_failed,edit_apply_failed,2026-07-07T14:04:41.676879Z,c57e236067b1d8246a46dbc6
deepseek_clean::deepseek-v4-pro::dsl-2.2.0-roadmap::staged_v4::rep2,deepseek_clean,dsl-2.2.0-roadmap,dsl,Rust,deepseek-v4-pro,staged_v4,deepseek_clean::deepseek-v4-pro::dsl-2.2.0-roadmap::staged_v4,2,0,0,0,0,0,edit_apply_failed,edit_apply_failed,edit_apply_failed,2026-07-07T14:05:42.835221Z,14e34fdf0e72328e8969477c
deepseek_clean::deepseek-v4-pro::dsl-2.2.0-roadmap::staged_v4::rep3,deepseek_clean,dsl-2.2.0-roadmap,dsl,Rust,deepseek-v4-pro,staged_v4,deepseek_clean::deepseek-v4-pro::dsl-2.2.0-roadmap::staged_v4,3,0,0,0,0,0,edit_apply_failed,edit_apply_failed,edit_apply_failed,2026-07-07T14:07:23.733313Z,234f5aaa2e58f39f08acb4af
deepseek_clean::deepseek-v4-pro::dsl-2.2.0-roadmap::staged_v4::rep4,deepseek_clean,dsl-2.2.0-roadmap,dsl,Rust,deepseek-v4-pro,staged_v4,deepseek_clean::deepseek-v4-pro::dsl-2.2.0-roadmap::staged_v4,4,0,0,0,0,0,edit_apply_failed,edit_apply_failed,edit_apply_failed,2026-07-07T14:08:17.243694Z,6be3ce9af3d5575ccfc4e218
deepseek_clean::deepseek-v4-pro::dsl-2.2.0-roadmap::staged_v4::rep5,deepseek_clean,dsl-2.2.0-roadmap,dsl,Rust,deepseek-v4-pro,staged_v4,deepseek_clean::deepseek-v4-pro::dsl-2.2.0-roadmap::staged_v4,5,0,0,0,0,0,edit_apply_failed,edit_apply_failed,edit_apply_failed,2026-07-07T14:09:15.593789Z,74229cee1ff235d11dd303e7
deepseek_clean::deepseek-v4-pro::dsl-2.2.0-roadmap::staged_v4::rep6,deepseek_clean,dsl-2.2.0-roadmap,dsl,Rust,deepseek-v4-pro,staged_v4,deepseek_clean::deepseek-v4-pro::dsl-2.2.0-roadmap::staged_v4,6,0,0,0,0,0,edit_apply_failed,edit_apply_failed,edit_apply_failed,2026-07-07T14:09:48.818051Z,0f99d6c764b8dc1d783f633a
deepseek_clean::deepseek-v4-pro::dsl-2.2.0-roadmap::staged_v4::rep7,deepseek_clean,dsl-2.2.0-roadmap,dsl,Rust,deepseek-v4-pro,staged_v4,deepseek_clean::deepseek-v4-pro::dsl-2.2.0-roadmap::staged_v4,7,0,0,0,0,0,edit_apply_failed,edit_apply_failed,edit_apply_failed,2026-07-07T14:11:50.372573Z,86b6ec5dfd2327c6e7df3ed2
deepseek_clean::deepseek-v4-pro::dsl-2.3.0-roadmap::single_shot_v3::rep0,deepseek_clean,dsl-2.3.0-roadmap,dsl,Rust,deepseek-v4-pro,single_shot_v3,deepseek_clean::deepseek-v4-pro::dsl-2.3.0-roadmap::single_shot_v3,0,1,1,1,1,0,test_failed,,,2026-07-07T18:37:18.119463Z,d4af191a48045017511c1eb6
deepseek_clean::deepseek-v4-pro::dsl-2.3.0-roadmap::single_shot_v3::rep1,deepseek_clean,dsl-2.3.0-roadmap,dsl,Rust,deepseek-v4-pro,single_shot_v3,deepseek_clean::deepseek-v4-pro::dsl-2.3.0-roadmap::single_shot_v3,1,0,1,1,0,0,test_failed,,,2026-07-07T18:37:58.779390Z,ca0b091cd9f58a1b50dfc030
deepseek_clean::deepseek-v4-pro::dsl-2.3.0-roadmap::single_shot_v3::rep2,deepseek_clean,dsl-2.3.0-roadmap,dsl,Rust,deepseek-v4-pro,single_shot_v3,deepseek_clean::deepseek-v4-pro::dsl-2.3.0-roadmap::single_shot_v3,2,1,1,1,1,0,test_failed,,,2026-07-07T18:39:58.348770Z,6d31be5dae88d00b7c1b6f6a
deepseek_clean::deepseek-v4-pro::dsl-2.3.0-roadmap::single_shot_v3::rep3,deepseek_clean,dsl-2.3.0-roadmap,dsl,Rust,deepseek-v4-pro,single_shot_v3,deepseek_clean::deepseek-v4-pro::dsl-2.3.0-roadmap::single_shot_v3,3,1,1,1,1,0,test_failed,,,2026-07-07T18:40:37.029012Z,407025885f126ef2f7af35d4
deepseek_clean::deepseek-v4-pro::dsl-2.3.0-roadmap::single_shot_v3::rep4,deepseek_clean,dsl-2.3.0-roadmap,dsl,Rust,deepseek-v4-pro,single_shot_v3,deepseek_clean::deepseek-v4-pro::dsl-2.3.0-roadmap::single_shot_v3,4,1,1,1,1,0,test_failed,,,2026-07-07T18:41:20.334263Z,9788009ba49a90d776f0c6bc
deepseek_clean::deepseek-v4-pro::dsl-2.3.0-roadmap::single_shot_v3::rep5,deepseek_clean,dsl-2.3.0-roadmap,dsl,Rust,deepseek-v4-pro,single_shot_v3,deepseek_clean::deepseek-v4-pro::dsl-2.3.0-roadmap::single_shot_v3,5,1,1,1,1,0,test_failed,,,2026-07-07T18:41:58.646966Z,6f05e6521b0bc9aea452c8aa
deepseek_clean::deepseek-v4-pro::dsl-2.3.0-roadmap::single_shot_v3::rep6,deepseek_clean,dsl-2.3.0-roadmap,dsl,Rust,deepseek-v4-pro,single_shot_v3,deepseek_clean::deepseek-v4-pro::dsl-2.3.0-roadmap::single_shot_v3,6,1,1,1,1,0,test_failed,,,2026-07-07T18:43:59.424906Z,82d3171074d424881c944127
deepseek_clean::deepseek-v4-pro::dsl-2.3.0-roadmap::single_shot_v3::rep7,deepseek_clean,dsl-2.3.0-roadmap,dsl,Rust,deepseek-v4-pro,single_shot_v3,deepseek_clean::deepseek-v4-pro::dsl-2.3.0-roadmap::single_shot_v3,7,1,1,1,1,0,test_failed,,,2026-07-07T18:44:38.115971Z,04da34d375a13df55cb022a8
deepseek_clean::deepseek-v4-pro::dsl-2.3.0-roadmap::staged_v4::rep0,deepseek_clean,dsl-2.3.0-roadmap,dsl,Rust,deepseek-v4-pro,staged_v4,deepseek_clean::deepseek-v4-pro::dsl-2.3.0-roadmap::staged_v4,0,0,0,0,0,0,stage2_contract_failed,stage2_edit_outside_stage_state,stage2_contract_failed,2026-07-07T14:15:27.957332Z,d7db0dceaa63fc51732a5bec
deepseek_clean::deepseek-v4-pro::dsl-2.3.0-roadmap::staged_v4::rep1,deepseek_clean,dsl-2.3.0-roadmap,dsl,Rust,deepseek-v4-pro,staged_v4,deepseek_clean::deepseek-v4-pro::dsl-2.3.0-roadmap::staged_v4,1,1,1,1,1,0,test_failed,,,2026-07-07T18:45:37.313759Z,abdc9d3b31c22bef29cb2e5b
deepseek_clean::deepseek-v4-pro::dsl-2.3.0-roadmap::staged_v4::rep2,deepseek_clean,dsl-2.3.0-roadmap,dsl,Rust,deepseek-v4-pro,staged_v4,deepseek_clean::deepseek-v4-pro::dsl-2.3.0-roadmap::staged_v4,2,0,0,0,0,0,stage2_contract_failed,stage2_edit_outside_stage_state,stage2_contract_failed,2026-07-07T14:16:32.351979Z,5ddeea56355ab0e4d9d874ac
deepseek_clean::deepseek-v4-pro::dsl-2.3.0-roadmap::staged_v4::rep3,deepseek_clean,dsl-2.3.0-roadmap,dsl,Rust,deepseek-v4-pro,staged_v4,deepseek_clean::deepseek-v4-pro::dsl-2.3.0-roadmap::staged_v4,3,0,0,0,0,0,stage1_plan_failed,stage_state_existing_files_invalid,stage1_plan_failed,2026-07-07T14:14:53.494809Z,f655d786b4b53812fb63a698
deepseek_clean::deepseek-v4-pro::dsl-2.3.0-roadmap::staged_v4::rep4,deepseek_clean,dsl-2.3.0-roadmap,dsl,Rust,deepseek-v4-pro,staged_v4,deepseek_clean::deepseek-v4-pro::dsl-2.3.0-roadmap::staged_v4,4,0,0,0,0,0,stage2_contract_failed,stage2_edit_outside_stage_state,stage2_contract_failed,2026-07-07T14:17:07.161585Z,a11c9f2cd5e35810b8f4ca62
deepseek_clean::deepseek-v4-pro::dsl-2.3.0-roadmap::staged_v4::rep5,deepseek_clean,dsl-2.3.0-roadmap,dsl,Rust,deepseek-v4-pro,staged_v4,deepseek_clean::deepseek-v4-pro::dsl-2.3.0-roadmap::staged_v4,5,0,0,0,0,0,stage2_contract_failed,candidate_edit_ops_invalid,stage2_contract_failed,2026-07-07T14:19:34.324292Z,ede8e84c0a2f9793a6b9f60a
deepseek_clean::deepseek-v4-pro::dsl-2.3.0-roadmap::staged_v4::rep6,deepseek_clean,dsl-2.3.0-roadmap,dsl,Rust,deepseek-v4-pro,staged_v4,deepseek_clean::deepseek-v4-pro::dsl-2.3.0-roadmap::staged_v4,6,0,0,0,0,0,stage2_contract_failed,stage2_edit_outside_stage_state,stage2_contract_failed,2026-07-07T14:18:37.372348Z,92b519c06df25590b1538f62
deepseek_clean::deepseek-v4-pro::dsl-2.3.0-roadmap::staged_v4::rep7,deepseek_clean,dsl-2.3.0-roadmap,dsl,Rust,deepseek-v4-pro,staged_v4,deepseek_clean::deepseek-v4-pro::dsl-2.3.0-roadmap::staged_v4,7,1,1,1,1,0,test_failed,,,2026-07-07T18:47:14.359118Z,9729bc4c738c63e3697ee6ec
deepseek_clean::deepseek-v4-pro::fal-1.3.0-roadmap::single_shot_v3::rep0,deepseek_clean,fal-1.3.0-roadmap,fal,Python,deepseek-v4-pro,single_shot_v3,deepseek_clean::deepseek-v4-pro::fal-1.3.0-roadmap::single_shot_v3,0,0,0,0,0,0,edit_apply_failed,edit_apply_failed,edit_apply_failed,2026-07-07T14:20:13.725669Z,117a73f16b306f4c0059df5d
deepseek_clean::deepseek-v4-pro::fal-1.3.0-roadmap::single_shot_v3::rep1,deepseek_clean,fal-1.3.0-roadmap,fal,Python,deepseek-v4-pro,single_shot_v3,deepseek_clean::deepseek-v4-pro::fal-1.3.0-roadmap::single_shot_v3,1,1,1,1,1,0,test_failed,,,2026-07-07T18:47:21.659489Z,16aa948f4eb93f09ecd8b323
deepseek_clean::deepseek-v4-pro::fal-1.3.0-roadmap::single_shot_v3::rep2,deepseek_clean,fal-1.3.0-roadmap,fal,Python,deepseek-v4-pro,single_shot_v3,deepseek_clean::deepseek-v4-pro::fal-1.3.0-roadmap::single_shot_v3,2,0,0,0,0,0,edit_apply_failed,edit_apply_failed,edit_apply_failed,2026-07-07T14:21:15.588686Z,64f34bd77be7a20f38e8af24
deepseek_clean::deepseek-v4-pro::fal-1.3.0-roadmap::single_shot_v3::rep3,deepseek_clean,fal-1.3.0-roadmap,fal,Python,deepseek-v4-pro,single_shot_v3,deepseek_clean::deepseek-v4-pro::fal-1.3.0-roadmap::single_shot_v3,3,1,1,1,1,0,test_failed,,,2026-07-07T18:47:28.136749Z,197bbf996136aa8598fc73a7
deepseek_clean::deepseek-v4-pro::fal-1.3.0-roadmap::single_shot_v3::rep4,deepseek_clean,fal-1.3.0-roadmap,fal,Python,deepseek-v4-pro,single_shot_v3,deepseek_clean::deepseek-v4-pro::fal-1.3.0-roadmap::single_shot_v3,4,1,1,1,1,0,test_failed,,,2026-07-07T18:47:35.059688Z,1b823f69cc023707b421ffbb
deepseek_clean::deepseek-v4-pro::fal-1.3.0-roadmap::single_shot_v3::rep5,deepseek_clean,fal-1.3.0-roadmap,fal,Python,deepseek-v4-pro,single_shot_v3,deepseek_clean::deepseek-v4-pro::fal-1.3.0-roadmap::single_shot_v3,5,0,0,0,0,0,edit_apply_failed,edit_apply_failed,edit_apply_failed,2026-07-07T14:23:58.857745Z,aad991a661e5d4b9e77669f0
deepseek_clean::deepseek-v4-pro::fal-1.3.0-roadmap::single_shot_v3::rep6,deepseek_clean,fal-1.3.0-roadmap,fal,Python,deepseek-v4-pro,single_shot_v3,deepseek_clean::deepseek-v4-pro::fal-1.3.0-roadmap::single_shot_v3,6,1,1,1,1,0,test_failed,,,2026-07-07T18:47:41.893066Z,b857de8b56fc5f1708802296
deepseek_clean::deepseek-v4-pro::fal-1.3.0-roadmap::single_shot_v3::rep7,deepseek_clean,fal-1.3.0-roadmap,fal,Python,deepseek-v4-pro,single_shot_v3,deepseek_clean::deepseek-v4-pro::fal-1.3.0-roadmap::single_shot_v3,7,1,1,1,1,0,test_failed,,,2026-07-07T18:47:48.850071Z,00df016ad33fa1d2a051ab85
deepseek_clean::deepseek-v4-pro::fal-1.3.0-roadmap::staged_v4::rep0,deepseek_clean,fal-1.3.0-roadmap,fal,Python,deepseek-v4-pro,staged_v4,deepseek_clean::deepseek-v4-pro::fal-1.3.0-roadmap::staged_v4,0,1,1,1,1,0,test_failed,,,2026-07-07T18:47:55.803805Z,2cd16f4444bc0a771b8aee08
deepseek_clean::deepseek-v4-pro::fal-1.3.0-roadmap::staged_v4::rep1,deepseek_clean,fal-1.3.0-roadmap,fal,Python,deepseek-v4-pro,staged_v4,deepseek_clean::deepseek-v4-pro::fal-1.3.0-roadmap::staged_v4,1,1,1,1,1,0,test_failed,,,2026-07-07T18:48:02.983598Z,33443ba9e51b90a1a3df4475
deepseek_clean::deepseek-v4-pro::fal-1.3.0-roadmap::staged_v4::rep2,deepseek_clean,fal-1.3.0-roadmap,fal,Python,deepseek-v4-pro,staged_v4,deepseek_clean::deepseek-v4-pro::fal-1.3.0-roadmap::staged_v4,2,1,1,1,1,0,test_failed,,,2026-07-07T18:48:09.900981Z,c26417750f716a156cda06a4
deepseek_clean::deepseek-v4-pro::fal-1.3.0-roadmap::staged_v4::rep3,deepseek_clean,fal-1.3.0-roadmap,fal,Python,deepseek-v4-pro,staged_v4,deepseek_clean::deepseek-v4-pro::fal-1.3.0-roadmap::staged_v4,3,1,1,1,1,0,test_failed,,,2026-07-07T18:48:16.844501Z,2cca0f382d22b0537869f089
deepseek_clean::deepseek-v4-pro::fal-1.3.0-roadmap::staged_v4::rep4,deepseek_clean,fal-1.3.0-roadmap,fal,Python,deepseek-v4-pro,staged_v4,deepseek_clean::deepseek-v4-pro::fal-1.3.0-roadmap::staged_v4,4,1,1,1,1,0,test_failed,,,2026-07-07T18:48:23.818088Z,a1e543e4285b8613fea77e8f
deepseek_clean::deepseek-v4-pro::fal-1.3.0-roadmap::staged_v4::rep5,deepseek_clean,fal-1.3.0-roadmap,fal,Python,deepseek-v4-pro,staged_v4,deepseek_clean::deepseek-v4-pro::fal-1.3.0-roadmap::staged_v4,5,1,1,1,1,0,test_failed,,,2026-07-07T18:48:30.647416Z,8d5596291b37fde94d2b4fcd
deepseek_clean::deepseek-v4-pro::fal-1.3.0-roadmap::staged_v4::rep6,deepseek_clean,fal-1.3.0-roadmap,fal,Python,deepseek-v4-pro,staged_v4,deepseek_clean::deepseek-v4-pro::fal-1.3.0-roadmap::staged_v4,6,1,1,1,1,0,test_failed,,,2026-07-07T18:48:37.530575Z,ec39cd4a90c8f55229c2d99c
deepseek_clean::deepseek-v4-pro::fal-1.3.0-roadmap::staged_v4::rep7,deepseek_clean,fal-1.3.0-roadmap,fal,Python,deepseek-v4-pro,staged_v4,deepseek_clean::deepseek-v4-pro::fal-1.3.0-roadmap::staged_v4,7,1,1,1,1,0,test_failed,,,2026-07-07T18:48:44.546713Z,803bd00b1069348e9d0a5223
deepseek_clean::deepseek-v4-pro::fal-2.0.0-roadmap::single_shot_v3::rep0,deepseek_clean,fal-2.0.0-roadmap,fal,Python,deepseek-v4-pro,single_shot_v3,deepseek_clean::deepseek-v4-pro::fal-2.0.0-roadmap::single_shot_v3,0,0,0,0,0,0,edit_apply_failed,edit_apply_failed,edit_apply_failed,2026-07-07T14:32:10.037648Z,972c3f9cc1b2c5010ff81edb
deepseek_clean::deepseek-v4-pro::fal-2.0.0-roadmap::single_shot_v3::rep1,deepseek_clean,fal-2.0.0-roadmap,fal,Python,deepseek-v4-pro,single_shot_v3,deepseek_clean::deepseek-v4-pro::fal-2.0.0-roadmap::single_shot_v3,1,0,0,0,0,0,edit_apply_failed,edit_apply_failed,edit_apply_failed,2026-07-07T14:32:27.774380Z,50420d076e801856b1c295d1
deepseek_clean::deepseek-v4-pro::fal-2.0.0-roadmap::single_shot_v3::rep2,deepseek_clean,fal-2.0.0-roadmap,fal,Python,deepseek-v4-pro,single_shot_v3,deepseek_clean::deepseek-v4-pro::fal-2.0.0-roadmap::single_shot_v3,2,0,0,0,0,0,edit_apply_failed,edit_apply_failed,edit_apply_failed,2026-07-07T14:33:27.446387Z,b8f793500f6e03b5b172b77b
deepseek_clean::deepseek-v4-pro::fal-2.0.0-roadmap::single_shot_v3::rep3,deepseek_clean,fal-2.0.0-roadmap,fal,Python,deepseek-v4-pro,single_shot_v3,deepseek_clean::deepseek-v4-pro::fal-2.0.0-roadmap::single_shot_v3,3,0,0,0,0,0,edit_apply_failed,edit_apply_failed,edit_apply_failed,2026-07-07T14:33:38.555196Z,36737599a11ec3d2ef56e77d
deepseek_clean::deepseek-v4-pro::fal-2.0.0-roadmap::single_shot_v3::rep4,deepseek_clean,fal-2.0.0-roadmap,fal,Python,deepseek-v4-pro,single_shot_v3,deepseek_clean::deepseek-v4-pro::fal-2.0.0-roadmap::single_shot_v3,4,0,0,0,0,0,edit_apply_failed,edit_apply_failed,edit_apply_failed,2026-07-07T14:35:39.790736Z,546667971fc390719b10561e
deepseek_clean::deepseek-v4-pro::fal-2.0.0-roadmap::single_shot_v3::rep5,deepseek_clean,fal-2.0.0-roadmap,fal,Python,deepseek-v4-pro,single_shot_v3,deepseek_clean::deepseek-v4-pro::fal-2.0.0-roadmap::single_shot_v3,5,0,0,0,0,0,edit_apply_failed,edit_apply_failed,edit_apply_failed,2026-07-07T14:35:39.658345Z,f20eb5dc48ff1cda4b5211a6
deepseek_clean::deepseek-v4-pro::fal-2.0.0-roadmap::single_shot_v3::rep6,deepseek_clean,fal-2.0.0-roadmap,fal,Python,deepseek-v4-pro,single_shot_v3,deepseek_clean::deepseek-v4-pro::fal-2.0.0-roadmap::single_shot_v3,6,0,0,0,0,0,edit_apply_failed,edit_apply_failed,edit_apply_failed,2026-07-07T14:36:29.415738Z,567a3bacfb39f26e7cd596d3
deepseek_clean::deepseek-v4-pro::fal-2.0.0-roadmap::single_shot_v3::rep7,deepseek_clean,fal-2.0.0-roadmap,fal,Python,deepseek-v4-pro,single_shot_v3,deepseek_clean::deepseek-v4-pro::fal-2.0.0-roadmap::single_shot_v3,7,0,0,0,0,0,edit_apply_failed,edit_apply_failed,edit_apply_failed,2026-07-07T14:36:50.952256Z,4b427110226c15939a554e85
deepseek_clean::deepseek-v4-pro::fal-2.0.0-roadmap::staged_v4::rep0,deepseek_clean,fal-2.0.0-roadmap,fal,Python,deepseek-v4-pro,staged_v4,deepseek_clean::deepseek-v4-pro::fal-2.0.0-roadmap::staged_v4,0,0,0,0,0,0,edit_apply_failed,edit_apply_failed,edit_apply_failed,2026-07-07T14:41:51.687529Z,bff1608c1994a799a254f14a
deepseek_clean::deepseek-v4-pro::fal-2.0.0-roadmap::staged_v4::rep1,deepseek_clean,fal-2.0.0-roadmap,fal,Python,deepseek-v4-pro,staged_v4,deepseek_clean::deepseek-v4-pro::fal-2.0.0-roadmap::staged_v4,1,0,0,0,0,0,edit_apply_failed,edit_apply_failed,edit_apply_failed,2026-07-07T14:42:33.347758Z,07dc0a0f303e168ead356ee8
deepseek_clean::deepseek-v4-pro::fal-2.0.0-roadmap::staged_v4::rep2,deepseek_clean,fal-2.0.0-roadmap,fal,Python,deepseek-v4-pro,staged_v4,deepseek_clean::deepseek-v4-pro::fal-2.0.0-roadmap::staged_v4,2,1,1,1,1,0,test_failed,,,2026-07-07T18:48:53.644863Z,85578105b8012026d37aa043
deepseek_clean::deepseek-v4-pro::fal-2.0.0-roadmap::staged_v4::rep3,deepseek_clean,fal-2.0.0-roadmap,fal,Python,deepseek-v4-pro,staged_v4,deepseek_clean::deepseek-v4-pro::fal-2.0.0-roadmap::staged_v4,3,0,0,0,0,0,stage2_contract_failed,candidate_edit_ops_invalid,stage2_contract_failed,2026-07-07T14:44:19.396092Z,84a01184196c10bce6721b7c
deepseek_clean::deepseek-v4-pro::fal-2.0.0-roadmap::staged_v4::rep4,deepseek_clean,fal-2.0.0-roadmap,fal,Python,deepseek-v4-pro,staged_v4,deepseek_clean::deepseek-v4-pro::fal-2.0.0-roadmap::staged_v4,4,1,1,1,1,0,test_failed,,,2026-07-07T18:49:01.803190Z,0954ae76d863fbe733a0c6b0
deepseek_clean::deepseek-v4-pro::fal-2.0.0-roadmap::staged_v4::rep5,deepseek_clean,fal-2.0.0-roadmap,fal,Python,deepseek-v4-pro,staged_v4,deepseek_clean::deepseek-v4-pro::fal-2.0.0-roadmap::staged_v4,5,0,0,0,0,0,edit_apply_failed,edit_apply_failed,edit_apply_failed,2026-07-07T14:48:25.786455Z,38d09bafb81de2f795f881dc
deepseek_clean::deepseek-v4-pro::fal-2.0.0-roadmap::staged_v4::rep6,deepseek_clean,fal-2.0.0-roadmap,fal,Python,deepseek-v4-pro,staged_v4,deepseek_clean::deepseek-v4-pro::fal-2.0.0-roadmap::staged_v4,6,0,0,0,0,0,stage2_contract_failed,candidate_edit_ops_invalid,stage2_contract_failed,2026-07-07T14:51:23.306158Z,ebe12b9b33670b132eba87db
deepseek_clean::deepseek-v4-pro::fal-2.0.0-roadmap::staged_v4::rep7,deepseek_clean,fal-2.0.0-roadmap,fal,Python,deepseek-v4-pro,staged_v4,deepseek_clean::deepseek-v4-pro::fal-2.0.0-roadmap::staged_v4,7,0,0,0,0,0,edit_apply_failed,edit_apply_failed,edit_apply_failed,2026-07-07T14:49:14.169600Z,0984f1d4414ff38e191a9c77
deepseek_clean::deepseek-v4-pro::fal-4.1.0-roadmap::single_shot_v3::rep0,deepseek_clean,fal-4.1.0-roadmap,fal,Python,deepseek-v4-pro,single_shot_v3,deepseek_clean::deepseek-v4-pro::fal-4.1.0-roadmap::single_shot_v3,0,0,0,0,0,0,edit_apply_failed,edit_apply_failed,edit_apply_failed,2026-07-07T14:46:41.797750Z,9b9388097b4b9b93894ab171
deepseek_clean::deepseek-v4-pro::fal-4.1.0-roadmap::single_shot_v3::rep1,deepseek_clean,fal-4.1.0-roadmap,fal,Python,deepseek-v4-pro,single_shot_v3,deepseek_clean::deepseek-v4-pro::fal-4.1.0-roadmap::single_shot_v3,1,0,0,0,0,0,edit_apply_failed,edit_apply_failed,edit_apply_failed,2026-07-07T14:48:41.288047Z,9d6161c8b56763f223e72ea8
deepseek_clean::deepseek-v4-pro::fal-4.1.0-roadmap::single_shot_v3::rep2,deepseek_clean,fal-4.1.0-roadmap,fal,Python,deepseek-v4-pro,single_shot_v3,deepseek_clean::deepseek-v4-pro::fal-4.1.0-roadmap::single_shot_v3,2,0,0,0,0,0,edit_apply_failed,edit_apply_failed,edit_apply_failed,2026-07-07T14:50:28.700901Z,c12718566c90f28feaf03bcd
deepseek_clean::deepseek-v4-pro::fal-4.1.0-roadmap::single_shot_v3::rep3,deepseek_clean,fal-4.1.0-roadmap,fal,Python,deepseek-v4-pro,single_shot_v3,deepseek_clean::deepseek-v4-pro::fal-4.1.0-roadmap::single_shot_v3,3,0,0,0,0,0,edit_apply_failed,edit_apply_failed,edit_apply_failed,2026-07-07T14:50:42.494450Z,d7c897d0e044dd87baafc54f
deepseek_clean::deepseek-v4-pro::fal-4.1.0-roadmap::single_shot_v3::rep4,deepseek_clean,fal-4.1.0-roadmap,fal,Python,deepseek-v4-pro,single_shot_v3,deepseek_clean::deepseek-v4-pro::fal-4.1.0-roadmap::single_shot_v3,4,0,0,0,0,0,edit_apply_failed,edit_apply_failed,edit_apply_failed,2026-07-07T14:51:10.367396Z,de68cf253844a12574e8db8c
deepseek_clean::deepseek-v4-pro::fal-4.1.0-roadmap::single_shot_v3::rep5,deepseek_clean,fal-4.1.0-roadmap,fal,Python,deepseek-v4-pro,single_shot_v3,deepseek_clean::deepseek-v4-pro::fal-4.1.0-roadmap::single_shot_v3,5,0,0,0,0,0,edit_apply_failed,edit_apply_failed,edit_apply_failed,2026-07-07T14:52:36.416705Z,c4008ea12e778ef0ee348966
deepseek_clean::deepseek-v4-pro::fal-4.1.0-roadmap::single_shot_v3::rep6,deepseek_clean,fal-4.1.0-roadmap,fal,Python,deepseek-v4-pro,single_shot_v3,deepseek_clean::deepseek-v4-pro::fal-4.1.0-roadmap::single_shot_v3,6,0,0,0,0,0,edit_apply_failed,edit_apply_failed,edit_apply_failed,2026-07-07T14:52:56.608324Z,b33bb74ba4e4901f241eb767
deepseek_clean::deepseek-v4-pro::fal-4.1.0-roadmap::single_shot_v3::rep7,deepseek_clean,fal-4.1.0-roadmap,fal,Python,deepseek-v4-pro,single_shot_v3,deepseek_clean::deepseek-v4-pro::fal-4.1.0-roadmap::single_shot_v3,7,0,0,0,0,0,edit_apply_failed,edit_apply_failed,edit_apply_failed,2026-07-07T14:53:02.494321Z,781cfa934450b00fb12bcde6
deepseek_clean::deepseek-v4-pro::fal-4.1.0-roadmap::staged_v4::rep0,deepseek_clean,fal-4.1.0-roadmap,fal,Python,deepseek-v4-pro,staged_v4,deepseek_clean::deepseek-v4-pro::fal-4.1.0-roadmap::staged_v4,0,1,1,1,1,0,test_failed,,,2026-07-07T18:49:20.551424Z,1f6c91e0af4ec0fbe379ab9d
deepseek_clean::deepseek-v4-pro::fal-4.1.0-roadmap::staged_v4::rep1,deepseek_clean,fal-4.1.0-roadmap,fal,Python,deepseek-v4-pro,staged_v4,deepseek_clean::deepseek-v4-pro::fal-4.1.0-roadmap::staged_v4,1,1,1,1,1,0,test_failed,,,2026-07-07T18:49:38.631398Z,ff3655f1691dd9f17cd31c82
deepseek_clean::deepseek-v4-pro::fal-4.1.0-roadmap::staged_v4::rep2,deepseek_clean,fal-4.1.0-roadmap,fal,Python,deepseek-v4-pro,staged_v4,deepseek_clean::deepseek-v4-pro::fal-4.1.0-roadmap::staged_v4,2,0,0,0,0,0,edit_apply_failed,edit_apply_failed,edit_apply_failed,2026-07-07T14:55:21.698164Z,796b668c5341adaec8e6c8b8
deepseek_clean::deepseek-v4-pro::fal-4.1.0-roadmap::staged_v4::rep3,deepseek_clean,fal-4.1.0-roadmap,fal,Python,deepseek-v4-pro,staged_v4,deepseek_clean::deepseek-v4-pro::fal-4.1.0-roadmap::staged_v4,3,1,1,1,1,0,test_failed,,,2026-07-07T18:49:57.082385Z,4712c15dbbfa56ddca63aefd
deepseek_clean::deepseek-v4-pro::fal-4.1.0-roadmap::staged_v4::rep4,deepseek_clean,fal-4.1.0-roadmap,fal,Python,deepseek-v4-pro,staged_v4,deepseek_clean::deepseek-v4-pro::fal-4.1.0-roadmap::staged_v4,4,1,1,1,1,0,test_failed,,,2026-07-07T18:50:15.118418Z,68aecc3d68479e3193dc79b9
deepseek_clean::deepseek-v4-pro::fal-4.1.0-roadmap::staged_v4::rep5,deepseek_clean,fal-4.1.0-roadmap,fal,Python,deepseek-v4-pro,staged_v4,deepseek_clean::deepseek-v4-pro::fal-4.1.0-roadmap::staged_v4,5,0,0,0,0,0,edit_apply_failed,edit_apply_failed,edit_apply_failed,2026-07-07T14:55:50.093302Z,50c43027a58380700589049c
deepseek_clean::deepseek-v4-pro::fal-4.1.0-roadmap::staged_v4::rep6,deepseek_clean,fal-4.1.0-roadmap,fal,Python,deepseek-v4-pro,staged_v4,deepseek_clean::deepseek-v4-pro::fal-4.1.0-roadmap::staged_v4,6,1,1,1,1,0,test_failed,,,2026-07-07T18:50:33.224729Z,e5f2440f0192c5b33ea6b00e
deepseek_clean::deepseek-v4-pro::fal-4.1.0-roadmap::staged_v4::rep7,deepseek_clean,fal-4.1.0-roadmap,fal,Python,deepseek-v4-pro,staged_v4,deepseek_clean::deepseek-v4-pro::fal-4.1.0-roadmap::staged_v4,7,1,1,1,1,0,test_failed,,,2026-07-07T18:50:56.036925Z,c8837fb8b116ea1f87b8b3a8
deepseek_clean::deepseek-v4-pro::fbr-2.42.0-roadmap::single_shot_v3::rep0,deepseek_clean,fbr-2.42.0-roadmap,fbr,Go,deepseek-v4-pro,single_shot_v3,deepseek_clean::deepseek-v4-pro::fbr-2.42.0-roadmap::single_shot_v3,0,0,0,0,0,0,edit_apply_failed,edit_apply_failed,edit_apply_failed,2026-07-07T14:56:02.807574Z,74affb08bc43736c31da921e
deepseek_clean::deepseek-v4-pro::fbr-2.42.0-roadmap::single_shot_v3::rep1,deepseek_clean,fbr-2.42.0-roadmap,fbr,Go,deepseek-v4-pro,single_shot_v3,deepseek_clean::deepseek-v4-pro::fbr-2.42.0-roadmap::single_shot_v3,1,0,0,0,0,0,edit_apply_failed,edit_apply_failed,edit_apply_failed,2026-07-07T14:56:27.565425Z,413afdbd7a6ebbe6d5eeae39
deepseek_clean::deepseek-v4-pro::fbr-2.42.0-roadmap::single_shot_v3::rep2,deepseek_clean,fbr-2.42.0-roadmap,fbr,Go,deepseek-v4-pro,single_shot_v3,deepseek_clean::deepseek-v4-pro::fbr-2.42.0-roadmap::single_shot_v3,2,0,0,0,0,0,edit_apply_failed,edit_apply_failed,edit_apply_failed,2026-07-07T14:56:42.089232Z,b49105aab52c37297e7a163a
deepseek_clean::deepseek-v4-pro::fbr-2.42.0-roadmap::single_shot_v3::rep3,deepseek_clean,fbr-2.42.0-roadmap,fbr,Go,deepseek-v4-pro,single_shot_v3,deepseek_clean::deepseek-v4-pro::fbr-2.42.0-roadmap::single_shot_v3,3,0,0,0,0,0,edit_apply_failed,edit_apply_failed,edit_apply_failed,2026-07-07T14:57:14.436575Z,fd0e1a503538e4bab6620071
deepseek_clean::deepseek-v4-pro::fbr-2.42.0-roadmap::single_shot_v3::rep4,deepseek_clean,fbr-2.42.0-roadmap,fbr,Go,deepseek-v4-pro,single_shot_v3,deepseek_clean::deepseek-v4-pro::fbr-2.42.0-roadmap::single_shot_v3,4,0,0,0,0,0,edit_apply_failed,edit_apply_failed,edit_apply_failed,2026-07-07T14:57:39.807503Z,db16854ab73e28ac9d1ebd6d
deepseek_clean::deepseek-v4-pro::fbr-2.42.0-roadmap::single_shot_v3::rep5,deepseek_clean,fbr-2.42.0-roadmap,fbr,Go,deepseek-v4-pro,single_shot_v3,deepseek_clean::deepseek-v4-pro::fbr-2.42.0-roadmap::single_shot_v3,5,0,0,0,0,0,edit_apply_failed,edit_apply_failed,edit_apply_failed,2026-07-07T14:57:37.527178Z,6ad1426b4b21624364ef842a
deepseek_clean::deepseek-v4-pro::fbr-2.42.0-roadmap::single_shot_v3::rep6,deepseek_clean,fbr-2.42.0-roadmap,fbr,Go,deepseek-v4-pro,single_shot_v3,deepseek_clean::deepseek-v4-pro::fbr-2.42.0-roadmap::single_shot_v3,6,0,0,0,0,0,edit_apply_failed,edit_apply_failed,edit_apply_failed,2026-07-07T14:58:02.167632Z,039ef5625041b3126554c2d4
deepseek_clean::deepseek-v4-pro::fbr-2.42.0-roadmap::single_shot_v3::rep7,deepseek_clean,fbr-2.42.0-roadmap,fbr,Go,deepseek-v4-pro,single_shot_v3,deepseek_clean::deepseek-v4-pro::fbr-2.42.0-roadmap::single_shot_v3,7,0,0,0,0,0,edit_apply_failed,edit_apply_failed,edit_apply_failed,2026-07-07T14:58:25.060602Z,8a9a1ba2710b48be02cff2db
deepseek_clean::deepseek-v4-pro::fbr-2.42.0-roadmap::staged_v4::rep0,deepseek_clean,fbr-2.42.0-roadmap,fbr,Go,deepseek-v4-pro,staged_v4,deepseek_clean::deepseek-v4-pro::fbr-2.42.0-roadmap::staged_v4,0,0,0,0,0,0,edit_apply_failed,edit_apply_failed,edit_apply_failed,2026-07-07T14:59:11.791997Z,d45d9f56b2d737817174b1a4
deepseek_clean::deepseek-v4-pro::fbr-2.42.0-roadmap::staged_v4::rep1,deepseek_clean,fbr-2.42.0-roadmap,fbr,Go,deepseek-v4-pro,staged_v4,deepseek_clean::deepseek-v4-pro::fbr-2.42.0-roadmap::staged_v4,1,0,0,0,0,0,edit_apply_failed,edit_apply_failed,edit_apply_failed,2026-07-07T14:59:25.100916Z,0684a51753298decb46cafbf
deepseek_clean::deepseek-v4-pro::fbr-2.42.0-roadmap::staged_v4::rep2,deepseek_clean,fbr-2.42.0-roadmap,fbr,Go,deepseek-v4-pro,staged_v4,deepseek_clean::deepseek-v4-pro::fbr-2.42.0-roadmap::staged_v4,2,0,0,0,0,0,edit_apply_failed,edit_apply_failed,edit_apply_failed,2026-07-07T14:59:49.490046Z,cb87b110e52044c4e1811039
deepseek_clean::deepseek-v4-pro::fbr-2.42.0-roadmap::staged_v4::rep3,deepseek_clean,fbr-2.42.0-roadmap,fbr,Go,deepseek-v4-pro,staged_v4,deepseek_clean::deepseek-v4-pro::fbr-2.42.0-roadmap::staged_v4,3,0,0,0,0,0,edit_apply_failed,edit_apply_failed,edit_apply_failed,2026-07-07T15:00:08.562799Z,3e9475d4558adbb25b062e9d
deepseek_clean::deepseek-v4-pro::fbr-2.42.0-roadmap::staged_v4::rep4,deepseek_clean,fbr-2.42.0-roadmap,fbr,Go,deepseek-v4-pro,staged_v4,deepseek_clean::deepseek-v4-pro::fbr-2.42.0-roadmap::staged_v4,4,0,0,0,0,0,edit_apply_failed,edit_apply_failed,edit_apply_failed,2026-07-07T15:00:43.374804Z,e22b967bd61ae5ce00dcd72d
deepseek_clean::deepseek-v4-pro::fbr-2.42.0-roadmap::staged_v4::rep5,deepseek_clean,fbr-2.42.0-roadmap,fbr,Go,deepseek-v4-pro,staged_v4,deepseek_clean::deepseek-v4-pro::fbr-2.42.0-roadmap::staged_v4,5,0,0,0,0,0,edit_apply_failed,edit_apply_failed,edit_apply_failed,2026-07-07T15:01:50.433879Z,5aaca69d38c44b3f63247b12
deepseek_clean::deepseek-v4-pro::fbr-2.42.0-roadmap::staged_v4::rep6,deepseek_clean,fbr-2.42.0-roadmap,fbr,Go,deepseek-v4-pro,staged_v4,deepseek_clean::deepseek-v4-pro::fbr-2.42.0-roadmap::staged_v4,6,0,0,0,0,0,edit_apply_failed,edit_apply_failed,edit_apply_failed,2026-07-07T15:01:26.212832Z,a09c76957352a563bead93dc
deepseek_clean::deepseek-v4-pro::fbr-2.42.0-roadmap::staged_v4::rep7,deepseek_clean,fbr-2.42.0-roadmap,fbr,Go,deepseek-v4-pro,staged_v4,deepseek_clean::deepseek-v4-pro::fbr-2.42.0-roadmap::staged_v4,7,0,0,0,0,0,edit_apply_failed,edit_apply_failed,edit_apply_failed,2026-07-07T15:01:49.584632Z,7d3e26fc5ba55eb7b539bbc5
deepseek_clean::deepseek-v4-pro::fbr-2.43.0-roadmap::single_shot_v3::rep0,deepseek_clean,fbr-2.43.0-roadmap,fbr,Go,deepseek-v4-pro,single_shot_v3,deepseek_clean::deepseek-v4-pro::fbr-2.43.0-roadmap::single_shot_v3,0,0,0,0,0,0,edit_apply_failed,edit_apply_failed,edit_apply_failed,2026-07-07T15:01:36.379991Z,b5346fed497df46c8df6e5c3
deepseek_clean::deepseek-v4-pro::fbr-2.43.0-roadmap::single_shot_v3::rep1,deepseek_clean,fbr-2.43.0-roadmap,fbr,Go,deepseek-v4-pro,single_shot_v3,deepseek_clean::deepseek-v4-pro::fbr-2.43.0-roadmap::single_shot_v3,1,0,0,0,0,0,edit_apply_failed,edit_apply_failed,edit_apply_failed,2026-07-07T15:02:18.556737Z,f47b8774446f1fd5f9a2642a
deepseek_clean::deepseek-v4-pro::fbr-2.43.0-roadmap::single_shot_v3::rep2,deepseek_clean,fbr-2.43.0-roadmap,fbr,Go,deepseek-v4-pro,single_shot_v3,deepseek_clean::deepseek-v4-pro::fbr-2.43.0-roadmap::single_shot_v3,2,0,0,0,0,0,edit_apply_failed,edit_apply_failed,edit_apply_failed,2026-07-07T15:02:29.487901Z,a423f0fdb3f49cc2f22da3ae
deepseek_clean::deepseek-v4-pro::fbr-2.43.0-roadmap::single_shot_v3::rep3,deepseek_clean,fbr-2.43.0-roadmap,fbr,Go,deepseek-v4-pro,single_shot_v3,deepseek_clean::deepseek-v4-pro::fbr-2.43.0-roadmap::single_shot_v3,3,0,0,0,0,0,edit_apply_failed,edit_apply_failed,edit_apply_failed,2026-07-07T15:02:45.267253Z,2a02425b4f44b62fa767cd79
deepseek_clean::deepseek-v4-pro::fbr-2.43.0-roadmap::single_shot_v3::rep4,deepseek_clean,fbr-2.43.0-roadmap,fbr,Go,deepseek-v4-pro,single_shot_v3,deepseek_clean::deepseek-v4-pro::fbr-2.43.0-roadmap::single_shot_v3,4,0,0,0,0,0,edit_apply_failed,edit_apply_failed,edit_apply_failed,2026-07-07T15:02:50.360719Z,381d81b9df7f6ce1545c1cf6
deepseek_clean::deepseek-v4-pro::fbr-2.43.0-roadmap::single_shot_v3::rep5,deepseek_clean,fbr-2.43.0-roadmap,fbr,Go,deepseek-v4-pro,single_shot_v3,deepseek_clean::deepseek-v4-pro::fbr-2.43.0-roadmap::single_shot_v3,5,0,0,0,0,0,edit_apply_failed,edit_apply_failed,edit_apply_failed,2026-07-07T15:03:08.154712Z,75290a4464719c2435580ed0
deepseek_clean::deepseek-v4-pro::fbr-2.43.0-roadmap::single_shot_v3::rep6,deepseek_clean,fbr-2.43.0-roadmap,fbr,Go,deepseek-v4-pro,single_shot_v3,deepseek_clean::deepseek-v4-pro::fbr-2.43.0-roadmap::single_shot_v3,6,0,0,0,0,0,edit_apply_failed,edit_apply_failed,edit_apply_failed,2026-07-07T15:03:59.253152Z,cfe48a569eb8f71d0c5c64e8
deepseek_clean::deepseek-v4-pro::fbr-2.43.0-roadmap::single_shot_v3::rep7,deepseek_clean,fbr-2.43.0-roadmap,fbr,Go,deepseek-v4-pro,single_shot_v3,deepseek_clean::deepseek-v4-pro::fbr-2.43.0-roadmap::single_shot_v3,7,0,0,0,0,0,edit_apply_failed,edit_apply_failed,edit_apply_failed,2026-07-07T15:03:40.479409Z,889da613b4dd3f2962f4d9af
deepseek_clean::deepseek-v4-pro::fbr-2.43.0-roadmap::staged_v4::rep0,deepseek_clean,fbr-2.43.0-roadmap,fbr,Go,deepseek-v4-pro,staged_v4,deepseek_clean::deepseek-v4-pro::fbr-2.43.0-roadmap::staged_v4,0,0,0,0,0,0,edit_apply_failed,edit_apply_failed,edit_apply_failed,2026-07-07T15:04:38.461404Z,5c54e5c98371613629312cce
deepseek_clean::deepseek-v4-pro::fbr-2.43.0-roadmap::staged_v4::rep1,deepseek_clean,fbr-2.43.0-roadmap,fbr,Go,deepseek-v4-pro,staged_v4,deepseek_clean::deepseek-v4-pro::fbr-2.43.0-roadmap::staged_v4,1,0,0,0,0,0,edit_apply_failed,edit_apply_failed,edit_apply_failed,2026-07-07T15:04:58.092134Z,4f0ddccaf383b61d48ab5f4f
deepseek_clean::deepseek-v4-pro::fbr-2.43.0-roadmap::staged_v4::rep2,deepseek_clean,fbr-2.43.0-roadmap,fbr,Go,deepseek-v4-pro,staged_v4,deepseek_clean::deepseek-v4-pro::fbr-2.43.0-roadmap::staged_v4,2,0,0,0,0,0,edit_apply_failed,edit_apply_failed,edit_apply_failed,2026-07-07T15:05:28.392259Z,0d87f761b95e50b21753be78
deepseek_clean::deepseek-v4-pro::fbr-2.43.0-roadmap::staged_v4::rep3,deepseek_clean,fbr-2.43.0-roadmap,fbr,Go,deepseek-v4-pro,staged_v4,deepseek_clean::deepseek-v4-pro::fbr-2.43.0-roadmap::staged_v4,3,0,0,0,0,0,edit_apply_failed,edit_apply_failed,edit_apply_failed,2026-07-07T15:05:49.201758Z,20fdf6fd13fab24d1c75a5df
deepseek_clean::deepseek-v4-pro::fbr-2.43.0-roadmap::staged_v4::rep4,deepseek_clean,fbr-2.43.0-roadmap,fbr,Go,deepseek-v4-pro,staged_v4,deepseek_clean::deepseek-v4-pro::fbr-2.43.0-roadmap::staged_v4,4,1,1,1,1,0,test_failed,,,2026-07-07T18:51:07.805190Z,3b8acc62476e34508ff9d9cd
deepseek_clean::deepseek-v4-pro::fbr-2.43.0-roadmap::staged_v4::rep5,deepseek_clean,fbr-2.43.0-roadmap,fbr,Go,deepseek-v4-pro,staged_v4,deepseek_clean::deepseek-v4-pro::fbr-2.43.0-roadmap::staged_v4,5,0,0,0,0,0,edit_apply_failed,edit_apply_failed,edit_apply_failed,2026-07-07T15:06:47.248179Z,3593abbb0767a0013707fdf4
deepseek_clean::deepseek-v4-pro::fbr-2.43.0-roadmap::staged_v4::rep6,deepseek_clean,fbr-2.43.0-roadmap,fbr,Go,deepseek-v4-pro,staged_v4,deepseek_clean::deepseek-v4-pro::fbr-2.43.0-roadmap::staged_v4,6,0,0,0,0,0,edit_apply_failed,edit_apply_failed,edit_apply_failed,2026-07-07T15:07:19.933184Z,59ded525524242dde95cdc0d
deepseek_clean::deepseek-v4-pro::fbr-2.43.0-roadmap::staged_v4::rep7,deepseek_clean,fbr-2.43.0-roadmap,fbr,Go,deepseek-v4-pro,staged_v4,deepseek_clean::deepseek-v4-pro::fbr-2.43.0-roadmap::staged_v4,7,0,0,0,0,0,edit_apply_failed,edit_apply_failed,edit_apply_failed,2026-07-07T15:07:36.605914Z,bdad7ab49cf674a2f4c70fc9
deepseek_clean::deepseek-v4-pro::fbr-3.0.0-roadmap::single_shot_v3::rep0,deepseek_clean,fbr-3.0.0-roadmap,fbr,Go,deepseek-v4-pro,single_shot_v3,deepseek_clean::deepseek-v4-pro::fbr-3.0.0-roadmap::single_shot_v3,0,0,0,0,0,0,edit_apply_failed,edit_apply_failed,edit_apply_failed,2026-07-07T15:08:34.677548Z,19224a23803373acb5b4be02
deepseek_clean::deepseek-v4-pro::fbr-3.0.0-roadmap::single_shot_v3::rep1,deepseek_clean,fbr-3.0.0-roadmap,fbr,Go,deepseek-v4-pro,single_shot_v3,deepseek_clean::deepseek-v4-pro::fbr-3.0.0-roadmap::single_shot_v3,1,0,0,0,0,0,finish_reason_length,edit_json_invalid,finish_reason_length,2026-07-07T15:11:40.033818Z,94ba82d29e1c0c48f458689f
deepseek_clean::deepseek-v4-pro::fbr-3.0.0-roadmap::single_shot_v3::rep2,deepseek_clean,fbr-3.0.0-roadmap,fbr,Go,deepseek-v4-pro,single_shot_v3,deepseek_clean::deepseek-v4-pro::fbr-3.0.0-roadmap::single_shot_v3,2,0,0,0,0,0,finish_reason_length,edit_json_invalid,finish_reason_length,2026-07-07T15:11:57.331729Z,2723b218fd79c743e7f22685
deepseek_clean::deepseek-v4-pro::fbr-3.0.0-roadmap::single_shot_v3::rep3,deepseek_clean,fbr-3.0.0-roadmap,fbr,Go,deepseek-v4-pro,single_shot_v3,deepseek_clean::deepseek-v4-pro::fbr-3.0.0-roadmap::single_shot_v3,3,0,0,0,0,0,edit_apply_failed,edit_apply_failed,edit_apply_failed,2026-07-07T15:12:00.359738Z,7ab73ef9af14b194d4939943
deepseek_clean::deepseek-v4-pro::fbr-3.0.0-roadmap::single_shot_v3::rep4,deepseek_clean,fbr-3.0.0-roadmap,fbr,Go,deepseek-v4-pro,single_shot_v3,deepseek_clean::deepseek-v4-pro::fbr-3.0.0-roadmap::single_shot_v3,4,0,0,0,0,0,finish_reason_length,edit_json_invalid,finish_reason_length,2026-07-07T15:13:09.139499Z,bbc005c8b73203834ab4881c
deepseek_clean::deepseek-v4-pro::fbr-3.0.0-roadmap::single_shot_v3::rep5,deepseek_clean,fbr-3.0.0-roadmap,fbr,Go,deepseek-v4-pro,single_shot_v3,deepseek_clean::deepseek-v4-pro::fbr-3.0.0-roadmap::single_shot_v3,5,0,0,0,0,0,finish_reason_length,edit_json_invalid,finish_reason_length,2026-07-07T15:16:14.786887Z,e64bc7d801ba2f70df1cbb0f
deepseek_clean::deepseek-v4-pro::fbr-3.0.0-roadmap::single_shot_v3::rep6,deepseek_clean,fbr-3.0.0-roadmap,fbr,Go,deepseek-v4-pro,single_shot_v3,deepseek_clean::deepseek-v4-pro::fbr-3.0.0-roadmap::single_shot_v3,6,0,0,0,0,0,finish_reason_length,edit_json_invalid,finish_reason_length,2026-07-07T15:16:34.105975Z,3a3b6d46768c67fbd70b2e54
deepseek_clean::deepseek-v4-pro::fbr-3.0.0-roadmap::single_shot_v3::rep7,deepseek_clean,fbr-3.0.0-roadmap,fbr,Go,deepseek-v4-pro,single_shot_v3,deepseek_clean::deepseek-v4-pro::fbr-3.0.0-roadmap::single_shot_v3,7,0,0,0,0,0,edit_apply_failed,edit_apply_failed,edit_apply_failed,2026-07-07T15:16:18.161575Z,4a70c2b8cad83c2cc8343d7f
deepseek_clean::deepseek-v4-pro::fbr-3.0.0-roadmap::staged_v4::rep0,deepseek_clean,fbr-3.0.0-roadmap,fbr,Go,deepseek-v4-pro,staged_v4,deepseek_clean::deepseek-v4-pro::fbr-3.0.0-roadmap::staged_v4,0,0,0,0,0,0,stage1_plan_failed,stage_state_planned_new_files_invalid,stage1_plan_failed,2026-07-07T15:13:25.276486Z,2d615ef386f805a814bfd6aa
deepseek_clean::deepseek-v4-pro::fbr-3.0.0-roadmap::staged_v4::rep1,deepseek_clean,fbr-3.0.0-roadmap,fbr,Go,deepseek-v4-pro,staged_v4,deepseek_clean::deepseek-v4-pro::fbr-3.0.0-roadmap::staged_v4,1,0,0,0,0,0,stage1_plan_failed,stage_state_planned_new_files_invalid,stage1_plan_failed,2026-07-07T15:13:44.876144Z,6c8824f02168745ae7383246
deepseek_clean::deepseek-v4-pro::fbr-3.0.0-roadmap::staged_v4::rep2,deepseek_clean,fbr-3.0.0-roadmap,fbr,Go,deepseek-v4-pro,staged_v4,deepseek_clean::deepseek-v4-pro::fbr-3.0.0-roadmap::staged_v4,2,0,0,0,0,0,stage1_plan_failed,stage_state_planned_new_files_invalid,stage1_plan_failed,2026-07-07T15:14:06.514568Z,b49eb11c1ca3af0f57460ec8
deepseek_clean::deepseek-v4-pro::fbr-3.0.0-roadmap::staged_v4::rep3,deepseek_clean,fbr-3.0.0-roadmap,fbr,Go,deepseek-v4-pro,staged_v4,deepseek_clean::deepseek-v4-pro::fbr-3.0.0-roadmap::staged_v4,3,0,0,0,0,0,stage1_plan_failed,stage_state_planned_new_files_invalid,stage1_plan_failed,2026-07-07T15:14:28.143045Z,baa0517fc6ec255272fc34a0
deepseek_clean::deepseek-v4-pro::fbr-3.0.0-roadmap::staged_v4::rep4,deepseek_clean,fbr-3.0.0-roadmap,fbr,Go,deepseek-v4-pro,staged_v4,deepseek_clean::deepseek-v4-pro::fbr-3.0.0-roadmap::staged_v4,4,0,0,0,0,0,stage1_plan_failed,stage_state_planned_new_files_invalid,stage1_plan_failed,2026-07-07T15:14:46.441662Z,4b0b17e0f93068a323db4780
deepseek_clean::deepseek-v4-pro::fbr-3.0.0-roadmap::staged_v4::rep5,deepseek_clean,fbr-3.0.0-roadmap,fbr,Go,deepseek-v4-pro,staged_v4,deepseek_clean::deepseek-v4-pro::fbr-3.0.0-roadmap::staged_v4,5,0,0,0,0,0,stage1_plan_failed,stage_state_planned_new_files_invalid,stage1_plan_failed,2026-07-07T15:15:05.004980Z,f79206b519afa495b2e0c398
deepseek_clean::deepseek-v4-pro::fbr-3.0.0-roadmap::staged_v4::rep6,deepseek_clean,fbr-3.0.0-roadmap,fbr,Go,deepseek-v4-pro,staged_v4,deepseek_clean::deepseek-v4-pro::fbr-3.0.0-roadmap::staged_v4,6,0,0,0,0,0,stage1_plan_failed,stage_state_planned_new_files_invalid,stage1_plan_failed,2026-07-07T15:15:24.847028Z,0b3af3a285b0298cd6a7db48
deepseek_clean::deepseek-v4-pro::fbr-3.0.0-roadmap::staged_v4::rep7,deepseek_clean,fbr-3.0.0-roadmap,fbr,Go,deepseek-v4-pro,staged_v4,deepseek_clean::deepseek-v4-pro::fbr-3.0.0-roadmap::staged_v4,7,0,0,0,0,0,stage1_plan_failed,stage_state_planned_new_files_invalid,stage1_plan_failed,2026-07-07T15:15:50.379163Z,2b753204fe6ac21e6d35cd5c
deepseek_clean::deepseek-v4-pro::fyn-2.1.0-roadmap::single_shot_v3::rep0,deepseek_clean,fyn-2.1.0-roadmap,fyn,Go,deepseek-v4-pro,single_shot_v3,deepseek_clean::deepseek-v4-pro::fyn-2.1.0-roadmap::single_shot_v3,0,0,0,0,0,0,edit_json_invalid,edit_json_invalid,edit_json_invalid,2026-07-07T15:18:07.474020Z,2b74701dfe2234a75e2eaa47
deepseek_clean::deepseek-v4-pro::fyn-2.1.0-roadmap::single_shot_v3::rep1,deepseek_clean,fyn-2.1.0-roadmap,fyn,Go,deepseek-v4-pro,single_shot_v3,deepseek_clean::deepseek-v4-pro::fyn-2.1.0-roadmap::single_shot_v3,1,1,1,1,1,0,test_failed,,,2026-07-07T18:51:23.565832Z,d96c824b27e70a67855ee4bc
deepseek_clean::deepseek-v4-pro::fyn-2.1.0-roadmap::single_shot_v3::rep2,deepseek_clean,fyn-2.1.0-roadmap,fyn,Go,deepseek-v4-pro,single_shot_v3,deepseek_clean::deepseek-v4-pro::fyn-2.1.0-roadmap::single_shot_v3,2,0,1,1,0,0,test_failed,,,2026-07-07T18:51:40.891820Z,c2d03c8c9c0b9dc5879877d1
deepseek_clean::deepseek-v4-pro::fyn-2.1.0-roadmap::single_shot_v3::rep3,deepseek_clean,fyn-2.1.0-roadmap,fyn,Go,deepseek-v4-pro,single_shot_v3,deepseek_clean::deepseek-v4-pro::fyn-2.1.0-roadmap::single_shot_v3,3,1,1,1,1,0,test_failed,,,2026-07-07T18:51:56.950570Z,86d85e38853d15c0ac64c981
deepseek_clean::deepseek-v4-pro::fyn-2.1.0-roadmap::single_shot_v3::rep4,deepseek_clean,fyn-2.1.0-roadmap,fyn,Go,deepseek-v4-pro,single_shot_v3,deepseek_clean::deepseek-v4-pro::fyn-2.1.0-roadmap::single_shot_v3,4,1,1,1,1,0,test_failed,,,2026-07-07T18:52:13.736901Z,bb698befad4d1b5db7214218
deepseek_clean::deepseek-v4-pro::fyn-2.1.0-roadmap::single_shot_v3::rep5,deepseek_clean,fyn-2.1.0-roadmap,fyn,Go,deepseek-v4-pro,single_shot_v3,deepseek_clean::deepseek-v4-pro::fyn-2.1.0-roadmap::single_shot_v3,5,0,1,1,0,0,test_failed,,,2026-07-07T18:52:30.784157Z,c18c6c5aba4c969744612af2
deepseek_clean::deepseek-v4-pro::fyn-2.1.0-roadmap::single_shot_v3::rep6,deepseek_clean,fyn-2.1.0-roadmap,fyn,Go,deepseek-v4-pro,single_shot_v3,deepseek_clean::deepseek-v4-pro::fyn-2.1.0-roadmap::single_shot_v3,6,0,1,1,0,0,test_failed,,,2026-07-07T18:52:46.656642Z,c7889828bf5edafdfff301ee
deepseek_clean::deepseek-v4-pro::fyn-2.1.0-roadmap::single_shot_v3::rep7,deepseek_clean,fyn-2.1.0-roadmap,fyn,Go,deepseek-v4-pro,single_shot_v3,deepseek_clean::deepseek-v4-pro::fyn-2.1.0-roadmap::single_shot_v3,7,0,0,0,0,0,edit_json_invalid,edit_json_invalid,edit_json_invalid,2026-07-07T15:20:46.370189Z,edee07488d92627b17edf716
deepseek_clean::deepseek-v4-pro::fyn-2.1.0-roadmap::staged_v4::rep0,deepseek_clean,fyn-2.1.0-roadmap,fyn,Go,deepseek-v4-pro,staged_v4,deepseek_clean::deepseek-v4-pro::fyn-2.1.0-roadmap::staged_v4,0,0,0,0,0,0,stage2_contract_failed,stage2_edit_outside_stage_state,stage2_contract_failed,2026-07-07T15:23:42.843607Z,37ebb0208bda6605f0bffb84
deepseek_clean::deepseek-v4-pro::fyn-2.1.0-roadmap::staged_v4::rep1,deepseek_clean,fyn-2.1.0-roadmap,fyn,Go,deepseek-v4-pro,staged_v4,deepseek_clean::deepseek-v4-pro::fyn-2.1.0-roadmap::staged_v4,1,0,0,0,0,0,stage2_contract_failed,stage2_edit_outside_stage_state,stage2_contract_failed,2026-07-07T15:23:25.712476Z,bb2034ef41390f1a53df321f
deepseek_clean::deepseek-v4-pro::fyn-2.1.0-roadmap::staged_v4::rep2,deepseek_clean,fyn-2.1.0-roadmap,fyn,Go,deepseek-v4-pro,staged_v4,deepseek_clean::deepseek-v4-pro::fyn-2.1.0-roadmap::staged_v4,2,1,1,1,1,0,test_failed,,,2026-07-07T18:52:54.999571Z,9b8e2b550bb4c59fce3f91e2
deepseek_clean::deepseek-v4-pro::fyn-2.1.0-roadmap::staged_v4::rep3,deepseek_clean,fyn-2.1.0-roadmap,fyn,Go,deepseek-v4-pro,staged_v4,deepseek_clean::deepseek-v4-pro::fyn-2.1.0-roadmap::staged_v4,3,1,1,1,1,0,test_failed,,,2026-07-07T18:53:03.462389Z,a47c6bf79c4a4796cd97b7b6
deepseek_clean::deepseek-v4-pro::fyn-2.1.0-roadmap::staged_v4::rep4,deepseek_clean,fyn-2.1.0-roadmap,fyn,Go,deepseek-v4-pro,staged_v4,deepseek_clean::deepseek-v4-pro::fyn-2.1.0-roadmap::staged_v4,4,0,0,0,0,0,stage2_contract_failed,stage2_edit_outside_stage_state,stage2_contract_failed,2026-07-07T15:28:53.707471Z,a6b1b9268a2f2ad2a1d23644
deepseek_clean::deepseek-v4-pro::fyn-2.1.0-roadmap::staged_v4::rep5,deepseek_clean,fyn-2.1.0-roadmap,fyn,Go,deepseek-v4-pro,staged_v4,deepseek_clean::deepseek-v4-pro::fyn-2.1.0-roadmap::staged_v4,5,0,0,0,0,0,stage2_contract_failed,candidate_edit_ops_invalid,stage2_contract_failed,2026-07-07T15:28:45.694165Z,a1b254eb4a74f05fe84171ed
deepseek_clean::deepseek-v4-pro::fyn-2.1.0-roadmap::staged_v4::rep6,deepseek_clean,fyn-2.1.0-roadmap,fyn,Go,deepseek-v4-pro,staged_v4,deepseek_clean::deepseek-v4-pro::fyn-2.1.0-roadmap::staged_v4,6,0,0,0,0,0,stage2_contract_failed,stage2_edit_outside_stage_state,stage2_contract_failed,2026-07-07T15:29:25.530255Z,508dab890b895bc5cabce84b
deepseek_clean::deepseek-v4-pro::fyn-2.1.0-roadmap::staged_v4::rep7,deepseek_clean,fyn-2.1.0-roadmap,fyn,Go,deepseek-v4-pro,staged_v4,deepseek_clean::deepseek-v4-pro::fyn-2.1.0-roadmap::staged_v4,7,0,0,0,0,0,stage2_contract_failed,stage2_edit_outside_stage_state,stage2_contract_failed,2026-07-07T15:29:57.121336Z,61a85913163a3d805e53e3bd
deepseek_clean::deepseek-v4-pro::fyn-2.7.0-roadmap::single_shot_v3::rep0,deepseek_clean,fyn-2.7.0-roadmap,fyn,Go,deepseek-v4-pro,single_shot_v3,deepseek_clean::deepseek-v4-pro::fyn-2.7.0-roadmap::single_shot_v3,0,1,1,1,1,0,test_failed,,,2026-07-07T18:53:33.263541Z,fd429f05880c54179fea86bd
deepseek_clean::deepseek-v4-pro::fyn-2.7.0-roadmap::single_shot_v3::rep1,deepseek_clean,fyn-2.7.0-roadmap,fyn,Go,deepseek-v4-pro,single_shot_v3,deepseek_clean::deepseek-v4-pro::fyn-2.7.0-roadmap::single_shot_v3,1,0,0,0,0,0,edit_apply_failed,edit_apply_failed,edit_apply_failed,2026-07-07T15:31:53.007869Z,2e84e44401eaf51726517149
deepseek_clean::deepseek-v4-pro::fyn-2.7.0-roadmap::single_shot_v3::rep2,deepseek_clean,fyn-2.7.0-roadmap,fyn,Go,deepseek-v4-pro,single_shot_v3,deepseek_clean::deepseek-v4-pro::fyn-2.7.0-roadmap::single_shot_v3,2,1,1,1,1,0,test_failed,,,2026-07-07T18:54:01.461712Z,57f694f2fc945cbeb6b1cd7a
deepseek_clean::deepseek-v4-pro::fyn-2.7.0-roadmap::single_shot_v3::rep3,deepseek_clean,fyn-2.7.0-roadmap,fyn,Go,deepseek-v4-pro,single_shot_v3,deepseek_clean::deepseek-v4-pro::fyn-2.7.0-roadmap::single_shot_v3,3,1,1,1,1,0,test_failed,,,2026-07-07T18:54:31.516037Z,b31d3aa065f1777d8ac49572
deepseek_clean::deepseek-v4-pro::fyn-2.7.0-roadmap::single_shot_v3::rep4,deepseek_clean,fyn-2.7.0-roadmap,fyn,Go,deepseek-v4-pro,single_shot_v3,deepseek_clean::deepseek-v4-pro::fyn-2.7.0-roadmap::single_shot_v3,4,1,1,1,1,0,test_failed,,,2026-07-07T18:55:00.893408Z,f473e41129f01565c1b9d515
deepseek_clean::deepseek-v4-pro::fyn-2.7.0-roadmap::single_shot_v3::rep5,deepseek_clean,fyn-2.7.0-roadmap,fyn,Go,deepseek-v4-pro,single_shot_v3,deepseek_clean::deepseek-v4-pro::fyn-2.7.0-roadmap::single_shot_v3,5,1,1,1,1,0,test_failed,,,2026-07-07T18:55:20.412120Z,ab4d9ac1d37e2f0956aec160
deepseek_clean::deepseek-v4-pro::fyn-2.7.0-roadmap::single_shot_v3::rep6,deepseek_clean,fyn-2.7.0-roadmap,fyn,Go,deepseek-v4-pro,single_shot_v3,deepseek_clean::deepseek-v4-pro::fyn-2.7.0-roadmap::single_shot_v3,6,1,1,1,1,0,test_failed,,,2026-07-07T18:55:51.965213Z,f1d3048f6663591f8352e2f5
deepseek_clean::deepseek-v4-pro::fyn-2.7.0-roadmap::single_shot_v3::rep7,deepseek_clean,fyn-2.7.0-roadmap,fyn,Go,deepseek-v4-pro,single_shot_v3,deepseek_clean::deepseek-v4-pro::fyn-2.7.0-roadmap::single_shot_v3,7,1,1,1,1,0,test_failed,,,2026-07-07T18:56:21.440070Z,ff05bca5e3e94a27a6bb9154
deepseek_clean::deepseek-v4-pro::fyn-2.7.0-roadmap::staged_v4::rep0,deepseek_clean,fyn-2.7.0-roadmap,fyn,Go,deepseek-v4-pro,staged_v4,deepseek_clean::deepseek-v4-pro::fyn-2.7.0-roadmap::staged_v4,0,1,1,1,1,0,test_failed,,,2026-07-07T18:56:53.424489Z,ffa6ec622e5600bb1865386c
deepseek_clean::deepseek-v4-pro::fyn-2.7.0-roadmap::staged_v4::rep1,deepseek_clean,fyn-2.7.0-roadmap,fyn,Go,deepseek-v4-pro,staged_v4,deepseek_clean::deepseek-v4-pro::fyn-2.7.0-roadmap::staged_v4,1,1,1,1,1,0,test_failed,,,2026-07-07T18:57:26.513445Z,e17fa4a312f2733e08afcb56
deepseek_clean::deepseek-v4-pro::fyn-2.7.0-roadmap::staged_v4::rep2,deepseek_clean,fyn-2.7.0-roadmap,fyn,Go,deepseek-v4-pro,staged_v4,deepseek_clean::deepseek-v4-pro::fyn-2.7.0-roadmap::staged_v4,2,1,1,1,1,0,test_failed,,,2026-07-07T18:57:41.906194Z,70c1259a9cc682b50fb2169a
deepseek_clean::deepseek-v4-pro::fyn-2.7.0-roadmap::staged_v4::rep3,deepseek_clean,fyn-2.7.0-roadmap,fyn,Go,deepseek-v4-pro,staged_v4,deepseek_clean::deepseek-v4-pro::fyn-2.7.0-roadmap::staged_v4,3,1,1,1,1,0,test_failed,,,2026-07-07T18:58:12.889176Z,9f54ed9172845eb487ac0a44
deepseek_clean::deepseek-v4-pro::fyn-2.7.0-roadmap::staged_v4::rep4,deepseek_clean,fyn-2.7.0-roadmap,fyn,Go,deepseek-v4-pro,staged_v4,deepseek_clean::deepseek-v4-pro::fyn-2.7.0-roadmap::staged_v4,4,1,1,1,1,0,test_failed,,,2026-07-07T18:58:44.734620Z,93a48c6d990f4643fe4e0149
deepseek_clean::deepseek-v4-pro::fyn-2.7.0-roadmap::staged_v4::rep5,deepseek_clean,fyn-2.7.0-roadmap,fyn,Go,deepseek-v4-pro,staged_v4,deepseek_clean::deepseek-v4-pro::fyn-2.7.0-roadmap::staged_v4,5,1,1,1,1,0,test_failed,,,2026-07-07T18:59:15.788289Z,61eaca5d3dd4d60f61045af0
deepseek_clean::deepseek-v4-pro::fyn-2.7.0-roadmap::staged_v4::rep6,deepseek_clean,fyn-2.7.0-roadmap,fyn,Go,deepseek-v4-pro,staged_v4,deepseek_clean::deepseek-v4-pro::fyn-2.7.0-roadmap::staged_v4,6,1,1,1,1,0,test_failed,,,2026-07-07T18:59:31.483482Z,3bdea312c0f955c91405db20
deepseek_clean::deepseek-v4-pro::fyn-2.7.0-roadmap::staged_v4::rep7,deepseek_clean,fyn-2.7.0-roadmap,fyn,Go,deepseek-v4-pro,staged_v4,deepseek_clean::deepseek-v4-pro::fyn-2.7.0-roadmap::staged_v4,7,1,1,1,1,0,test_failed,,,2026-07-07T19:00:03.510760Z,d5c0644f091ca1d9a779d0e9
deepseek_clean::deepseek-v4-pro::glz-3.0.0-roadmap::single_shot_v3::rep0,deepseek_clean,glz-3.0.0-roadmap,glz,C++,deepseek-v4-pro,single_shot_v3,deepseek_clean::deepseek-v4-pro::glz-3.0.0-roadmap::single_shot_v3,0,0,0,0,0,0,finish_reason_length,edit_json_invalid,finish_reason_length,2026-07-07T15:45:22.589085Z,7c3cc4108402527301103b27
deepseek_clean::deepseek-v4-pro::glz-3.0.0-roadmap::single_shot_v3::rep1,deepseek_clean,glz-3.0.0-roadmap,glz,C++,deepseek-v4-pro,single_shot_v3,deepseek_clean::deepseek-v4-pro::glz-3.0.0-roadmap::single_shot_v3,1,0,0,0,0,0,edit_apply_failed,edit_apply_failed,edit_apply_failed,2026-07-07T15:44:38.797189Z,0061940721e9bdbcadf25316
deepseek_clean::deepseek-v4-pro::glz-3.0.0-roadmap::single_shot_v3::rep2,deepseek_clean,glz-3.0.0-roadmap,glz,C++,deepseek-v4-pro,single_shot_v3,deepseek_clean::deepseek-v4-pro::glz-3.0.0-roadmap::single_shot_v3,2,0,0,0,0,0,edit_apply_failed,edit_apply_failed,edit_apply_failed,2026-07-07T15:43:45.418945Z,7063ffb87e69f51a60804c5c
deepseek_clean::deepseek-v4-pro::glz-3.0.0-roadmap::single_shot_v3::rep3,deepseek_clean,glz-3.0.0-roadmap,glz,C++,deepseek-v4-pro,single_shot_v3,deepseek_clean::deepseek-v4-pro::glz-3.0.0-roadmap::single_shot_v3,3,0,0,0,0,0,edit_apply_failed,edit_apply_failed,edit_apply_failed,2026-07-07T15:44:15.230806Z,f043906aa2d3b571065fdd9c
deepseek_clean::deepseek-v4-pro::glz-3.0.0-roadmap::single_shot_v3::rep4,deepseek_clean,glz-3.0.0-roadmap,glz,C++,deepseek-v4-pro,single_shot_v3,deepseek_clean::deepseek-v4-pro::glz-3.0.0-roadmap::single_shot_v3,4,0,0,0,0,0,edit_apply_failed,edit_apply_failed,edit_apply_failed,2026-07-07T15:46:11.249612Z,8dfcd8d16458819f2a52dee6
deepseek_clean::deepseek-v4-pro::glz-3.0.0-roadmap::single_shot_v3::rep5,deepseek_clean,glz-3.0.0-roadmap,glz,C++,deepseek-v4-pro,single_shot_v3,deepseek_clean::deepseek-v4-pro::glz-3.0.0-roadmap::single_shot_v3,5,0,0,0,0,0,edit_apply_failed,edit_apply_failed,edit_apply_failed,2026-07-07T15:47:36.298283Z,46e5443735ae2e76383fc0c5
deepseek_clean::deepseek-v4-pro::glz-3.0.0-roadmap::single_shot_v3::rep6,deepseek_clean,glz-3.0.0-roadmap,glz,C++,deepseek-v4-pro,single_shot_v3,deepseek_clean::deepseek-v4-pro::glz-3.0.0-roadmap::single_shot_v3,6,0,0,0,0,0,edit_apply_failed,edit_apply_failed,edit_apply_failed,2026-07-07T15:48:29.855923Z,438ee08c9665e20eeb8dd6a6
deepseek_clean::deepseek-v4-pro::glz-3.0.0-roadmap::single_shot_v3::rep7,deepseek_clean,glz-3.0.0-roadmap,glz,C++,deepseek-v4-pro,single_shot_v3,deepseek_clean::deepseek-v4-pro::glz-3.0.0-roadmap::single_shot_v3,7,0,0,0,0,0,edit_apply_failed,edit_apply_failed,edit_apply_failed,2026-07-07T15:48:06.724018Z,8354b579786b991259e57a30
deepseek_clean::deepseek-v4-pro::glz-3.0.0-roadmap::staged_v4::rep0,deepseek_clean,glz-3.0.0-roadmap,glz,C++,deepseek-v4-pro,staged_v4,deepseek_clean::deepseek-v4-pro::glz-3.0.0-roadmap::staged_v4,0,0,0,0,0,0,edit_apply_failed,edit_apply_failed,edit_apply_failed,2026-07-07T15:48:59.554207Z,43b1e3756c3d7bc126195835
deepseek_clean::deepseek-v4-pro::glz-3.0.0-roadmap::staged_v4::rep1,deepseek_clean,glz-3.0.0-roadmap,glz,C++,deepseek-v4-pro,staged_v4,deepseek_clean::deepseek-v4-pro::glz-3.0.0-roadmap::staged_v4,1,0,0,0,0,0,stage1_plan_failed,stage_state_too_many_existing_files,stage1_plan_failed,2026-07-07T15:47:47.293677Z,6c1f0440487e468992704b35
deepseek_clean::deepseek-v4-pro::glz-3.0.0-roadmap::staged_v4::rep2,deepseek_clean,glz-3.0.0-roadmap,glz,C++,deepseek-v4-pro,staged_v4,deepseek_clean::deepseek-v4-pro::glz-3.0.0-roadmap::staged_v4,2,0,0,0,0,0,edit_apply_failed,edit_apply_failed,edit_apply_failed,2026-07-07T15:49:49.546167Z,5fa6e9e1b97dcc04804908ce
deepseek_clean::deepseek-v4-pro::glz-3.0.0-roadmap::staged_v4::rep3,deepseek_clean,glz-3.0.0-roadmap,glz,C++,deepseek-v4-pro,staged_v4,deepseek_clean::deepseek-v4-pro::glz-3.0.0-roadmap::staged_v4,3,1,1,1,1,0,test_failed,,,2026-07-07T19:00:10.973096Z,fa7dd6b4f78e562b8f4f7bd7
deepseek_clean::deepseek-v4-pro::glz-3.0.0-roadmap::staged_v4::rep4,deepseek_clean,glz-3.0.0-roadmap,glz,C++,deepseek-v4-pro,staged_v4,deepseek_clean::deepseek-v4-pro::glz-3.0.0-roadmap::staged_v4,4,1,1,1,1,0,test_failed,,,2026-07-07T19:00:15.798456Z,ecd1c861a7cb399038dd209b
deepseek_clean::deepseek-v4-pro::glz-3.0.0-roadmap::staged_v4::rep5,deepseek_clean,glz-3.0.0-roadmap,glz,C++,deepseek-v4-pro,staged_v4,deepseek_clean::deepseek-v4-pro::glz-3.0.0-roadmap::staged_v4,5,0,0,0,0,0,edit_apply_failed,edit_apply_failed,edit_apply_failed,2026-07-07T15:51:31.531133Z,084f7e8cb8079f6e37cd00fa
deepseek_clean::deepseek-v4-pro::glz-3.0.0-roadmap::staged_v4::rep6,deepseek_clean,glz-3.0.0-roadmap,glz,C++,deepseek-v4-pro,staged_v4,deepseek_clean::deepseek-v4-pro::glz-3.0.0-roadmap::staged_v4,6,1,1,1,1,0,test_failed,,,2026-07-07T19:00:20.181563Z,83484ad24024515858e03c88
deepseek_clean::deepseek-v4-pro::glz-3.0.0-roadmap::staged_v4::rep7,deepseek_clean,glz-3.0.0-roadmap,glz,C++,deepseek-v4-pro,staged_v4,deepseek_clean::deepseek-v4-pro::glz-3.0.0-roadmap::staged_v4,7,0,0,0,0,0,edit_apply_failed,edit_apply_failed,edit_apply_failed,2026-07-07T15:52:18.854341Z,1a4f000ab180741412a8bfba
deepseek_clean::deepseek-v4-pro::glz-4.0.0-roadmap::single_shot_v3::rep0,deepseek_clean,glz-4.0.0-roadmap,glz,C++,deepseek-v4-pro,single_shot_v3,deepseek_clean::deepseek-v4-pro::glz-4.0.0-roadmap::single_shot_v3,0,0,0,0,0,0,edit_apply_failed,edit_apply_failed,edit_apply_failed,2026-07-07T15:52:33.057899Z,b0b4b060e45df9eb4f2c06e4
deepseek_clean::deepseek-v4-pro::glz-4.0.0-roadmap::single_shot_v3::rep1,deepseek_clean,glz-4.0.0-roadmap,glz,C++,deepseek-v4-pro,single_shot_v3,deepseek_clean::deepseek-v4-pro::glz-4.0.0-roadmap::single_shot_v3,1,0,0,0,0,0,edit_apply_failed,edit_apply_failed,edit_apply_failed,2026-07-07T15:54:23.998930Z,3cdd6038db81e22586f4b95f
deepseek_clean::deepseek-v4-pro::glz-4.0.0-roadmap::single_shot_v3::rep2,deepseek_clean,glz-4.0.0-roadmap,glz,C++,deepseek-v4-pro,single_shot_v3,deepseek_clean::deepseek-v4-pro::glz-4.0.0-roadmap::single_shot_v3,2,0,0,0,0,0,edit_apply_failed,edit_apply_failed,edit_apply_failed,2026-07-07T15:53:14.955663Z,730dc825553887ce581d677f
deepseek_clean::deepseek-v4-pro::glz-4.0.0-roadmap::single_shot_v3::rep3,deepseek_clean,glz-4.0.0-roadmap,glz,C++,deepseek-v4-pro,single_shot_v3,deepseek_clean::deepseek-v4-pro::glz-4.0.0-roadmap::single_shot_v3,3,0,0,0,0,0,edit_apply_failed,edit_apply_failed,edit_apply_failed,2026-07-07T15:53:52.629835Z,5930c2504ccafc4393efeb2c
deepseek_clean::deepseek-v4-pro::glz-4.0.0-roadmap::single_shot_v3::rep4,deepseek_clean,glz-4.0.0-roadmap,glz,C++,deepseek-v4-pro,single_shot_v3,deepseek_clean::deepseek-v4-pro::glz-4.0.0-roadmap::single_shot_v3,4,0,0,0,0,0,edit_apply_failed,edit_apply_failed,edit_apply_failed,2026-07-07T15:55:21.006688Z,2c76417c282dba8f9eeac53b
deepseek_clean::deepseek-v4-pro::glz-4.0.0-roadmap::single_shot_v3::rep5,deepseek_clean,glz-4.0.0-roadmap,glz,C++,deepseek-v4-pro,single_shot_v3,deepseek_clean::deepseek-v4-pro::glz-4.0.0-roadmap::single_shot_v3,5,0,0,0,0,0,edit_apply_failed,edit_apply_failed,edit_apply_failed,2026-07-07T15:56:53.261218Z,4f9aceb57b65148444a0e807
deepseek_clean::deepseek-v4-pro::glz-4.0.0-roadmap::single_shot_v3::rep6,deepseek_clean,glz-4.0.0-roadmap,glz,C++,deepseek-v4-pro,single_shot_v3,deepseek_clean::deepseek-v4-pro::glz-4.0.0-roadmap::single_shot_v3,6,0,0,0,0,0,edit_apply_failed,edit_apply_failed,edit_apply_failed,2026-07-07T15:55:44.408423Z,36f8e284cd9001d7369bb2e9
deepseek_clean::deepseek-v4-pro::glz-4.0.0-roadmap::single_shot_v3::rep7,deepseek_clean,glz-4.0.0-roadmap,glz,C++,deepseek-v4-pro,single_shot_v3,deepseek_clean::deepseek-v4-pro::glz-4.0.0-roadmap::single_shot_v3,7,0,0,0,0,0,finish_reason_length,edit_json_invalid,finish_reason_length,2026-07-07T15:58:59.297338Z,35079b1689cdcd779008f9c5
deepseek_clean::deepseek-v4-pro::glz-4.0.0-roadmap::staged_v4::rep0,deepseek_clean,glz-4.0.0-roadmap,glz,C++,deepseek-v4-pro,staged_v4,deepseek_clean::deepseek-v4-pro::glz-4.0.0-roadmap::staged_v4,0,0,0,0,0,0,edit_path_disallowed,edit_path_disallowed,edit_path_disallowed,2026-07-07T15:57:17.936339Z,67192ac61606a9993a2b5118
deepseek_clean::deepseek-v4-pro::glz-4.0.0-roadmap::staged_v4::rep1,deepseek_clean,glz-4.0.0-roadmap,glz,C++,deepseek-v4-pro,staged_v4,deepseek_clean::deepseek-v4-pro::glz-4.0.0-roadmap::staged_v4,1,0,0,0,0,0,edit_apply_failed,edit_apply_failed,edit_apply_failed,2026-07-07T15:57:47.349895Z,6abb419d41d8b83708107aa4
deepseek_clean::deepseek-v4-pro::glz-4.0.0-roadmap::staged_v4::rep2,deepseek_clean,glz-4.0.0-roadmap,glz,C++,deepseek-v4-pro,staged_v4,deepseek_clean::deepseek-v4-pro::glz-4.0.0-roadmap::staged_v4,2,0,0,0,0,0,edit_path_disallowed,edit_path_disallowed,edit_path_disallowed,2026-07-07T15:58:30.612360Z,37592323f4a059493a86809f
deepseek_clean::deepseek-v4-pro::glz-4.0.0-roadmap::staged_v4::rep3,deepseek_clean,glz-4.0.0-roadmap,glz,C++,deepseek-v4-pro,staged_v4,deepseek_clean::deepseek-v4-pro::glz-4.0.0-roadmap::staged_v4,3,0,0,0,0,0,edit_path_disallowed,edit_path_disallowed,edit_path_disallowed,2026-07-07T15:59:49.957426Z,2a8f80493edb1908e6a5533c
deepseek_clean::deepseek-v4-pro::glz-4.0.0-roadmap::staged_v4::rep4,deepseek_clean,glz-4.0.0-roadmap,glz,C++,deepseek-v4-pro,staged_v4,deepseek_clean::deepseek-v4-pro::glz-4.0.0-roadmap::staged_v4,4,0,0,0,0,0,edit_path_disallowed,edit_path_disallowed,edit_path_disallowed,2026-07-07T16:00:49.280714Z,8b793e9f907f139907e752eb
deepseek_clean::deepseek-v4-pro::glz-4.0.0-roadmap::staged_v4::rep5,deepseek_clean,glz-4.0.0-roadmap,glz,C++,deepseek-v4-pro,staged_v4,deepseek_clean::deepseek-v4-pro::glz-4.0.0-roadmap::staged_v4,5,0,0,0,0,0,edit_path_disallowed,edit_path_disallowed,edit_path_disallowed,2026-07-07T16:00:47.255445Z,1993f0c706c76d4949958575
deepseek_clean::deepseek-v4-pro::glz-4.0.0-roadmap::staged_v4::rep6,deepseek_clean,glz-4.0.0-roadmap,glz,C++,deepseek-v4-pro,staged_v4,deepseek_clean::deepseek-v4-pro::glz-4.0.0-roadmap::staged_v4,6,0,0,0,0,0,edit_path_disallowed,edit_path_disallowed,edit_path_disallowed,2026-07-07T16:00:40.848501Z,2a3d0363eada844dfa6119df
deepseek_clean::deepseek-v4-pro::glz-4.0.0-roadmap::staged_v4::rep7,deepseek_clean,glz-4.0.0-roadmap,glz,C++,deepseek-v4-pro,staged_v4,deepseek_clean::deepseek-v4-pro::glz-4.0.0-roadmap::staged_v4,7,0,0,0,0,0,edit_path_disallowed,edit_path_disallowed,edit_path_disallowed,2026-07-07T16:01:54.485617Z,d9477aef0b3f5fb2d44f1a7d
deepseek_clean::deepseek-v4-pro::ktx-0.10.0-roadmap::single_shot_v3::rep0,deepseek_clean,ktx-0.10.0-roadmap,ktx,Go,deepseek-v4-pro,single_shot_v3,deepseek_clean::deepseek-v4-pro::ktx-0.10.0-roadmap::single_shot_v3,0,0,0,0,0,0,edit_apply_failed,edit_apply_failed,edit_apply_failed,2026-07-07T16:03:03.855804Z,4392a0dd9f9456657acf1cb5
deepseek_clean::deepseek-v4-pro::ktx-0.10.0-roadmap::single_shot_v3::rep1,deepseek_clean,ktx-0.10.0-roadmap,ktx,Go,deepseek-v4-pro,single_shot_v3,deepseek_clean::deepseek-v4-pro::ktx-0.10.0-roadmap::single_shot_v3,1,0,0,0,0,0,edit_apply_failed,edit_apply_failed,edit_apply_failed,2026-07-07T16:02:57.485480Z,034e92d26e806056799ecab7
deepseek_clean::deepseek-v4-pro::ktx-0.10.0-roadmap::single_shot_v3::rep2,deepseek_clean,ktx-0.10.0-roadmap,ktx,Go,deepseek-v4-pro,single_shot_v3,deepseek_clean::deepseek-v4-pro::ktx-0.10.0-roadmap::single_shot_v3,2,0,0,0,0,0,finish_reason_length,edit_json_invalid,finish_reason_length,2026-07-07T16:05:05.375468Z,7dd934d40530b2005a96bc5f
deepseek_clean::deepseek-v4-pro::ktx-0.10.0-roadmap::single_shot_v3::rep3,deepseek_clean,ktx-0.10.0-roadmap,ktx,Go,deepseek-v4-pro,single_shot_v3,deepseek_clean::deepseek-v4-pro::ktx-0.10.0-roadmap::single_shot_v3,3,0,0,0,0,0,edit_apply_failed,edit_apply_failed,edit_apply_failed,2026-07-07T16:04:01.112072Z,25c4517de7699410f8491e89
deepseek_clean::deepseek-v4-pro::ktx-0.10.0-roadmap::single_shot_v3::rep4,deepseek_clean,ktx-0.10.0-roadmap,ktx,Go,deepseek-v4-pro,single_shot_v3,deepseek_clean::deepseek-v4-pro::ktx-0.10.0-roadmap::single_shot_v3,4,0,0,0,0,0,edit_apply_failed,edit_apply_failed,edit_apply_failed,2026-07-07T16:05:23.547741Z,400d413308018a2ec009aa83
deepseek_clean::deepseek-v4-pro::ktx-0.10.0-roadmap::single_shot_v3::rep5,deepseek_clean,ktx-0.10.0-roadmap,ktx,Go,deepseek-v4-pro,single_shot_v3,deepseek_clean::deepseek-v4-pro::ktx-0.10.0-roadmap::single_shot_v3,5,0,0,0,0,0,edit_apply_failed,edit_apply_failed,edit_apply_failed,2026-07-07T16:05:23.331958Z,54a21070116b0125ed40b470
deepseek_clean::deepseek-v4-pro::ktx-0.10.0-roadmap::single_shot_v3::rep6,deepseek_clean,ktx-0.10.0-roadmap,ktx,Go,deepseek-v4-pro,single_shot_v3,deepseek_clean::deepseek-v4-pro::ktx-0.10.0-roadmap::single_shot_v3,6,0,0,0,0,0,edit_apply_failed,edit_apply_failed,edit_apply_failed,2026-07-07T16:06:02.039288Z,df8939aa7d04f382c8872475
deepseek_clean::deepseek-v4-pro::ktx-0.10.0-roadmap::single_shot_v3::rep7,deepseek_clean,ktx-0.10.0-roadmap,ktx,Go,deepseek-v4-pro,single_shot_v3,deepseek_clean::deepseek-v4-pro::ktx-0.10.0-roadmap::single_shot_v3,7,0,0,0,0,0,edit_apply_failed,edit_apply_failed,edit_apply_failed,2026-07-07T16:07:11.363231Z,b4c575162b5c3bb2072e3e18
deepseek_clean::deepseek-v4-pro::ktx-0.10.0-roadmap::staged_v4::rep0,deepseek_clean,ktx-0.10.0-roadmap,ktx,Go,deepseek-v4-pro,staged_v4,deepseek_clean::deepseek-v4-pro::ktx-0.10.0-roadmap::staged_v4,0,0,0,0,0,0,edit_apply_failed,edit_apply_failed,edit_apply_failed,2026-07-07T16:08:33.549166Z,6300941f38b00d68ce218fe2
deepseek_clean::deepseek-v4-pro::ktx-0.10.0-roadmap::staged_v4::rep1,deepseek_clean,ktx-0.10.0-roadmap,ktx,Go,deepseek-v4-pro,staged_v4,deepseek_clean::deepseek-v4-pro::ktx-0.10.0-roadmap::staged_v4,1,0,0,0,0,0,edit_apply_failed,edit_apply_failed,edit_apply_failed,2026-07-07T16:08:14.621623Z,690368f667f205b8d41dfb8a
deepseek_clean::deepseek-v4-pro::ktx-0.10.0-roadmap::staged_v4::rep2,deepseek_clean,ktx-0.10.0-roadmap,ktx,Go,deepseek-v4-pro,staged_v4,deepseek_clean::deepseek-v4-pro::ktx-0.10.0-roadmap::staged_v4,2,0,0,0,0,0,edit_apply_failed,edit_apply_failed,edit_apply_failed,2026-07-07T16:09:06.654042Z,da5fc28d954fa085b48eba77
deepseek_clean::deepseek-v4-pro::ktx-0.10.0-roadmap::staged_v4::rep3,deepseek_clean,ktx-0.10.0-roadmap,ktx,Go,deepseek-v4-pro,staged_v4,deepseek_clean::deepseek-v4-pro::ktx-0.10.0-roadmap::staged_v4,3,0,0,0,0,0,stage1_plan_failed,stage_state_edit_targets_invalid,stage1_plan_failed,2026-07-07T16:07:26.168046Z,1a7d2670590a4e41e33a79ee
deepseek_clean::deepseek-v4-pro::ktx-0.10.0-roadmap::staged_v4::rep4,deepseek_clean,ktx-0.10.0-roadmap,ktx,Go,deepseek-v4-pro,staged_v4,deepseek_clean::deepseek-v4-pro::ktx-0.10.0-roadmap::staged_v4,4,0,0,0,0,0,edit_apply_failed,edit_apply_failed,edit_apply_failed,2026-07-07T16:10:18.445007Z,22332a30b6d8a56af8b64b7b
deepseek_clean::deepseek-v4-pro::ktx-0.10.0-roadmap::staged_v4::rep5,deepseek_clean,ktx-0.10.0-roadmap,ktx,Go,deepseek-v4-pro,staged_v4,deepseek_clean::deepseek-v4-pro::ktx-0.10.0-roadmap::staged_v4,5,0,0,0,0,0,edit_apply_failed,edit_apply_failed,edit_apply_failed,2026-07-07T16:15:27.264967Z,d95bf20c266f6bbbf35f2023
deepseek_clean::deepseek-v4-pro::ktx-0.10.0-roadmap::staged_v4::rep6,deepseek_clean,ktx-0.10.0-roadmap,ktx,Go,deepseek-v4-pro,staged_v4,deepseek_clean::deepseek-v4-pro::ktx-0.10.0-roadmap::staged_v4,6,0,0,0,0,0,edit_apply_failed,edit_apply_failed,edit_apply_failed,2026-07-07T16:12:08.386940Z,55fe9b8f82ec9d41938d77e0
deepseek_clean::deepseek-v4-pro::ktx-0.10.0-roadmap::staged_v4::rep7,deepseek_clean,ktx-0.10.0-roadmap,ktx,Go,deepseek-v4-pro,staged_v4,deepseek_clean::deepseek-v4-pro::ktx-0.10.0-roadmap::staged_v4,7,0,0,0,0,0,stage2_contract_failed,candidate_edit_ops_invalid,stage2_contract_failed,2026-07-07T16:15:46.989229Z,e98e38fad39d7842ad52973a
deepseek_clean::deepseek-v4-pro::mko-3.0.0-roadmap::single_shot_v3::rep0,deepseek_clean,mko-3.0.0-roadmap,mko,TypeScript,deepseek-v4-pro,single_shot_v3,deepseek_clean::deepseek-v4-pro::mko-3.0.0-roadmap::single_shot_v3,0,1,1,1,1,0,test_failed,,,2026-07-07T19:01:01.566391Z,292ae253d426f31dad7d4b3b
deepseek_clean::deepseek-v4-pro::mko-3.0.0-roadmap::single_shot_v3::rep1,deepseek_clean,mko-3.0.0-roadmap,mko,TypeScript,deepseek-v4-pro,single_shot_v3,deepseek_clean::deepseek-v4-pro::mko-3.0.0-roadmap::single_shot_v3,1,1,1,1,1,0,test_failed,,,2026-07-07T19:01:40.313530Z,84e86749ca8b8d683af5a17b
deepseek_clean::deepseek-v4-pro::mko-3.0.0-roadmap::single_shot_v3::rep2,deepseek_clean,mko-3.0.0-roadmap,mko,TypeScript,deepseek-v4-pro,single_shot_v3,deepseek_clean::deepseek-v4-pro::mko-3.0.0-roadmap::single_shot_v3,2,1,1,1,1,0,test_failed,,,2026-07-07T19:02:18.734009Z,401ab3445edc509364b047a1
deepseek_clean::deepseek-v4-pro::mko-3.0.0-roadmap::single_shot_v3::rep3,deepseek_clean,mko-3.0.0-roadmap,mko,TypeScript,deepseek-v4-pro,single_shot_v3,deepseek_clean::deepseek-v4-pro::mko-3.0.0-roadmap::single_shot_v3,3,1,1,1,1,0,test_failed,,,2026-07-07T19:02:58.530095Z,5778ebd0f4b355a2bdc039bb
deepseek_clean::deepseek-v4-pro::mko-3.0.0-roadmap::single_shot_v3::rep4,deepseek_clean,mko-3.0.0-roadmap,mko,TypeScript,deepseek-v4-pro,single_shot_v3,deepseek_clean::deepseek-v4-pro::mko-3.0.0-roadmap::single_shot_v3,4,1,1,1,1,0,test_failed,,,2026-07-07T19:03:36.232049Z,1311e385a8db2d13bc07134e
deepseek_clean::deepseek-v4-pro::mko-3.0.0-roadmap::single_shot_v3::rep5,deepseek_clean,mko-3.0.0-roadmap,mko,TypeScript,deepseek-v4-pro,single_shot_v3,deepseek_clean::deepseek-v4-pro::mko-3.0.0-roadmap::single_shot_v3,5,1,1,1,1,0,test_failed,,,2026-07-07T19:04:14.564116Z,e50c5f8641e6d6b9967526f4
deepseek_clean::deepseek-v4-pro::mko-3.0.0-roadmap::single_shot_v3::rep6,deepseek_clean,mko-3.0.0-roadmap,mko,TypeScript,deepseek-v4-pro,single_shot_v3,deepseek_clean::deepseek-v4-pro::mko-3.0.0-roadmap::single_shot_v3,6,1,1,1,1,0,test_failed,,,2026-07-07T19:04:52.810825Z,582e10ed1c12e661c24bbdaf
deepseek_clean::deepseek-v4-pro::mko-3.0.0-roadmap::single_shot_v3::rep7,deepseek_clean,mko-3.0.0-roadmap,mko,TypeScript,deepseek-v4-pro,single_shot_v3,deepseek_clean::deepseek-v4-pro::mko-3.0.0-roadmap::single_shot_v3,7,1,1,1,1,0,test_failed,,,2026-07-07T19:05:30.736359Z,16b06f7ab25ecc4a2c49777c
deepseek_clean::deepseek-v4-pro::mko-3.0.0-roadmap::staged_v4::rep0,deepseek_clean,mko-3.0.0-roadmap,mko,TypeScript,deepseek-v4-pro,staged_v4,deepseek_clean::deepseek-v4-pro::mko-3.0.0-roadmap::staged_v4,0,1,1,1,1,0,test_failed,,,2026-07-07T19:06:07.913530Z,fa37bfce938d0a5a11f7b4a4
deepseek_clean::deepseek-v4-pro::mko-3.0.0-roadmap::staged_v4::rep1,deepseek_clean,mko-3.0.0-roadmap,mko,TypeScript,deepseek-v4-pro,staged_v4,deepseek_clean::deepseek-v4-pro::mko-3.0.0-roadmap::staged_v4,1,1,1,1,1,0,test_failed,,,2026-07-07T19:06:45.559898Z,e13c92107e34573b83ac62c8
deepseek_clean::deepseek-v4-pro::mko-3.0.0-roadmap::staged_v4::rep2,deepseek_clean,mko-3.0.0-roadmap,mko,TypeScript,deepseek-v4-pro,staged_v4,deepseek_clean::deepseek-v4-pro::mko-3.0.0-roadmap::staged_v4,2,1,1,1,1,0,test_failed,,,2026-07-07T19:07:23.519642Z,01ea0b6e7dfbc761dd58b9a1
deepseek_clean::deepseek-v4-pro::mko-3.0.0-roadmap::staged_v4::rep3,deepseek_clean,mko-3.0.0-roadmap,mko,TypeScript,deepseek-v4-pro,staged_v4,deepseek_clean::deepseek-v4-pro::mko-3.0.0-roadmap::staged_v4,3,1,1,1,1,0,test_failed,,,2026-07-07T19:08:02.689593Z,18df85237989af8ed2e4116e
deepseek_clean::deepseek-v4-pro::mko-3.0.0-roadmap::staged_v4::rep4,deepseek_clean,mko-3.0.0-roadmap,mko,TypeScript,deepseek-v4-pro,staged_v4,deepseek_clean::deepseek-v4-pro::mko-3.0.0-roadmap::staged_v4,4,1,1,1,1,0,test_failed,,,2026-07-07T19:08:41.103981Z,c333b57784d242df2b0563a2
deepseek_clean::deepseek-v4-pro::mko-3.0.0-roadmap::staged_v4::rep5,deepseek_clean,mko-3.0.0-roadmap,mko,TypeScript,deepseek-v4-pro,staged_v4,deepseek_clean::deepseek-v4-pro::mko-3.0.0-roadmap::staged_v4,5,1,1,1,1,0,test_failed,,,2026-07-07T19:09:16.213572Z,3fd4595d5f1b57f64744e359
deepseek_clean::deepseek-v4-pro::mko-3.0.0-roadmap::staged_v4::rep6,deepseek_clean,mko-3.0.0-roadmap,mko,TypeScript,deepseek-v4-pro,staged_v4,deepseek_clean::deepseek-v4-pro::mko-3.0.0-roadmap::staged_v4,6,0,0,0,0,0,stage2_contract_failed,stage2_edit_outside_stage_state,stage2_contract_failed,2026-07-07T16:18:17.557891Z,59388f98cb6f74fd30261136
deepseek_clean::deepseek-v4-pro::mko-3.0.0-roadmap::staged_v4::rep7,deepseek_clean,mko-3.0.0-roadmap,mko,TypeScript,deepseek-v4-pro,staged_v4,deepseek_clean::deepseek-v4-pro::mko-3.0.0-roadmap::staged_v4,7,0,0,0,0,0,stage1_plan_failed,stage_state_edit_targets_invalid,stage1_plan_failed,2026-07-07T16:17:18.651290Z,7f182e62c844fccf8d07480a
deepseek_clean::deepseek-v4-pro::mko-4.0.0-roadmap::single_shot_v3::rep0,deepseek_clean,mko-4.0.0-roadmap,mko,TypeScript,deepseek-v4-pro,single_shot_v3,deepseek_clean::deepseek-v4-pro::mko-4.0.0-roadmap::single_shot_v3,0,0,0,0,0,0,finish_reason_length,edit_json_invalid,finish_reason_length,2026-07-07T16:22:14.046440Z,aad957767076c0382450e61f
deepseek_clean::deepseek-v4-pro::mko-4.0.0-roadmap::single_shot_v3::rep1,deepseek_clean,mko-4.0.0-roadmap,mko,TypeScript,deepseek-v4-pro,single_shot_v3,deepseek_clean::deepseek-v4-pro::mko-4.0.0-roadmap::single_shot_v3,1,0,0,0,0,0,finish_reason_length,edit_json_invalid,finish_reason_length,2026-07-07T16:23:17.965504Z,bcc3d9bf2611e91b69a57c3d
deepseek_clean::deepseek-v4-pro::mko-4.0.0-roadmap::single_shot_v3::rep2,deepseek_clean,mko-4.0.0-roadmap,mko,TypeScript,deepseek-v4-pro,single_shot_v3,deepseek_clean::deepseek-v4-pro::mko-4.0.0-roadmap::single_shot_v3,2,0,0,0,0,0,finish_reason_length,edit_json_invalid,finish_reason_length,2026-07-07T16:23:13.054397Z,f34620d5775e63f1b9947121
deepseek_clean::deepseek-v4-pro::mko-4.0.0-roadmap::single_shot_v3::rep3,deepseek_clean,mko-4.0.0-roadmap,mko,TypeScript,deepseek-v4-pro,single_shot_v3,deepseek_clean::deepseek-v4-pro::mko-4.0.0-roadmap::single_shot_v3,3,0,0,0,0,0,finish_reason_length,edit_json_invalid,finish_reason_length,2026-07-07T16:23:29.103147Z,0199cab75c17bd3a1ff86d72
deepseek_clean::deepseek-v4-pro::mko-4.0.0-roadmap::single_shot_v3::rep4,deepseek_clean,mko-4.0.0-roadmap,mko,TypeScript,deepseek-v4-pro,single_shot_v3,deepseek_clean::deepseek-v4-pro::mko-4.0.0-roadmap::single_shot_v3,4,0,0,0,0,0,edit_apply_failed,edit_apply_failed,edit_apply_failed,2026-07-07T16:25:02.309248Z,4dfce79cf3d5ac1a91b488af
deepseek_clean::deepseek-v4-pro::mko-4.0.0-roadmap::single_shot_v3::rep5,deepseek_clean,mko-4.0.0-roadmap,mko,TypeScript,deepseek-v4-pro,single_shot_v3,deepseek_clean::deepseek-v4-pro::mko-4.0.0-roadmap::single_shot_v3,5,0,0,0,0,0,finish_reason_length,edit_json_invalid,finish_reason_length,2026-07-07T16:28:22.007252Z,11f8ce2d4b8a4e8d6f93ef97
deepseek_clean::deepseek-v4-pro::mko-4.0.0-roadmap::single_shot_v3::rep6,deepseek_clean,mko-4.0.0-roadmap,mko,TypeScript,deepseek-v4-pro,single_shot_v3,deepseek_clean::deepseek-v4-pro::mko-4.0.0-roadmap::single_shot_v3,6,0,0,0,0,0,finish_reason_length,edit_json_invalid,finish_reason_length,2026-07-07T16:28:17.834431Z,5a1df6dd28ffaed6b9759948
deepseek_clean::deepseek-v4-pro::mko-4.0.0-roadmap::single_shot_v3::rep7,deepseek_clean,mko-4.0.0-roadmap,mko,TypeScript,deepseek-v4-pro,single_shot_v3,deepseek_clean::deepseek-v4-pro::mko-4.0.0-roadmap::single_shot_v3,7,0,0,0,0,0,finish_reason_length,edit_json_invalid,finish_reason_length,2026-07-07T16:28:42.450483Z,16a5a3110e59a26f01dc3770
deepseek_clean::deepseek-v4-pro::mko-4.0.0-roadmap::staged_v4::rep0,deepseek_clean,mko-4.0.0-roadmap,mko,TypeScript,deepseek-v4-pro,staged_v4,deepseek_clean::deepseek-v4-pro::mko-4.0.0-roadmap::staged_v4,0,0,0,0,0,0,stage2_contract_failed,stage2_edit_outside_stage_state,stage2_contract_failed,2026-07-07T16:27:17.071021Z,99f6dd61c8f2bc90310695c2
deepseek_clean::deepseek-v4-pro::mko-4.0.0-roadmap::staged_v4::rep1,deepseek_clean,mko-4.0.0-roadmap,mko,TypeScript,deepseek-v4-pro,staged_v4,deepseek_clean::deepseek-v4-pro::mko-4.0.0-roadmap::staged_v4,1,0,0,0,0,0,stage2_contract_failed,stage2_edit_outside_stage_state,stage2_contract_failed,2026-07-07T16:32:25.142465Z,9654ba218c71f9b28a7ad567
deepseek_clean::deepseek-v4-pro::mko-4.0.0-roadmap::staged_v4::rep2,deepseek_clean,mko-4.0.0-roadmap,mko,TypeScript,deepseek-v4-pro,staged_v4,deepseek_clean::deepseek-v4-pro::mko-4.0.0-roadmap::staged_v4,2,0,0,0,0,0,stage2_contract_failed,stage2_edit_outside_stage_state,stage2_contract_failed,2026-07-07T16:30:24.615091Z,64ebd77549cdbd096a218ebd
deepseek_clean::deepseek-v4-pro::mko-4.0.0-roadmap::staged_v4::rep3,deepseek_clean,mko-4.0.0-roadmap,mko,TypeScript,deepseek-v4-pro,staged_v4,deepseek_clean::deepseek-v4-pro::mko-4.0.0-roadmap::staged_v4,3,0,0,0,0,0,stage2_contract_failed,stage2_edit_outside_stage_state,stage2_contract_failed,2026-07-07T16:32:43.172295Z,99f5e1f2f91f3fe5c4a1ecf3
deepseek_clean::deepseek-v4-pro::mko-4.0.0-roadmap::staged_v4::rep4,deepseek_clean,mko-4.0.0-roadmap,mko,TypeScript,deepseek-v4-pro,staged_v4,deepseek_clean::deepseek-v4-pro::mko-4.0.0-roadmap::staged_v4,4,0,0,0,0,0,stage1_plan_failed,stage_state_too_many_existing_files,stage1_plan_failed,2026-07-07T16:30:09.383126Z,679368bee0ee7c51de9dab4e
deepseek_clean::deepseek-v4-pro::mko-4.0.0-roadmap::staged_v4::rep5,deepseek_clean,mko-4.0.0-roadmap,mko,TypeScript,deepseek-v4-pro,staged_v4,deepseek_clean::deepseek-v4-pro::mko-4.0.0-roadmap::staged_v4,5,0,0,0,0,0,stage2_contract_failed,stage2_too_many_edit_ops,stage2_contract_failed,2026-07-07T16:38:04.301632Z,047d33615d92ebfdabd1ed1d
deepseek_clean::deepseek-v4-pro::mko-4.0.0-roadmap::staged_v4::rep6,deepseek_clean,mko-4.0.0-roadmap,mko,TypeScript,deepseek-v4-pro,staged_v4,deepseek_clean::deepseek-v4-pro::mko-4.0.0-roadmap::staged_v4,6,0,0,0,0,0,stage1_plan_failed,stage_state_planned_new_files_invalid,stage1_plan_failed,2026-07-07T16:30:55.452408Z,b501df3e31c7e743660dcd46
deepseek_clean::deepseek-v4-pro::mko-4.0.0-roadmap::staged_v4::rep7,deepseek_clean,mko-4.0.0-roadmap,mko,TypeScript,deepseek-v4-pro,staged_v4,deepseek_clean::deepseek-v4-pro::mko-4.0.0-roadmap::staged_v4,7,0,0,0,0,0,stage1_plan_failed,stage_state_edit_targets_invalid,stage1_plan_failed,2026-07-07T16:32:05.084790Z,d9254bd88768dee2f37dffce
deepseek_clean::deepseek-v4-pro::mko-4.1.0-roadmap::single_shot_v3::rep0,deepseek_clean,mko-4.1.0-roadmap,mko,TypeScript,deepseek-v4-pro,single_shot_v3,deepseek_clean::deepseek-v4-pro::mko-4.1.0-roadmap::single_shot_v3,0,1,1,1,1,0,test_failed,,,2026-07-07T19:10:26.020805Z,f9eb0f59c1bbd0e434465894
deepseek_clean::deepseek-v4-pro::mko-4.1.0-roadmap::single_shot_v3::rep1,deepseek_clean,mko-4.1.0-roadmap,mko,TypeScript,deepseek-v4-pro,single_shot_v3,deepseek_clean::deepseek-v4-pro::mko-4.1.0-roadmap::single_shot_v3,1,0,0,0,0,0,edit_apply_failed,edit_apply_failed,edit_apply_failed,2026-07-07T16:33:02.744152Z,dae9daeed08af4582db415a8
deepseek_clean::deepseek-v4-pro::mko-4.1.0-roadmap::single_shot_v3::rep2,deepseek_clean,mko-4.1.0-roadmap,mko,TypeScript,deepseek-v4-pro,single_shot_v3,deepseek_clean::deepseek-v4-pro::mko-4.1.0-roadmap::single_shot_v3,2,1,1,1,1,0,test_failed,,,2026-07-07T19:11:33.067084Z,bcd39e2db433774ad8f8f31a
deepseek_clean::deepseek-v4-pro::mko-4.1.0-roadmap::single_shot_v3::rep3,deepseek_clean,mko-4.1.0-roadmap,mko,TypeScript,deepseek-v4-pro,single_shot_v3,deepseek_clean::deepseek-v4-pro::mko-4.1.0-roadmap::single_shot_v3,3,1,1,1,1,0,test_failed,,,2026-07-07T19:12:41.857424Z,d28f68989415d4cd49a9c9db
deepseek_clean::deepseek-v4-pro::mko-4.1.0-roadmap::single_shot_v3::rep4,deepseek_clean,mko-4.1.0-roadmap,mko,TypeScript,deepseek-v4-pro,single_shot_v3,deepseek_clean::deepseek-v4-pro::mko-4.1.0-roadmap::single_shot_v3,4,1,1,1,1,0,test_failed,,,2026-07-07T19:13:48.826895Z,8818731a93bdc7e6ab5b8a72
deepseek_clean::deepseek-v4-pro::mko-4.1.0-roadmap::single_shot_v3::rep5,deepseek_clean,mko-4.1.0-roadmap,mko,TypeScript,deepseek-v4-pro,single_shot_v3,deepseek_clean::deepseek-v4-pro::mko-4.1.0-roadmap::single_shot_v3,5,1,1,1,1,0,test_failed,,,2026-07-07T19:14:56.586978Z,f54bb6cccf84b2ce76f7e7a0
deepseek_clean::deepseek-v4-pro::mko-4.1.0-roadmap::single_shot_v3::rep6,deepseek_clean,mko-4.1.0-roadmap,mko,TypeScript,deepseek-v4-pro,single_shot_v3,deepseek_clean::deepseek-v4-pro::mko-4.1.0-roadmap::single_shot_v3,6,1,1,1,1,0,test_failed,,,2026-07-07T19:16:09.610548Z,a486e9bbe50359ca7b33231a
deepseek_clean::deepseek-v4-pro::mko-4.1.0-roadmap::single_shot_v3::rep7,deepseek_clean,mko-4.1.0-roadmap,mko,TypeScript,deepseek-v4-pro,single_shot_v3,deepseek_clean::deepseek-v4-pro::mko-4.1.0-roadmap::single_shot_v3,7,0,0,0,0,0,edit_apply_failed,edit_apply_failed,edit_apply_failed,2026-07-07T16:34:02.215200Z,f44ceb96fb8565d63b6f4088
deepseek_clean::deepseek-v4-pro::mko-4.1.0-roadmap::staged_v4::rep0,deepseek_clean,mko-4.1.0-roadmap,mko,TypeScript,deepseek-v4-pro,staged_v4,deepseek_clean::deepseek-v4-pro::mko-4.1.0-roadmap::staged_v4,0,0,0,0,0,0,edit_apply_failed,edit_apply_failed,edit_apply_failed,2026-07-07T16:35:11.477910Z,57aea928578d595fce263b06
deepseek_clean::deepseek-v4-pro::mko-4.1.0-roadmap::staged_v4::rep1,deepseek_clean,mko-4.1.0-roadmap,mko,TypeScript,deepseek-v4-pro,staged_v4,deepseek_clean::deepseek-v4-pro::mko-4.1.0-roadmap::staged_v4,1,0,0,0,0,0,edit_apply_failed,edit_apply_failed,edit_apply_failed,2026-07-07T16:35:40.293390Z,6399e60b34c5fd8b5b814d7d
deepseek_clean::deepseek-v4-pro::mko-4.1.0-roadmap::staged_v4::rep2,deepseek_clean,mko-4.1.0-roadmap,mko,TypeScript,deepseek-v4-pro,staged_v4,deepseek_clean::deepseek-v4-pro::mko-4.1.0-roadmap::staged_v4,2,0,0,0,0,0,edit_apply_failed,edit_apply_failed,edit_apply_failed,2026-07-07T16:35:59.806859Z,6b11e7d72ad378427916e92f
deepseek_clean::deepseek-v4-pro::mko-4.1.0-roadmap::staged_v4::rep3,deepseek_clean,mko-4.1.0-roadmap,mko,TypeScript,deepseek-v4-pro,staged_v4,deepseek_clean::deepseek-v4-pro::mko-4.1.0-roadmap::staged_v4,3,0,0,0,0,0,edit_apply_failed,edit_apply_failed,edit_apply_failed,2026-07-07T16:37:21.418044Z,e44e0b21426e957196e180d8
deepseek_clean::deepseek-v4-pro::mko-4.1.0-roadmap::staged_v4::rep4,deepseek_clean,mko-4.1.0-roadmap,mko,TypeScript,deepseek-v4-pro,staged_v4,deepseek_clean::deepseek-v4-pro::mko-4.1.0-roadmap::staged_v4,4,0,0,0,0,0,edit_apply_failed,edit_apply_failed,edit_apply_failed,2026-07-07T16:37:40.383973Z,9af9eb48838334864ff522c0
deepseek_clean::deepseek-v4-pro::mko-4.1.0-roadmap::staged_v4::rep5,deepseek_clean,mko-4.1.0-roadmap,mko,TypeScript,deepseek-v4-pro,staged_v4,deepseek_clean::deepseek-v4-pro::mko-4.1.0-roadmap::staged_v4,5,0,0,0,0,0,edit_apply_failed,edit_apply_failed,edit_apply_failed,2026-07-07T16:38:22.440918Z,605008daef0c6b7c47bafa86
deepseek_clean::deepseek-v4-pro::mko-4.1.0-roadmap::staged_v4::rep6,deepseek_clean,mko-4.1.0-roadmap,mko,TypeScript,deepseek-v4-pro,staged_v4,deepseek_clean::deepseek-v4-pro::mko-4.1.0-roadmap::staged_v4,6,0,0,0,0,0,edit_apply_failed,edit_apply_failed,edit_apply_failed,2026-07-07T16:38:57.457904Z,e53da56368e26f95259894d3
deepseek_clean::deepseek-v4-pro::mko-4.1.0-roadmap::staged_v4::rep7,deepseek_clean,mko-4.1.0-roadmap,mko,TypeScript,deepseek-v4-pro,staged_v4,deepseek_clean::deepseek-v4-pro::mko-4.1.0-roadmap::staged_v4,7,0,0,0,0,0,edit_apply_failed,edit_apply_failed,edit_apply_failed,2026-07-07T16:39:49.395880Z,61260baff28df12d1116515c
deepseek_clean::deepseek-v4-pro::opt-2.0.0-roadmap::single_shot_v3::rep0,deepseek_clean,opt-2.0.0-roadmap,opt,Python,deepseek-v4-pro,single_shot_v3,deepseek_clean::deepseek-v4-pro::opt-2.0.0-roadmap::single_shot_v3,0,0,0,0,0,0,edit_apply_failed,edit_apply_failed,edit_apply_failed,2026-07-07T16:39:24.894538Z,cf7adb13e068ec0a10360974
deepseek_clean::deepseek-v4-pro::opt-2.0.0-roadmap::single_shot_v3::rep1,deepseek_clean,opt-2.0.0-roadmap,opt,Python,deepseek-v4-pro,single_shot_v3,deepseek_clean::deepseek-v4-pro::opt-2.0.0-roadmap::single_shot_v3,1,0,0,0,0,0,finish_reason_length,edit_json_invalid,finish_reason_length,2026-07-07T16:42:58.361369Z,62ea001b67d02316a5a8d935
deepseek_clean::deepseek-v4-pro::opt-2.0.0-roadmap::single_shot_v3::rep2,deepseek_clean,opt-2.0.0-roadmap,opt,Python,deepseek-v4-pro,single_shot_v3,deepseek_clean::deepseek-v4-pro::opt-2.0.0-roadmap::single_shot_v3,2,0,0,0,0,0,edit_path_disallowed,edit_path_disallowed,edit_path_disallowed,2026-07-07T16:40:23.958639Z,471e96429485580d357dc4b2
deepseek_clean::deepseek-v4-pro::opt-2.0.0-roadmap::single_shot_v3::rep3,deepseek_clean,opt-2.0.0-roadmap,opt,Python,deepseek-v4-pro,single_shot_v3,deepseek_clean::deepseek-v4-pro::opt-2.0.0-roadmap::single_shot_v3,3,0,0,0,0,0,edit_path_disallowed,edit_path_disallowed,edit_path_disallowed,2026-07-07T16:40:59.421417Z,c3984d7d61cda8d29fb0ab06
deepseek_clean::deepseek-v4-pro::opt-2.0.0-roadmap::single_shot_v3::rep4,deepseek_clean,opt-2.0.0-roadmap,opt,Python,deepseek-v4-pro,single_shot_v3,deepseek_clean::deepseek-v4-pro::opt-2.0.0-roadmap::single_shot_v3,4,0,0,0,0,0,edit_path_disallowed,edit_path_disallowed,edit_path_disallowed,2026-07-07T16:41:20.136398Z,0a94657c9c6965d3817a988f
deepseek_clean::deepseek-v4-pro::opt-2.0.0-roadmap::single_shot_v3::rep5,deepseek_clean,opt-2.0.0-roadmap,opt,Python,deepseek-v4-pro,single_shot_v3,deepseek_clean::deepseek-v4-pro::opt-2.0.0-roadmap::single_shot_v3,5,0,0,0,0,0,edit_path_disallowed,edit_path_disallowed,edit_path_disallowed,2026-07-07T16:42:00.255910Z,1016b2750d94bcc8620a3468
deepseek_clean::deepseek-v4-pro::opt-2.0.0-roadmap::single_shot_v3::rep6,deepseek_clean,opt-2.0.0-roadmap,opt,Python,deepseek-v4-pro,single_shot_v3,deepseek_clean::deepseek-v4-pro::opt-2.0.0-roadmap::single_shot_v3,6,0,0,0,0,0,edit_path_disallowed,edit_path_disallowed,edit_path_disallowed,2026-07-07T16:42:28.758656Z,a73cab232133964fa9cb81b7
deepseek_clean::deepseek-v4-pro::opt-2.0.0-roadmap::single_shot_v3::rep7,deepseek_clean,opt-2.0.0-roadmap,opt,Python,deepseek-v4-pro,single_shot_v3,deepseek_clean::deepseek-v4-pro::opt-2.0.0-roadmap::single_shot_v3,7,0,0,0,0,0,edit_path_disallowed,edit_path_disallowed,edit_path_disallowed,2026-07-07T16:42:51.209982Z,1185c77fff71dba3532f469b
deepseek_clean::deepseek-v4-pro::opt-2.0.0-roadmap::staged_v4::rep0,deepseek_clean,opt-2.0.0-roadmap,opt,Python,deepseek-v4-pro,staged_v4,deepseek_clean::deepseek-v4-pro::opt-2.0.0-roadmap::staged_v4,0,0,0,0,0,0,edit_apply_failed,edit_apply_failed,edit_apply_failed,2026-07-07T16:45:03.596250Z,65ccfb1c73cc32630286792a
deepseek_clean::deepseek-v4-pro::opt-2.0.0-roadmap::staged_v4::rep1,deepseek_clean,opt-2.0.0-roadmap,opt,Python,deepseek-v4-pro,staged_v4,deepseek_clean::deepseek-v4-pro::opt-2.0.0-roadmap::staged_v4,1,0,0,0,0,0,stage1_plan_failed,stage_state_existing_files_invalid,stage1_plan_failed,2026-07-07T16:42:45.668376Z,853118dd718c585d20473dae
deepseek_clean::deepseek-v4-pro::opt-2.0.0-roadmap::staged_v4::rep2,deepseek_clean,opt-2.0.0-roadmap,opt,Python,deepseek-v4-pro,staged_v4,deepseek_clean::deepseek-v4-pro::opt-2.0.0-roadmap::staged_v4,2,0,0,0,0,0,stage1_plan_failed,stage_state_existing_files_invalid,stage1_plan_failed,2026-07-07T16:43:00.525484Z,228ed8359e903014c79dd499
deepseek_clean::deepseek-v4-pro::opt-2.0.0-roadmap::staged_v4::rep3,deepseek_clean,opt-2.0.0-roadmap,opt,Python,deepseek-v4-pro,staged_v4,deepseek_clean::deepseek-v4-pro::opt-2.0.0-roadmap::staged_v4,3,0,0,0,0,0,stage1_plan_failed,stage_state_existing_files_invalid,stage1_plan_failed,2026-07-07T16:43:09.056231Z,b4e55f9af519a66a2775cdc8
deepseek_clean::deepseek-v4-pro::opt-2.0.0-roadmap::staged_v4::rep4,deepseek_clean,opt-2.0.0-roadmap,opt,Python,deepseek-v4-pro,staged_v4,deepseek_clean::deepseek-v4-pro::opt-2.0.0-roadmap::staged_v4,4,0,0,0,0,0,edit_apply_failed,edit_apply_failed,edit_apply_failed,2026-07-07T16:46:23.301285Z,f9e78ff74003c3112ab82763
deepseek_clean::deepseek-v4-pro::opt-2.0.0-roadmap::staged_v4::rep5,deepseek_clean,opt-2.0.0-roadmap,opt,Python,deepseek-v4-pro,staged_v4,deepseek_clean::deepseek-v4-pro::opt-2.0.0-roadmap::staged_v4,5,0,0,0,0,0,stage1_plan_failed,stage_state_existing_files_invalid,stage1_plan_failed,2026-07-07T16:43:16.160883Z,7659e7197e5f5d7b4e6b8433
deepseek_clean::deepseek-v4-pro::opt-2.0.0-roadmap::staged_v4::rep6,deepseek_clean,opt-2.0.0-roadmap,opt,Python,deepseek-v4-pro,staged_v4,deepseek_clean::deepseek-v4-pro::opt-2.0.0-roadmap::staged_v4,6,0,0,0,0,0,stage1_plan_failed,stage_state_existing_files_invalid,stage1_plan_failed,2026-07-07T16:43:31.602314Z,1df3a627062222a594264452
deepseek_clean::deepseek-v4-pro::opt-2.0.0-roadmap::staged_v4::rep7,deepseek_clean,opt-2.0.0-roadmap,opt,Python,deepseek-v4-pro,staged_v4,deepseek_clean::deepseek-v4-pro::opt-2.0.0-roadmap::staged_v4,7,0,0,0,0,0,stage1_plan_failed,stage_state_existing_files_invalid,stage1_plan_failed,2026-07-07T16:43:30.517528Z,c36292fed0fa9afb1a1d53b3
deepseek_clean::deepseek-v4-pro::opt-3.0.0-roadmap::single_shot_v3::rep0,deepseek_clean,opt-3.0.0-roadmap,opt,Python,deepseek-v4-pro,single_shot_v3,deepseek_clean::deepseek-v4-pro::opt-3.0.0-roadmap::single_shot_v3,0,0,0,0,0,0,edit_apply_failed,edit_apply_failed,edit_apply_failed,2026-07-07T16:47:52.675019Z,7db4449a06a1533ca9058c44
deepseek_clean::deepseek-v4-pro::opt-3.0.0-roadmap::single_shot_v3::rep1,deepseek_clean,opt-3.0.0-roadmap,opt,Python,deepseek-v4-pro,single_shot_v3,deepseek_clean::deepseek-v4-pro::opt-3.0.0-roadmap::single_shot_v3,1,0,0,0,0,0,edit_apply_failed,edit_apply_failed,edit_apply_failed,2026-07-07T16:48:01.489313Z,e6ebdae01866995297c0279d
deepseek_clean::deepseek-v4-pro::opt-3.0.0-roadmap::single_shot_v3::rep2,deepseek_clean,opt-3.0.0-roadmap,opt,Python,deepseek-v4-pro,single_shot_v3,deepseek_clean::deepseek-v4-pro::opt-3.0.0-roadmap::single_shot_v3,2,1,1,1,1,0,test_failed,,,2026-07-07T19:16:26.775215Z,8bba4707e79136a786e0f8cf
deepseek_clean::deepseek-v4-pro::opt-3.0.0-roadmap::single_shot_v3::rep3,deepseek_clean,opt-3.0.0-roadmap,opt,Python,deepseek-v4-pro,single_shot_v3,deepseek_clean::deepseek-v4-pro::opt-3.0.0-roadmap::single_shot_v3,3,0,0,0,0,0,edit_apply_failed,edit_apply_failed,edit_apply_failed,2026-07-07T16:50:18.071272Z,bca82f04be360668d62c277c
deepseek_clean::deepseek-v4-pro::opt-3.0.0-roadmap::single_shot_v3::rep4,deepseek_clean,opt-3.0.0-roadmap,opt,Python,deepseek-v4-pro,single_shot_v3,deepseek_clean::deepseek-v4-pro::opt-3.0.0-roadmap::single_shot_v3,4,1,1,1,1,0,test_failed,,,2026-07-07T19:16:43.760901Z,b2a988d1b17b42eaf3e56f45
deepseek_clean::deepseek-v4-pro::opt-3.0.0-roadmap::single_shot_v3::rep5,deepseek_clean,opt-3.0.0-roadmap,opt,Python,deepseek-v4-pro,single_shot_v3,deepseek_clean::deepseek-v4-pro::opt-3.0.0-roadmap::single_shot_v3,5,0,0,0,0,0,edit_apply_failed,edit_apply_failed,edit_apply_failed,2026-07-07T16:52:07.733997Z,be127702c7cf32cee7c77285
deepseek_clean::deepseek-v4-pro::opt-3.0.0-roadmap::single_shot_v3::rep6,deepseek_clean,opt-3.0.0-roadmap,opt,Python,deepseek-v4-pro,single_shot_v3,deepseek_clean::deepseek-v4-pro::opt-3.0.0-roadmap::single_shot_v3,6,0,0,0,0,0,edit_apply_failed,edit_apply_failed,edit_apply_failed,2026-07-07T16:53:25.792313Z,203d3bbce4949228b19bcc0f
deepseek_clean::deepseek-v4-pro::opt-3.0.0-roadmap::single_shot_v3::rep7,deepseek_clean,opt-3.0.0-roadmap,opt,Python,deepseek-v4-pro,single_shot_v3,deepseek_clean::deepseek-v4-pro::opt-3.0.0-roadmap::single_shot_v3,7,0,0,0,0,0,finish_reason_length,edit_json_invalid,finish_reason_length,2026-07-07T16:54:52.891048Z,1583008c42c8f2fe66dcabb2
deepseek_clean::deepseek-v4-pro::opt-3.0.0-roadmap::staged_v4::rep0,deepseek_clean,opt-3.0.0-roadmap,opt,Python,deepseek-v4-pro,staged_v4,deepseek_clean::deepseek-v4-pro::opt-3.0.0-roadmap::staged_v4,0,1,1,1,1,0,test_failed,,,2026-07-07T19:16:50.313302Z,396b2d3e13727affaf1a5dba
deepseek_clean::deepseek-v4-pro::opt-3.0.0-roadmap::staged_v4::rep1,deepseek_clean,opt-3.0.0-roadmap,opt,Python,deepseek-v4-pro,staged_v4,deepseek_clean::deepseek-v4-pro::opt-3.0.0-roadmap::staged_v4,1,1,1,1,1,0,test_failed,,,2026-07-07T19:17:05.873609Z,a21af1759fadce7b5fc20937
deepseek_clean::deepseek-v4-pro::opt-3.0.0-roadmap::staged_v4::rep2,deepseek_clean,opt-3.0.0-roadmap,opt,Python,deepseek-v4-pro,staged_v4,deepseek_clean::deepseek-v4-pro::opt-3.0.0-roadmap::staged_v4,2,0,0,0,0,0,edit_apply_failed,edit_apply_failed,edit_apply_failed,2026-07-07T16:59:55.739036Z,010a28436e21e834c5b95eb4
deepseek_clean::deepseek-v4-pro::opt-3.0.0-roadmap::staged_v4::rep3,deepseek_clean,opt-3.0.0-roadmap,opt,Python,deepseek-v4-pro,staged_v4,deepseek_clean::deepseek-v4-pro::opt-3.0.0-roadmap::staged_v4,3,0,0,0,0,0,edit_apply_failed,edit_apply_failed,edit_apply_failed,2026-07-07T17:02:36.928767Z,fcfacb29420194a5109ae8b7
deepseek_clean::deepseek-v4-pro::opt-3.0.0-roadmap::staged_v4::rep4,deepseek_clean,opt-3.0.0-roadmap,opt,Python,deepseek-v4-pro,staged_v4,deepseek_clean::deepseek-v4-pro::opt-3.0.0-roadmap::staged_v4,4,0,1,1,0,0,test_failed,,,2026-07-07T19:17:22.900253Z,fd1c56de2873717a94f79a05
deepseek_clean::deepseek-v4-pro::opt-3.0.0-roadmap::staged_v4::rep5,deepseek_clean,opt-3.0.0-roadmap,opt,Python,deepseek-v4-pro,staged_v4,deepseek_clean::deepseek-v4-pro::opt-3.0.0-roadmap::staged_v4,5,1,1,1,1,0,test_failed,,,2026-07-07T19:17:38.557367Z,6e73721ac5e0d54b17427355
deepseek_clean::deepseek-v4-pro::opt-3.0.0-roadmap::staged_v4::rep6,deepseek_clean,opt-3.0.0-roadmap,opt,Python,deepseek-v4-pro,staged_v4,deepseek_clean::deepseek-v4-pro::opt-3.0.0-roadmap::staged_v4,6,1,1,1,1,0,test_failed,,,2026-07-07T19:17:54.680239Z,5625dfd67a7a644588792c87
deepseek_clean::deepseek-v4-pro::opt-3.0.0-roadmap::staged_v4::rep7,deepseek_clean,opt-3.0.0-roadmap,opt,Python,deepseek-v4-pro,staged_v4,deepseek_clean::deepseek-v4-pro::opt-3.0.0-roadmap::staged_v4,7,1,1,1,1,0,test_failed,,,2026-07-07T19:18:00.815614Z,735d30f543cd2011f52953fe
deepseek_clean::deepseek-v4-pro::plr-1.0.0-roadmap::single_shot_v3::rep0,deepseek_clean,plr-1.0.0-roadmap,plr,Python,deepseek-v4-pro,single_shot_v3,deepseek_clean::deepseek-v4-pro::plr-1.0.0-roadmap::single_shot_v3,0,0,0,0,0,0,edit_apply_failed,edit_apply_failed,edit_apply_failed,2026-07-07T17:09:32.297553Z,af5d1452edc109cb542e8e1c
deepseek_clean::deepseek-v4-pro::plr-1.0.0-roadmap::single_shot_v3::rep1,deepseek_clean,plr-1.0.0-roadmap,plr,Python,deepseek-v4-pro,single_shot_v3,deepseek_clean::deepseek-v4-pro::plr-1.0.0-roadmap::single_shot_v3,1,0,0,0,0,0,edit_apply_failed,edit_apply_failed,edit_apply_failed,2026-07-07T17:09:23.305627Z,c4f6a91c5e0057ef8b3b8c10
deepseek_clean::deepseek-v4-pro::plr-1.0.0-roadmap::single_shot_v3::rep2,deepseek_clean,plr-1.0.0-roadmap,plr,Python,deepseek-v4-pro,single_shot_v3,deepseek_clean::deepseek-v4-pro::plr-1.0.0-roadmap::single_shot_v3,2,0,0,0,0,0,edit_apply_failed,edit_apply_failed,edit_apply_failed,2026-07-07T17:12:12.283987Z,b9f2498e2300ee4c3ebb0808
deepseek_clean::deepseek-v4-pro::plr-1.0.0-roadmap::single_shot_v3::rep3,deepseek_clean,plr-1.0.0-roadmap,plr,Python,deepseek-v4-pro,single_shot_v3,deepseek_clean::deepseek-v4-pro::plr-1.0.0-roadmap::single_shot_v3,3,0,0,0,0,0,edit_apply_failed,edit_apply_failed,edit_apply_failed,2026-07-07T17:11:09.017645Z,2f74b473bca9927e129ec024
deepseek_clean::deepseek-v4-pro::plr-1.0.0-roadmap::single_shot_v3::rep4,deepseek_clean,plr-1.0.0-roadmap,plr,Python,deepseek-v4-pro,single_shot_v3,deepseek_clean::deepseek-v4-pro::plr-1.0.0-roadmap::single_shot_v3,4,0,0,0,0,0,edit_apply_failed,edit_apply_failed,edit_apply_failed,2026-07-07T17:11:27.264204Z,238f8db5884c4a6278abb408
deepseek_clean::deepseek-v4-pro::plr-1.0.0-roadmap::single_shot_v3::rep5,deepseek_clean,plr-1.0.0-roadmap,plr,Python,deepseek-v4-pro,single_shot_v3,deepseek_clean::deepseek-v4-pro::plr-1.0.0-roadmap::single_shot_v3,5,0,0,0,0,0,edit_apply_failed,edit_apply_failed,edit_apply_failed,2026-07-07T17:11:32.214098Z,18383f04c228ac60cfcfc320
deepseek_clean::deepseek-v4-pro::plr-1.0.0-roadmap::single_shot_v3::rep6,deepseek_clean,plr-1.0.0-roadmap,plr,Python,deepseek-v4-pro,single_shot_v3,deepseek_clean::deepseek-v4-pro::plr-1.0.0-roadmap::single_shot_v3,6,0,0,0,0,0,finish_reason_length,edit_json_invalid,finish_reason_length,2026-07-07T17:15:36.996388Z,d64e113cb5e7e62a0e49601d
deepseek_clean::deepseek-v4-pro::plr-1.0.0-roadmap::single_shot_v3::rep7,deepseek_clean,plr-1.0.0-roadmap,plr,Python,deepseek-v4-pro,single_shot_v3,deepseek_clean::deepseek-v4-pro::plr-1.0.0-roadmap::single_shot_v3,7,0,0,0,0,0,edit_apply_failed,edit_apply_failed,edit_apply_failed,2026-07-07T17:12:54.503176Z,ce43b086410cbbeb799dd39a
deepseek_clean::deepseek-v4-pro::plr-1.0.0-roadmap::staged_v4::rep0,deepseek_clean,plr-1.0.0-roadmap,plr,Python,deepseek-v4-pro,staged_v4,deepseek_clean::deepseek-v4-pro::plr-1.0.0-roadmap::staged_v4,0,0,0,0,0,0,stage1_plan_failed,stage_state_planned_new_files_invalid,stage1_plan_failed,2026-07-07T17:11:52.799198Z,cf0ddd0166fe961180bb0c62
deepseek_clean::deepseek-v4-pro::plr-1.0.0-roadmap::staged_v4::rep1,deepseek_clean,plr-1.0.0-roadmap,plr,Python,deepseek-v4-pro,staged_v4,deepseek_clean::deepseek-v4-pro::plr-1.0.0-roadmap::staged_v4,1,0,0,0,0,0,edit_apply_failed,edit_apply_failed,edit_apply_failed,2026-07-07T17:18:39.042055Z,68c7bde36a3c6b7d212db57f
deepseek_clean::deepseek-v4-pro::plr-1.0.0-roadmap::staged_v4::rep2,deepseek_clean,plr-1.0.0-roadmap,plr,Python,deepseek-v4-pro,staged_v4,deepseek_clean::deepseek-v4-pro::plr-1.0.0-roadmap::staged_v4,2,0,0,0,0,0,edit_apply_failed,edit_apply_failed,edit_apply_failed,2026-07-07T17:16:12.811875Z,dbb027188e89452f6606fca3
deepseek_clean::deepseek-v4-pro::plr-1.0.0-roadmap::staged_v4::rep3,deepseek_clean,plr-1.0.0-roadmap,plr,Python,deepseek-v4-pro,staged_v4,deepseek_clean::deepseek-v4-pro::plr-1.0.0-roadmap::staged_v4,3,0,0,0,0,0,edit_apply_failed,edit_apply_failed,edit_apply_failed,2026-07-07T17:18:02.000993Z,17bd3fbbb6e00567d9a82baa
deepseek_clean::deepseek-v4-pro::plr-1.0.0-roadmap::staged_v4::rep4,deepseek_clean,plr-1.0.0-roadmap,plr,Python,deepseek-v4-pro,staged_v4,deepseek_clean::deepseek-v4-pro::plr-1.0.0-roadmap::staged_v4,4,0,0,0,0,0,stage1_plan_failed,stage_state_planned_new_files_invalid,stage1_plan_failed,2026-07-07T17:15:57.009983Z,e6444770e73e63f7bc0b89a6
deepseek_clean::deepseek-v4-pro::plr-1.0.0-roadmap::staged_v4::rep5,deepseek_clean,plr-1.0.0-roadmap,plr,Python,deepseek-v4-pro,staged_v4,deepseek_clean::deepseek-v4-pro::plr-1.0.0-roadmap::staged_v4,5,0,1,1,0,0,test_failed,,,2026-07-07T19:18:07.895439Z,58bf283501a2ddc393918f0c
deepseek_clean::deepseek-v4-pro::plr-1.0.0-roadmap::staged_v4::rep6,deepseek_clean,plr-1.0.0-roadmap,plr,Python,deepseek-v4-pro,staged_v4,deepseek_clean::deepseek-v4-pro::plr-1.0.0-roadmap::staged_v4,6,0,0,0,0,0,stage2_contract_failed,candidate_edit_ops_invalid,stage2_contract_failed,2026-07-07T17:20:52.968978Z,ca1a7093e1a89d6bc8cbb555
deepseek_clean::deepseek-v4-pro::plr-1.0.0-roadmap::staged_v4::rep7,deepseek_clean,plr-1.0.0-roadmap,plr,Python,deepseek-v4-pro,staged_v4,deepseek_clean::deepseek-v4-pro::plr-1.0.0-roadmap::staged_v4,7,0,0,0,0,0,edit_apply_failed,edit_apply_failed,edit_apply_failed,2026-07-07T17:21:36.011738Z,0bfb1382b09ef25e368f2b57
deepseek_clean::deepseek-v4-pro::prm-5.0.0-roadmap::single_shot_v3::rep0,deepseek_clean,prm-5.0.0-roadmap,prm,TypeScript,deepseek-v4-pro,single_shot_v3,deepseek_clean::deepseek-v4-pro::prm-5.0.0-roadmap::single_shot_v3,0,1,1,1,1,0,test_failed,,,2026-07-07T19:19:01.591458Z,6a3c0cfc64138419e13c2727
deepseek_clean::deepseek-v4-pro::prm-5.0.0-roadmap::single_shot_v3::rep1,deepseek_clean,prm-5.0.0-roadmap,prm,TypeScript,deepseek-v4-pro,single_shot_v3,deepseek_clean::deepseek-v4-pro::prm-5.0.0-roadmap::single_shot_v3,1,1,1,1,1,0,test_failed,,,2026-07-07T19:19:57.085253Z,1456da46ac233bbbb69d28b9
deepseek_clean::deepseek-v4-pro::prm-5.0.0-roadmap::single_shot_v3::rep2,deepseek_clean,prm-5.0.0-roadmap,prm,TypeScript,deepseek-v4-pro,single_shot_v3,deepseek_clean::deepseek-v4-pro::prm-5.0.0-roadmap::single_shot_v3,2,1,1,1,1,0,test_failed,,,2026-07-07T19:20:48.604681Z,230865fc94dd9588c7c41ec1
deepseek_clean::deepseek-v4-pro::prm-5.0.0-roadmap::single_shot_v3::rep3,deepseek_clean,prm-5.0.0-roadmap,prm,TypeScript,deepseek-v4-pro,single_shot_v3,deepseek_clean::deepseek-v4-pro::prm-5.0.0-roadmap::single_shot_v3,3,1,1,1,1,0,test_failed,,,2026-07-07T19:21:42.865525Z,488506bd55dfd1ad0fbb6c67
deepseek_clean::deepseek-v4-pro::prm-5.0.0-roadmap::single_shot_v3::rep4,deepseek_clean,prm-5.0.0-roadmap,prm,TypeScript,deepseek-v4-pro,single_shot_v3,deepseek_clean::deepseek-v4-pro::prm-5.0.0-roadmap::single_shot_v3,4,0,1,1,0,0,test_failed,,,2026-07-07T19:22:34.183039Z,70d2e8a8ca54b2eaf5831906
deepseek_clean::deepseek-v4-pro::prm-5.0.0-roadmap::single_shot_v3::rep5,deepseek_clean,prm-5.0.0-roadmap,prm,TypeScript,deepseek-v4-pro,single_shot_v3,deepseek_clean::deepseek-v4-pro::prm-5.0.0-roadmap::single_shot_v3,5,1,1,1,1,0,test_failed,,,2026-07-07T19:23:26.073235Z,f15b7d024e883005c79a9f20
deepseek_clean::deepseek-v4-pro::prm-5.0.0-roadmap::single_shot_v3::rep6,deepseek_clean,prm-5.0.0-roadmap,prm,TypeScript,deepseek-v4-pro,single_shot_v3,deepseek_clean::deepseek-v4-pro::prm-5.0.0-roadmap::single_shot_v3,6,0,1,1,0,0,test_failed,,,2026-07-07T19:24:19.100109Z,b02cf142bb12ad4307b32277
deepseek_clean::deepseek-v4-pro::prm-5.0.0-roadmap::single_shot_v3::rep7,deepseek_clean,prm-5.0.0-roadmap,prm,TypeScript,deepseek-v4-pro,single_shot_v3,deepseek_clean::deepseek-v4-pro::prm-5.0.0-roadmap::single_shot_v3,7,0,1,1,0,0,test_failed,,,2026-07-07T19:25:15.727079Z,7350eec8be008ccc6a05e32f
deepseek_clean::deepseek-v4-pro::prm-5.0.0-roadmap::staged_v4::rep0,deepseek_clean,prm-5.0.0-roadmap,prm,TypeScript,deepseek-v4-pro,staged_v4,deepseek_clean::deepseek-v4-pro::prm-5.0.0-roadmap::staged_v4,0,1,1,1,1,0,test_failed,,,2026-07-07T19:26:22.463040Z,818aa14552700c7ee239151a
deepseek_clean::deepseek-v4-pro::prm-5.0.0-roadmap::staged_v4::rep1,deepseek_clean,prm-5.0.0-roadmap,prm,TypeScript,deepseek-v4-pro,staged_v4,deepseek_clean::deepseek-v4-pro::prm-5.0.0-roadmap::staged_v4,1,0,0,0,0,0,edit_apply_failed,edit_apply_failed,edit_apply_failed,2026-07-07T17:29:46.548851Z,c25b54de67a74d5f4de70a3a
deepseek_clean::deepseek-v4-pro::prm-5.0.0-roadmap::staged_v4::rep2,deepseek_clean,prm-5.0.0-roadmap,prm,TypeScript,deepseek-v4-pro,staged_v4,deepseek_clean::deepseek-v4-pro::prm-5.0.0-roadmap::staged_v4,2,0,0,0,0,0,edit_apply_failed,edit_apply_failed,edit_apply_failed,2026-07-07T17:28:02.568342Z,d6f4deff4109e230c6aaf094
deepseek_clean::deepseek-v4-pro::prm-5.0.0-roadmap::staged_v4::rep3,deepseek_clean,prm-5.0.0-roadmap,prm,TypeScript,deepseek-v4-pro,staged_v4,deepseek_clean::deepseek-v4-pro::prm-5.0.0-roadmap::staged_v4,3,1,1,1,1,0,test_failed,,,2026-07-07T19:27:27.474596Z,0553a41ecfd9dc3639a70442
deepseek_clean::deepseek-v4-pro::prm-5.0.0-roadmap::staged_v4::rep4,deepseek_clean,prm-5.0.0-roadmap,prm,TypeScript,deepseek-v4-pro,staged_v4,deepseek_clean::deepseek-v4-pro::prm-5.0.0-roadmap::staged_v4,4,1,1,1,1,0,test_failed,,,2026-07-07T19:28:21.038052Z,0d1f50c35d934344d79a6404
deepseek_clean::deepseek-v4-pro::prm-5.0.0-roadmap::staged_v4::rep5,deepseek_clean,prm-5.0.0-roadmap,prm,TypeScript,deepseek-v4-pro,staged_v4,deepseek_clean::deepseek-v4-pro::prm-5.0.0-roadmap::staged_v4,5,0,0,0,0,0,edit_apply_failed,edit_apply_failed,edit_apply_failed,2026-07-07T17:31:29.645845Z,0f3c67835f5b14896978f75d
deepseek_clean::deepseek-v4-pro::prm-5.0.0-roadmap::staged_v4::rep6,deepseek_clean,prm-5.0.0-roadmap,prm,TypeScript,deepseek-v4-pro,staged_v4,deepseek_clean::deepseek-v4-pro::prm-5.0.0-roadmap::staged_v4,6,1,1,1,1,0,test_failed,,,2026-07-07T19:29:26.662192Z,e31238587234c28351d93f5c
deepseek_clean::deepseek-v4-pro::prm-5.0.0-roadmap::staged_v4::rep7,deepseek_clean,prm-5.0.0-roadmap,prm,TypeScript,deepseek-v4-pro,staged_v4,deepseek_clean::deepseek-v4-pro::prm-5.0.0-roadmap::staged_v4,7,1,1,1,1,0,test_failed,,,2026-07-07T19:30:23.301104Z,98216774843770d19c73d2e4
deepseek_clean::deepseek-v4-pro::pyg-1.6.3-roadmap::single_shot_v3::rep0,deepseek_clean,pyg-1.6.3-roadmap,pyg,Python,deepseek-v4-pro,single_shot_v3,deepseek_clean::deepseek-v4-pro::pyg-1.6.3-roadmap::single_shot_v3,0,0,0,0,0,0,edit_apply_failed,edit_apply_failed,edit_apply_failed,2026-07-07T17:29:46.157349Z,9abc7e44dba1219a5b52b9b9
deepseek_clean::deepseek-v4-pro::pyg-1.6.3-roadmap::single_shot_v3::rep1,deepseek_clean,pyg-1.6.3-roadmap,pyg,Python,deepseek-v4-pro,single_shot_v3,deepseek_clean::deepseek-v4-pro::pyg-1.6.3-roadmap::single_shot_v3,1,0,0,0,0,0,edit_apply_failed,edit_apply_failed,edit_apply_failed,2026-07-07T17:30:07.161122Z,20413053840dde24ed111fda
deepseek_clean::deepseek-v4-pro::pyg-1.6.3-roadmap::single_shot_v3::rep2,deepseek_clean,pyg-1.6.3-roadmap,pyg,Python,deepseek-v4-pro,single_shot_v3,deepseek_clean::deepseek-v4-pro::pyg-1.6.3-roadmap::single_shot_v3,2,0,0,0,0,0,edit_apply_failed,edit_apply_failed,edit_apply_failed,2026-07-07T17:31:38.772203Z,4f43ce5fd43085f2c2d7d471
deepseek_clean::deepseek-v4-pro::pyg-1.6.3-roadmap::single_shot_v3::rep3,deepseek_clean,pyg-1.6.3-roadmap,pyg,Python,deepseek-v4-pro,single_shot_v3,deepseek_clean::deepseek-v4-pro::pyg-1.6.3-roadmap::single_shot_v3,3,1,1,1,1,0,test_failed,,,2026-07-07T19:30:56.641382Z,e5edd45c82074e40cafa879d
deepseek_clean::deepseek-v4-pro::pyg-1.6.3-roadmap::single_shot_v3::rep4,deepseek_clean,pyg-1.6.3-roadmap,pyg,Python,deepseek-v4-pro,single_shot_v3,deepseek_clean::deepseek-v4-pro::pyg-1.6.3-roadmap::single_shot_v3,4,0,0,0,0,0,edit_apply_failed,edit_apply_failed,edit_apply_failed,2026-07-07T17:32:04.205153Z,1f666bcbd416a6316c5573ac
deepseek_clean::deepseek-v4-pro::pyg-1.6.3-roadmap::single_shot_v3::rep5,deepseek_clean,pyg-1.6.3-roadmap,pyg,Python,deepseek-v4-pro,single_shot_v3,deepseek_clean::deepseek-v4-pro::pyg-1.6.3-roadmap::single_shot_v3,5,0,0,0,0,0,edit_apply_failed,edit_apply_failed,edit_apply_failed,2026-07-07T17:33:07.018225Z,16932efdb320fbd0f6b1b23f
deepseek_clean::deepseek-v4-pro::pyg-1.6.3-roadmap::single_shot_v3::rep6,deepseek_clean,pyg-1.6.3-roadmap,pyg,Python,deepseek-v4-pro,single_shot_v3,deepseek_clean::deepseek-v4-pro::pyg-1.6.3-roadmap::single_shot_v3,6,0,0,0,0,0,edit_apply_failed,edit_apply_failed,edit_apply_failed,2026-07-07T17:33:26.857391Z,08fae89b1b7e2551854b1eee
deepseek_clean::deepseek-v4-pro::pyg-1.6.3-roadmap::single_shot_v3::rep7,deepseek_clean,pyg-1.6.3-roadmap,pyg,Python,deepseek-v4-pro,single_shot_v3,deepseek_clean::deepseek-v4-pro::pyg-1.6.3-roadmap::single_shot_v3,7,0,0,0,0,0,edit_apply_failed,edit_apply_failed,edit_apply_failed,2026-07-07T17:33:32.548309Z,3aea6bdf6d96596fef6cc62b
deepseek_clean::deepseek-v4-pro::pyg-1.6.3-roadmap::staged_v4::rep0,deepseek_clean,pyg-1.6.3-roadmap,pyg,Python,deepseek-v4-pro,staged_v4,deepseek_clean::deepseek-v4-pro::pyg-1.6.3-roadmap::staged_v4,0,0,0,0,0,0,edit_apply_failed,edit_apply_failed,edit_apply_failed,2026-07-07T17:37:19.150276Z,c245615357c59099625454e7
deepseek_clean::deepseek-v4-pro::pyg-1.6.3-roadmap::staged_v4::rep1,deepseek_clean,pyg-1.6.3-roadmap,pyg,Python,deepseek-v4-pro,staged_v4,deepseek_clean::deepseek-v4-pro::pyg-1.6.3-roadmap::staged_v4,1,0,0,0,0,0,stage2_contract_failed,stage2_edit_outside_stage_state,stage2_contract_failed,2026-07-07T17:38:06.659130Z,04e0446eb23aeaa72c343b4d
deepseek_clean::deepseek-v4-pro::pyg-1.6.3-roadmap::staged_v4::rep2,deepseek_clean,pyg-1.6.3-roadmap,pyg,Python,deepseek-v4-pro,staged_v4,deepseek_clean::deepseek-v4-pro::pyg-1.6.3-roadmap::staged_v4,2,0,0,0,0,0,edit_apply_failed,edit_apply_failed,edit_apply_failed,2026-07-07T17:38:44.766205Z,ee42b6b2cb9132ef9e9fbde0
deepseek_clean::deepseek-v4-pro::pyg-1.6.3-roadmap::staged_v4::rep3,deepseek_clean,pyg-1.6.3-roadmap,pyg,Python,deepseek-v4-pro,staged_v4,deepseek_clean::deepseek-v4-pro::pyg-1.6.3-roadmap::staged_v4,3,0,0,0,0,0,edit_apply_failed,edit_apply_failed,edit_apply_failed,2026-07-07T17:38:42.033388Z,6b6c48cf72713f73e77c8e48
deepseek_clean::deepseek-v4-pro::pyg-1.6.3-roadmap::staged_v4::rep4,deepseek_clean,pyg-1.6.3-roadmap,pyg,Python,deepseek-v4-pro,staged_v4,deepseek_clean::deepseek-v4-pro::pyg-1.6.3-roadmap::staged_v4,4,0,0,0,0,0,edit_apply_failed,edit_apply_failed,edit_apply_failed,2026-07-07T17:42:33.256879Z,604febe8fe2e010538fc257c
deepseek_clean::deepseek-v4-pro::pyg-1.6.3-roadmap::staged_v4::rep5,deepseek_clean,pyg-1.6.3-roadmap,pyg,Python,deepseek-v4-pro,staged_v4,deepseek_clean::deepseek-v4-pro::pyg-1.6.3-roadmap::staged_v4,5,0,0,0,0,0,edit_apply_failed,edit_apply_failed,edit_apply_failed,2026-07-07T17:42:27.367596Z,f8fead87bc38f3225616e4cb
deepseek_clean::deepseek-v4-pro::pyg-1.6.3-roadmap::staged_v4::rep6,deepseek_clean,pyg-1.6.3-roadmap,pyg,Python,deepseek-v4-pro,staged_v4,deepseek_clean::deepseek-v4-pro::pyg-1.6.3-roadmap::staged_v4,6,0,0,0,0,0,edit_apply_failed,edit_apply_failed,edit_apply_failed,2026-07-07T17:43:49.519566Z,26d03bcc20356a726f127e25
deepseek_clean::deepseek-v4-pro::pyg-1.6.3-roadmap::staged_v4::rep7,deepseek_clean,pyg-1.6.3-roadmap,pyg,Python,deepseek-v4-pro,staged_v4,deepseek_clean::deepseek-v4-pro::pyg-1.6.3-roadmap::staged_v4,7,0,0,0,0,0,edit_apply_failed,edit_apply_failed,edit_apply_failed,2026-07-07T17:43:45.194776Z,4280c72f46caa929fa66fa33
deepseek_clean::deepseek-v4-pro::rat-0.24.0-roadmap::single_shot_v3::rep0,deepseek_clean,rat-0.24.0-roadmap,rat,Rust,deepseek-v4-pro,single_shot_v3,deepseek_clean::deepseek-v4-pro::rat-0.24.0-roadmap::single_shot_v3,0,0,0,0,0,0,edit_apply_failed,edit_apply_failed,edit_apply_failed,2026-07-07T17:44:52.795333Z,d26e59032fedbccae9627697
deepseek_clean::deepseek-v4-pro::rat-0.24.0-roadmap::single_shot_v3::rep1,deepseek_clean,rat-0.24.0-roadmap,rat,Rust,deepseek-v4-pro,single_shot_v3,deepseek_clean::deepseek-v4-pro::rat-0.24.0-roadmap::single_shot_v3,1,0,0,0,0,0,edit_apply_failed,edit_apply_failed,edit_apply_failed,2026-07-07T17:45:21.633704Z,3849556160091fc5306f2ce0
deepseek_clean::deepseek-v4-pro::rat-0.24.0-roadmap::single_shot_v3::rep2,deepseek_clean,rat-0.24.0-roadmap,rat,Rust,deepseek-v4-pro,single_shot_v3,deepseek_clean::deepseek-v4-pro::rat-0.24.0-roadmap::single_shot_v3,2,0,0,0,0,0,edit_apply_failed,edit_apply_failed,edit_apply_failed,2026-07-07T17:45:00.507080Z,f58b5be3794181c518b3fe7f
deepseek_clean::deepseek-v4-pro::rat-0.24.0-roadmap::single_shot_v3::rep3,deepseek_clean,rat-0.24.0-roadmap,rat,Rust,deepseek-v4-pro,single_shot_v3,deepseek_clean::deepseek-v4-pro::rat-0.24.0-roadmap::single_shot_v3,3,0,0,0,0,0,edit_apply_failed,edit_apply_failed,edit_apply_failed,2026-07-07T17:45:54.069437Z,c432140f1514952cb616969c
deepseek_clean::deepseek-v4-pro::rat-0.24.0-roadmap::single_shot_v3::rep4,deepseek_clean,rat-0.24.0-roadmap,rat,Rust,deepseek-v4-pro,single_shot_v3,deepseek_clean::deepseek-v4-pro::rat-0.24.0-roadmap::single_shot_v3,4,0,0,0,0,0,edit_apply_failed,edit_apply_failed,edit_apply_failed,2026-07-07T17:47:00.707593Z,6e4655773ff2331ce99652e0
deepseek_clean::deepseek-v4-pro::rat-0.24.0-roadmap::single_shot_v3::rep5,deepseek_clean,rat-0.24.0-roadmap,rat,Rust,deepseek-v4-pro,single_shot_v3,deepseek_clean::deepseek-v4-pro::rat-0.24.0-roadmap::single_shot_v3,5,0,0,0,0,0,edit_apply_failed,edit_apply_failed,edit_apply_failed,2026-07-07T17:47:15.844069Z,b638e916b7b08e79bf641cc1
deepseek_clean::deepseek-v4-pro::rat-0.24.0-roadmap::single_shot_v3::rep6,deepseek_clean,rat-0.24.0-roadmap,rat,Rust,deepseek-v4-pro,single_shot_v3,deepseek_clean::deepseek-v4-pro::rat-0.24.0-roadmap::single_shot_v3,6,0,0,0,0,0,edit_apply_failed,edit_apply_failed,edit_apply_failed,2026-07-07T17:47:13.329449Z,0ebc785d37c7902967d62508
deepseek_clean::deepseek-v4-pro::rat-0.24.0-roadmap::single_shot_v3::rep7,deepseek_clean,rat-0.24.0-roadmap,rat,Rust,deepseek-v4-pro,single_shot_v3,deepseek_clean::deepseek-v4-pro::rat-0.24.0-roadmap::single_shot_v3,7,0,0,0,0,0,edit_apply_failed,edit_apply_failed,edit_apply_failed,2026-07-07T17:46:57.482862Z,828b729816aedba2c6ea65e3
deepseek_clean::deepseek-v4-pro::rat-0.24.0-roadmap::staged_v4::rep0,deepseek_clean,rat-0.24.0-roadmap,rat,Rust,deepseek-v4-pro,staged_v4,deepseek_clean::deepseek-v4-pro::rat-0.24.0-roadmap::staged_v4,0,1,1,1,1,0,test_failed,,,2026-07-07T19:31:34.719362Z,16187c43cfba1af224119f5f
deepseek_clean::deepseek-v4-pro::rat-0.24.0-roadmap::staged_v4::rep1,deepseek_clean,rat-0.24.0-roadmap,rat,Rust,deepseek-v4-pro,staged_v4,deepseek_clean::deepseek-v4-pro::rat-0.24.0-roadmap::staged_v4,1,0,0,0,0,0,edit_apply_failed,edit_apply_failed,edit_apply_failed,2026-07-07T17:54:56.632532Z,895a097a6fbbb23d16ccc224
deepseek_clean::deepseek-v4-pro::rat-0.24.0-roadmap::staged_v4::rep2,deepseek_clean,rat-0.24.0-roadmap,rat,Rust,deepseek-v4-pro,staged_v4,deepseek_clean::deepseek-v4-pro::rat-0.24.0-roadmap::staged_v4,2,0,0,0,0,0,edit_apply_failed,edit_apply_failed,edit_apply_failed,2026-07-07T17:51:10.831062Z,1c5db6ddc3c1aa0190754937
deepseek_clean::deepseek-v4-pro::rat-0.24.0-roadmap::staged_v4::rep3,deepseek_clean,rat-0.24.0-roadmap,rat,Rust,deepseek-v4-pro,staged_v4,deepseek_clean::deepseek-v4-pro::rat-0.24.0-roadmap::staged_v4,3,0,1,1,0,0,test_failed,,,2026-07-07T19:32:13.836885Z,cf0107a7b407b89985513c62
deepseek_clean::deepseek-v4-pro::rat-0.24.0-roadmap::staged_v4::rep4,deepseek_clean,rat-0.24.0-roadmap,rat,Rust,deepseek-v4-pro,staged_v4,deepseek_clean::deepseek-v4-pro::rat-0.24.0-roadmap::staged_v4,4,0,0,0,0,0,edit_apply_failed,edit_apply_failed,edit_apply_failed,2026-07-07T17:54:47.862672Z,02246bbd3c670980658a08a0
deepseek_clean::deepseek-v4-pro::rat-0.24.0-roadmap::staged_v4::rep5,deepseek_clean,rat-0.24.0-roadmap,rat,Rust,deepseek-v4-pro,staged_v4,deepseek_clean::deepseek-v4-pro::rat-0.24.0-roadmap::staged_v4,5,0,0,0,0,0,edit_apply_failed,edit_apply_failed,edit_apply_failed,2026-07-07T17:57:23.602770Z,c7278cd343c3dc0b73e3b23f
deepseek_clean::deepseek-v4-pro::rat-0.24.0-roadmap::staged_v4::rep6,deepseek_clean,rat-0.24.0-roadmap,rat,Rust,deepseek-v4-pro,staged_v4,deepseek_clean::deepseek-v4-pro::rat-0.24.0-roadmap::staged_v4,6,0,0,0,0,0,stage2_contract_failed,stage2_edit_outside_stage_state,stage2_contract_failed,2026-07-07T17:55:00.243945Z,5436951f4d5ac6c8b9cf493f
deepseek_clean::deepseek-v4-pro::rat-0.24.0-roadmap::staged_v4::rep7,deepseek_clean,rat-0.24.0-roadmap,rat,Rust,deepseek-v4-pro,staged_v4,deepseek_clean::deepseek-v4-pro::rat-0.24.0-roadmap::staged_v4,7,0,1,1,0,0,test_failed,,,2026-07-07T19:32:54.010034Z,6a884a20691d9d74ff86b345
deepseek_clean::deepseek-v4-pro::spc-3.5.0-roadmap::single_shot_v3::rep0,deepseek_clean,spc-3.5.0-roadmap,spc,Python,deepseek-v4-pro,single_shot_v3,deepseek_clean::deepseek-v4-pro::spc-3.5.0-roadmap::single_shot_v3,0,0,0,0,0,0,edit_path_disallowed,edit_path_disallowed,edit_path_disallowed,2026-07-07T17:56:46.352700Z,910e8f44a3b6aab6b4c4750f
deepseek_clean::deepseek-v4-pro::spc-3.5.0-roadmap::single_shot_v3::rep1,deepseek_clean,spc-3.5.0-roadmap,spc,Python,deepseek-v4-pro,single_shot_v3,deepseek_clean::deepseek-v4-pro::spc-3.5.0-roadmap::single_shot_v3,1,0,0,0,0,0,edit_path_disallowed,edit_path_disallowed,edit_path_disallowed,2026-07-07T17:56:09.268015Z,386fb4276899b9170625b35e
deepseek_clean::deepseek-v4-pro::spc-3.5.0-roadmap::single_shot_v3::rep2,deepseek_clean,spc-3.5.0-roadmap,spc,Python,deepseek-v4-pro,single_shot_v3,deepseek_clean::deepseek-v4-pro::spc-3.5.0-roadmap::single_shot_v3,2,0,0,0,0,0,edit_path_disallowed,edit_path_disallowed,edit_path_disallowed,2026-07-07T17:57:40.357816Z,38a492ff5071a1e31c6af163
deepseek_clean::deepseek-v4-pro::spc-3.5.0-roadmap::single_shot_v3::rep3,deepseek_clean,spc-3.5.0-roadmap,spc,Python,deepseek-v4-pro,single_shot_v3,deepseek_clean::deepseek-v4-pro::spc-3.5.0-roadmap::single_shot_v3,3,0,0,0,0,0,finish_reason_length,edit_json_invalid,finish_reason_length,2026-07-07T18:01:18.695014Z,1d6c6d41807078e1c6566079
deepseek_clean::deepseek-v4-pro::spc-3.5.0-roadmap::single_shot_v3::rep4,deepseek_clean,spc-3.5.0-roadmap,spc,Python,deepseek-v4-pro,single_shot_v3,deepseek_clean::deepseek-v4-pro::spc-3.5.0-roadmap::single_shot_v3,4,0,0,0,0,0,edit_path_disallowed,edit_path_disallowed,edit_path_disallowed,2026-07-07T17:57:50.070277Z,1c873a7568608fee9b402375
deepseek_clean::deepseek-v4-pro::spc-3.5.0-roadmap::single_shot_v3::rep5,deepseek_clean,spc-3.5.0-roadmap,spc,Python,deepseek-v4-pro,single_shot_v3,deepseek_clean::deepseek-v4-pro::spc-3.5.0-roadmap::single_shot_v3,5,0,0,0,0,0,edit_path_disallowed,edit_path_disallowed,edit_path_disallowed,2026-07-07T17:59:04.185504Z,fcd33ac836e2424a884caf16
deepseek_clean::deepseek-v4-pro::spc-3.5.0-roadmap::single_shot_v3::rep6,deepseek_clean,spc-3.5.0-roadmap,spc,Python,deepseek-v4-pro,single_shot_v3,deepseek_clean::deepseek-v4-pro::spc-3.5.0-roadmap::single_shot_v3,6,0,0,0,0,0,edit_path_disallowed,edit_path_disallowed,edit_path_disallowed,2026-07-07T18:00:17.033540Z,d5308c3bb801be55f5c81ca4
deepseek_clean::deepseek-v4-pro::spc-3.5.0-roadmap::single_shot_v3::rep7,deepseek_clean,spc-3.5.0-roadmap,spc,Python,deepseek-v4-pro,single_shot_v3,deepseek_clean::deepseek-v4-pro::spc-3.5.0-roadmap::single_shot_v3,7,0,0,0,0,0,edit_path_disallowed,edit_path_disallowed,edit_path_disallowed,2026-07-07T18:00:27.973318Z,e63db60f9890f450296f8b30
deepseek_clean::deepseek-v4-pro::spc-3.5.0-roadmap::staged_v4::rep0,deepseek_clean,spc-3.5.0-roadmap,spc,Python,deepseek-v4-pro,staged_v4,deepseek_clean::deepseek-v4-pro::spc-3.5.0-roadmap::staged_v4,0,0,0,0,0,0,stage1_plan_failed,stage_state_existing_files_invalid,stage1_plan_failed,2026-07-07T17:59:25.464757Z,b88ca4c196d7c5bdca5eeb51
deepseek_clean::deepseek-v4-pro::spc-3.5.0-roadmap::staged_v4::rep1,deepseek_clean,spc-3.5.0-roadmap,spc,Python,deepseek-v4-pro,staged_v4,deepseek_clean::deepseek-v4-pro::spc-3.5.0-roadmap::staged_v4,1,0,0,0,0,0,stage1_plan_failed,stage_state_existing_files_invalid,stage1_plan_failed,2026-07-07T17:59:41.590217Z,491c4594fe219f7b568d9a3b
deepseek_clean::deepseek-v4-pro::spc-3.5.0-roadmap::staged_v4::rep2,deepseek_clean,spc-3.5.0-roadmap,spc,Python,deepseek-v4-pro,staged_v4,deepseek_clean::deepseek-v4-pro::spc-3.5.0-roadmap::staged_v4,2,0,0,0,0,0,stage1_plan_failed,stage_state_existing_files_invalid,stage1_plan_failed,2026-07-07T17:59:57.584109Z,75dd79307bf8633d2780b3cb
deepseek_clean::deepseek-v4-pro::spc-3.5.0-roadmap::staged_v4::rep3,deepseek_clean,spc-3.5.0-roadmap,spc,Python,deepseek-v4-pro,staged_v4,deepseek_clean::deepseek-v4-pro::spc-3.5.0-roadmap::staged_v4,3,0,0,0,0,0,stage1_plan_failed,stage_state_existing_files_invalid,stage1_plan_failed,2026-07-07T18:00:15.246554Z,12d58ca7ff8f30a5cc21e7cc
deepseek_clean::deepseek-v4-pro::spc-3.5.0-roadmap::staged_v4::rep4,deepseek_clean,spc-3.5.0-roadmap,spc,Python,deepseek-v4-pro,staged_v4,deepseek_clean::deepseek-v4-pro::spc-3.5.0-roadmap::staged_v4,4,0,0,0,0,0,stage1_plan_failed,stage_state_existing_files_invalid,stage1_plan_failed,2026-07-07T18:00:37.647399Z,b9aeba893fbffd8d01b0203e
deepseek_clean::deepseek-v4-pro::spc-3.5.0-roadmap::staged_v4::rep5,deepseek_clean,spc-3.5.0-roadmap,spc,Python,deepseek-v4-pro,staged_v4,deepseek_clean::deepseek-v4-pro::spc-3.5.0-roadmap::staged_v4,5,0,0,0,0,0,stage1_plan_failed,stage_state_existing_files_invalid,stage1_plan_failed,2026-07-07T18:00:33.431549Z,db26dd92dfa670f798e2ffa3
deepseek_clean::deepseek-v4-pro::spc-3.5.0-roadmap::staged_v4::rep6,deepseek_clean,spc-3.5.0-roadmap,spc,Python,deepseek-v4-pro,staged_v4,deepseek_clean::deepseek-v4-pro::spc-3.5.0-roadmap::staged_v4,6,0,0,0,0,0,stage1_plan_failed,stage_state_existing_files_invalid,stage1_plan_failed,2026-07-07T18:00:46.696304Z,4202c2dcc03f2d909e084578
deepseek_clean::deepseek-v4-pro::spc-3.5.0-roadmap::staged_v4::rep7,deepseek_clean,spc-3.5.0-roadmap,spc,Python,deepseek-v4-pro,staged_v4,deepseek_clean::deepseek-v4-pro::spc-3.5.0-roadmap::staged_v4,7,0,0,0,0,0,stage1_plan_failed,stage_state_existing_files_invalid,stage1_plan_failed,2026-07-07T18:00:50.572603Z,750d3651042de5cf60077bb5
deepseek_clean::deepseek-v4-pro::tpl-3.0.0-roadmap::single_shot_v3::rep0,deepseek_clean,tpl-3.0.0-roadmap,tpl,C++,deepseek-v4-pro,single_shot_v3,deepseek_clean::deepseek-v4-pro::tpl-3.0.0-roadmap::single_shot_v3,0,0,0,0,0,0,edit_apply_failed,edit_apply_failed,edit_apply_failed,2026-07-07T18:02:29.280134Z,d827689f7da275f5435f2be6
deepseek_clean::deepseek-v4-pro::tpl-3.0.0-roadmap::single_shot_v3::rep1,deepseek_clean,tpl-3.0.0-roadmap,tpl,C++,deepseek-v4-pro,single_shot_v3,deepseek_clean::deepseek-v4-pro::tpl-3.0.0-roadmap::single_shot_v3,1,0,0,0,0,0,edit_apply_failed,edit_apply_failed,edit_apply_failed,2026-07-07T18:01:46.164263Z,ff258aa0915ff4985b75e003
deepseek_clean::deepseek-v4-pro::tpl-3.0.0-roadmap::single_shot_v3::rep2,deepseek_clean,tpl-3.0.0-roadmap,tpl,C++,deepseek-v4-pro,single_shot_v3,deepseek_clean::deepseek-v4-pro::tpl-3.0.0-roadmap::single_shot_v3,2,0,0,0,0,0,edit_json_invalid,edit_json_invalid,edit_json_invalid,2026-07-07T18:02:21.171917Z,e7c110ab78b1178540ba3a48
deepseek_clean::deepseek-v4-pro::tpl-3.0.0-roadmap::single_shot_v3::rep3,deepseek_clean,tpl-3.0.0-roadmap,tpl,C++,deepseek-v4-pro,single_shot_v3,deepseek_clean::deepseek-v4-pro::tpl-3.0.0-roadmap::single_shot_v3,3,0,0,0,0,0,edit_apply_failed,edit_apply_failed,edit_apply_failed,2026-07-07T18:02:16.267527Z,57a5f064ef341db51fe2eed5
deepseek_clean::deepseek-v4-pro::tpl-3.0.0-roadmap::single_shot_v3::rep4,deepseek_clean,tpl-3.0.0-roadmap,tpl,C++,deepseek-v4-pro,single_shot_v3,deepseek_clean::deepseek-v4-pro::tpl-3.0.0-roadmap::single_shot_v3,4,0,0,0,0,0,edit_json_invalid,edit_json_invalid,edit_json_invalid,2026-07-07T18:04:02.744450Z,0f79898885995dd4f43fd6d1
deepseek_clean::deepseek-v4-pro::tpl-3.0.0-roadmap::single_shot_v3::rep5,deepseek_clean,tpl-3.0.0-roadmap,tpl,C++,deepseek-v4-pro,single_shot_v3,deepseek_clean::deepseek-v4-pro::tpl-3.0.0-roadmap::single_shot_v3,5,0,0,0,0,0,edit_json_invalid,edit_json_invalid,edit_json_invalid,2026-07-07T18:03:49.333874Z,e656877d56fb1adab6c3ab0c
deepseek_clean::deepseek-v4-pro::tpl-3.0.0-roadmap::single_shot_v3::rep6,deepseek_clean,tpl-3.0.0-roadmap,tpl,C++,deepseek-v4-pro,single_shot_v3,deepseek_clean::deepseek-v4-pro::tpl-3.0.0-roadmap::single_shot_v3,6,0,0,0,0,0,edit_apply_failed,edit_apply_failed,edit_apply_failed,2026-07-07T18:04:21.271842Z,e167c53de170805d1f6bd80d
deepseek_clean::deepseek-v4-pro::tpl-3.0.0-roadmap::single_shot_v3::rep7,deepseek_clean,tpl-3.0.0-roadmap,tpl,C++,deepseek-v4-pro,single_shot_v3,deepseek_clean::deepseek-v4-pro::tpl-3.0.0-roadmap::single_shot_v3,7,0,0,0,0,0,edit_apply_failed,edit_apply_failed,edit_apply_failed,2026-07-07T18:03:46.071819Z,d77fe3a0a7015f7f0105ac84
deepseek_clean::deepseek-v4-pro::tpl-3.0.0-roadmap::staged_v4::rep0,deepseek_clean,tpl-3.0.0-roadmap,tpl,C++,deepseek-v4-pro,staged_v4,deepseek_clean::deepseek-v4-pro::tpl-3.0.0-roadmap::staged_v4,0,0,0,0,0,0,stage1_plan_failed,stage_state_existing_files_invalid,stage1_plan_failed,2026-07-07T18:03:49.176394Z,002f80da343d9731a497f800
deepseek_clean::deepseek-v4-pro::tpl-3.0.0-roadmap::staged_v4::rep1,deepseek_clean,tpl-3.0.0-roadmap,tpl,C++,deepseek-v4-pro,staged_v4,deepseek_clean::deepseek-v4-pro::tpl-3.0.0-roadmap::staged_v4,1,0,0,0,0,0,stage1_plan_failed,stage_state_existing_files_invalid,stage1_plan_failed,2026-07-07T18:03:52.413029Z,182b0fdc140a4fb200527712
deepseek_clean::deepseek-v4-pro::tpl-3.0.0-roadmap::staged_v4::rep2,deepseek_clean,tpl-3.0.0-roadmap,tpl,C++,deepseek-v4-pro,staged_v4,deepseek_clean::deepseek-v4-pro::tpl-3.0.0-roadmap::staged_v4,2,0,0,0,0,0,stage1_plan_failed,stage_state_existing_files_invalid,stage1_plan_failed,2026-07-07T18:03:52.790974Z,8540579aed716ba8e34524c3
deepseek_clean::deepseek-v4-pro::tpl-3.0.0-roadmap::staged_v4::rep3,deepseek_clean,tpl-3.0.0-roadmap,tpl,C++,deepseek-v4-pro,staged_v4,deepseek_clean::deepseek-v4-pro::tpl-3.0.0-roadmap::staged_v4,3,0,0,0,0,0,stage1_plan_failed,stage_state_existing_files_invalid,stage1_plan_failed,2026-07-07T18:03:55.558826Z,0353473153f4b552bba2b59a
deepseek_clean::deepseek-v4-pro::tpl-3.0.0-roadmap::staged_v4::rep4,deepseek_clean,tpl-3.0.0-roadmap,tpl,C++,deepseek-v4-pro,staged_v4,deepseek_clean::deepseek-v4-pro::tpl-3.0.0-roadmap::staged_v4,4,0,0,0,0,0,stage1_plan_failed,stage_state_existing_files_invalid,stage1_plan_failed,2026-07-07T18:03:56.000943Z,2dad8a89549ee686d01478ba
deepseek_clean::deepseek-v4-pro::tpl-3.0.0-roadmap::staged_v4::rep5,deepseek_clean,tpl-3.0.0-roadmap,tpl,C++,deepseek-v4-pro,staged_v4,deepseek_clean::deepseek-v4-pro::tpl-3.0.0-roadmap::staged_v4,5,0,0,0,0,0,stage1_plan_failed,stage_state_existing_files_invalid,stage1_plan_failed,2026-07-07T18:03:58.553431Z,526ecd6f2bc717cc02ce2690
deepseek_clean::deepseek-v4-pro::tpl-3.0.0-roadmap::staged_v4::rep6,deepseek_clean,tpl-3.0.0-roadmap,tpl,C++,deepseek-v4-pro,staged_v4,deepseek_clean::deepseek-v4-pro::tpl-3.0.0-roadmap::staged_v4,6,0,0,0,0,0,stage1_plan_failed,stage_state_existing_files_invalid,stage1_plan_failed,2026-07-07T18:03:58.865370Z,35de27ac3972909224a34391
deepseek_clean::deepseek-v4-pro::tpl-3.0.0-roadmap::staged_v4::rep7,deepseek_clean,tpl-3.0.0-roadmap,tpl,C++,deepseek-v4-pro,staged_v4,deepseek_clean::deepseek-v4-pro::tpl-3.0.0-roadmap::staged_v4,7,0,0,0,0,0,stage1_plan_failed,stage_state_existing_files_invalid,stage1_plan_failed,2026-07-07T18:04:01.500272Z,4faeccf1617783fe897d1981
deepseek_clean::deepseek-v4-pro::tpl-3.2.0-roadmap::single_shot_v3::rep0,deepseek_clean,tpl-3.2.0-roadmap,tpl,C++,deepseek-v4-pro,single_shot_v3,deepseek_clean::deepseek-v4-pro::tpl-3.2.0-roadmap::single_shot_v3,0,1,1,1,1,1,test_passed,,,2026-07-07T19:33:03.602112Z,c29b9a8b2911a1d4dd9ee315
deepseek_clean::deepseek-v4-pro::tpl-3.2.0-roadmap::single_shot_v3::rep1,deepseek_clean,tpl-3.2.0-roadmap,tpl,C++,deepseek-v4-pro,single_shot_v3,deepseek_clean::deepseek-v4-pro::tpl-3.2.0-roadmap::single_shot_v3,1,0,0,0,0,0,edit_apply_failed,edit_apply_failed,edit_apply_failed,2026-07-07T18:05:28.202510Z,9beff06d2a6696dcce8b0fca
deepseek_clean::deepseek-v4-pro::tpl-3.2.0-roadmap::single_shot_v3::rep2,deepseek_clean,tpl-3.2.0-roadmap,tpl,C++,deepseek-v4-pro,single_shot_v3,deepseek_clean::deepseek-v4-pro::tpl-3.2.0-roadmap::single_shot_v3,2,1,1,1,1,1,test_passed,,,2026-07-07T19:33:12.679786Z,8d764adbe7cecd42929da050
deepseek_clean::deepseek-v4-pro::tpl-3.2.0-roadmap::single_shot_v3::rep3,deepseek_clean,tpl-3.2.0-roadmap,tpl,C++,deepseek-v4-pro,single_shot_v3,deepseek_clean::deepseek-v4-pro::tpl-3.2.0-roadmap::single_shot_v3,3,0,0,0,0,0,edit_apply_failed,edit_apply_failed,edit_apply_failed,2026-07-07T18:05:21.512912Z,c995498b8c607a01a889f6f5
deepseek_clean::deepseek-v4-pro::tpl-3.2.0-roadmap::single_shot_v3::rep4,deepseek_clean,tpl-3.2.0-roadmap,tpl,C++,deepseek-v4-pro,single_shot_v3,deepseek_clean::deepseek-v4-pro::tpl-3.2.0-roadmap::single_shot_v3,4,0,0,0,0,0,edit_apply_failed,edit_apply_failed,edit_apply_failed,2026-07-07T18:05:50.461697Z,be888d17aaad0d329a6336cf
deepseek_clean::deepseek-v4-pro::tpl-3.2.0-roadmap::single_shot_v3::rep5,deepseek_clean,tpl-3.2.0-roadmap,tpl,C++,deepseek-v4-pro,single_shot_v3,deepseek_clean::deepseek-v4-pro::tpl-3.2.0-roadmap::single_shot_v3,5,0,0,0,0,0,edit_apply_failed,edit_apply_failed,edit_apply_failed,2026-07-07T18:05:49.916487Z,71625a8e1869dd629496b187
deepseek_clean::deepseek-v4-pro::tpl-3.2.0-roadmap::single_shot_v3::rep6,deepseek_clean,tpl-3.2.0-roadmap,tpl,C++,deepseek-v4-pro,single_shot_v3,deepseek_clean::deepseek-v4-pro::tpl-3.2.0-roadmap::single_shot_v3,6,0,0,0,0,0,edit_apply_failed,edit_apply_failed,edit_apply_failed,2026-07-07T18:06:14.763236Z,57e455c86a6a796a55887bad
deepseek_clean::deepseek-v4-pro::tpl-3.2.0-roadmap::single_shot_v3::rep7,deepseek_clean,tpl-3.2.0-roadmap,tpl,C++,deepseek-v4-pro,single_shot_v3,deepseek_clean::deepseek-v4-pro::tpl-3.2.0-roadmap::single_shot_v3,7,0,0,0,0,0,edit_apply_failed,edit_apply_failed,edit_apply_failed,2026-07-07T18:06:40.717421Z,83d7e5a5ce14556bea115cc9
deepseek_clean::deepseek-v4-pro::tpl-3.2.0-roadmap::staged_v4::rep0,deepseek_clean,tpl-3.2.0-roadmap,tpl,C++,deepseek-v4-pro,staged_v4,deepseek_clean::deepseek-v4-pro::tpl-3.2.0-roadmap::staged_v4,0,1,1,1,1,1,test_passed,,,2026-07-07T19:33:21.204170Z,24e3815c1c6bda90cc885a44
deepseek_clean::deepseek-v4-pro::tpl-3.2.0-roadmap::staged_v4::rep1,deepseek_clean,tpl-3.2.0-roadmap,tpl,C++,deepseek-v4-pro,staged_v4,deepseek_clean::deepseek-v4-pro::tpl-3.2.0-roadmap::staged_v4,1,1,1,1,1,1,test_passed,,,2026-07-07T19:33:30.232521Z,827b3f316c78d233fc24e144
deepseek_clean::deepseek-v4-pro::tpl-3.2.0-roadmap::staged_v4::rep2,deepseek_clean,tpl-3.2.0-roadmap,tpl,C++,deepseek-v4-pro,staged_v4,deepseek_clean::deepseek-v4-pro::tpl-3.2.0-roadmap::staged_v4,2,1,1,1,1,1,test_passed,,,2026-07-07T19:33:38.641216Z,3c166b0248dc6f79ac3939f0
deepseek_clean::deepseek-v4-pro::tpl-3.2.0-roadmap::staged_v4::rep3,deepseek_clean,tpl-3.2.0-roadmap,tpl,C++,deepseek-v4-pro,staged_v4,deepseek_clean::deepseek-v4-pro::tpl-3.2.0-roadmap::staged_v4,3,1,1,1,1,0,test_failed,,,2026-07-07T19:33:45.248362Z,bd7937ed2539f66364cbece8
deepseek_clean::deepseek-v4-pro::tpl-3.2.0-roadmap::staged_v4::rep4,deepseek_clean,tpl-3.2.0-roadmap,tpl,C++,deepseek-v4-pro,staged_v4,deepseek_clean::deepseek-v4-pro::tpl-3.2.0-roadmap::staged_v4,4,1,1,1,1,1,test_passed,,,2026-07-07T19:33:53.220544Z,1fee90e77fb5739d3b7bad16
deepseek_clean::deepseek-v4-pro::tpl-3.2.0-roadmap::staged_v4::rep5,deepseek_clean,tpl-3.2.0-roadmap,tpl,C++,deepseek-v4-pro,staged_v4,deepseek_clean::deepseek-v4-pro::tpl-3.2.0-roadmap::staged_v4,5,1,1,1,1,0,test_failed,,,2026-07-07T19:34:00.274648Z,7b137e6952998819c8005515
deepseek_clean::deepseek-v4-pro::tpl-3.2.0-roadmap::staged_v4::rep6,deepseek_clean,tpl-3.2.0-roadmap,tpl,C++,deepseek-v4-pro,staged_v4,deepseek_clean::deepseek-v4-pro::tpl-3.2.0-roadmap::staged_v4,6,1,1,1,1,0,test_failed,,,2026-07-07T19:34:09.232911Z,6a88d856d270f001b9cf4854
deepseek_clean::deepseek-v4-pro::tpl-3.2.0-roadmap::staged_v4::rep7,deepseek_clean,tpl-3.2.0-roadmap,tpl,C++,deepseek-v4-pro,staged_v4,deepseek_clean::deepseek-v4-pro::tpl-3.2.0-roadmap::staged_v4,7,1,1,1,1,1,test_passed,,,2026-07-07T19:34:18.304272Z,44552e08c15dd2382f87ce44
deepseek_clean::deepseek-v4-pro::tpl-3.3.0-roadmap::single_shot_v3::rep0,deepseek_clean,tpl-3.3.0-roadmap,tpl,C++,deepseek-v4-pro,single_shot_v3,deepseek_clean::deepseek-v4-pro::tpl-3.3.0-roadmap::single_shot_v3,0,0,0,0,0,0,edit_apply_failed,edit_apply_failed,edit_apply_failed,2026-07-07T18:08:39.468864Z,a98cb7012865aff0c2f28d8c
deepseek_clean::deepseek-v4-pro::tpl-3.3.0-roadmap::single_shot_v3::rep1,deepseek_clean,tpl-3.3.0-roadmap,tpl,C++,deepseek-v4-pro,single_shot_v3,deepseek_clean::deepseek-v4-pro::tpl-3.3.0-roadmap::single_shot_v3,1,0,0,0,0,0,edit_apply_failed,edit_apply_failed,edit_apply_failed,2026-07-07T18:08:22.910314Z,b1c5ae7ebb5a7a4ec16e38a9
deepseek_clean::deepseek-v4-pro::tpl-3.3.0-roadmap::single_shot_v3::rep2,deepseek_clean,tpl-3.3.0-roadmap,tpl,C++,deepseek-v4-pro,single_shot_v3,deepseek_clean::deepseek-v4-pro::tpl-3.3.0-roadmap::single_shot_v3,2,0,0,0,0,0,edit_apply_failed,edit_apply_failed,edit_apply_failed,2026-07-07T18:08:56.869094Z,e7e30e1cf111d3f19d14362a
deepseek_clean::deepseek-v4-pro::tpl-3.3.0-roadmap::single_shot_v3::rep3,deepseek_clean,tpl-3.3.0-roadmap,tpl,C++,deepseek-v4-pro,single_shot_v3,deepseek_clean::deepseek-v4-pro::tpl-3.3.0-roadmap::single_shot_v3,3,0,0,0,0,0,edit_apply_failed,edit_apply_failed,edit_apply_failed,2026-07-07T18:08:56.295957Z,7e4811d03885dedbd92cb067
deepseek_clean::deepseek-v4-pro::tpl-3.3.0-roadmap::single_shot_v3::rep4,deepseek_clean,tpl-3.3.0-roadmap,tpl,C++,deepseek-v4-pro,single_shot_v3,deepseek_clean::deepseek-v4-pro::tpl-3.3.0-roadmap::single_shot_v3,4,0,0,0,0,0,edit_apply_failed,edit_apply_failed,edit_apply_failed,2026-07-07T18:09:27.905815Z,93bc1350fa258ffa85c6f1d0
deepseek_clean::deepseek-v4-pro::tpl-3.3.0-roadmap::single_shot_v3::rep5,deepseek_clean,tpl-3.3.0-roadmap,tpl,C++,deepseek-v4-pro,single_shot_v3,deepseek_clean::deepseek-v4-pro::tpl-3.3.0-roadmap::single_shot_v3,5,0,0,0,0,0,edit_apply_failed,edit_apply_failed,edit_apply_failed,2026-07-07T18:09:21.628380Z,fcbeb1f3d6c0fda3a88dae42
deepseek_clean::deepseek-v4-pro::tpl-3.3.0-roadmap::single_shot_v3::rep6,deepseek_clean,tpl-3.3.0-roadmap,tpl,C++,deepseek-v4-pro,single_shot_v3,deepseek_clean::deepseek-v4-pro::tpl-3.3.0-roadmap::single_shot_v3,6,0,0,0,0,0,edit_apply_failed,edit_apply_failed,edit_apply_failed,2026-07-07T18:09:54.062725Z,227a41d78236a641636d2b29
deepseek_clean::deepseek-v4-pro::tpl-3.3.0-roadmap::single_shot_v3::rep7,deepseek_clean,tpl-3.3.0-roadmap,tpl,C++,deepseek-v4-pro,single_shot_v3,deepseek_clean::deepseek-v4-pro::tpl-3.3.0-roadmap::single_shot_v3,7,0,0,0,0,0,edit_apply_failed,edit_apply_failed,edit_apply_failed,2026-07-07T18:09:31.664661Z,3a486b3b6dfc63bb947b29e3
deepseek_clean::deepseek-v4-pro::tpl-3.3.0-roadmap::staged_v4::rep0,deepseek_clean,tpl-3.3.0-roadmap,tpl,C++,deepseek-v4-pro,staged_v4,deepseek_clean::deepseek-v4-pro::tpl-3.3.0-roadmap::staged_v4,0,0,0,0,0,0,stage1_plan_failed,stage_state_planned_new_files_invalid,stage1_plan_failed,2026-07-07T18:09:25.721884Z,275ac1473f1f3848c6f9a5fb
deepseek_clean::deepseek-v4-pro::tpl-3.3.0-roadmap::staged_v4::rep1,deepseek_clean,tpl-3.3.0-roadmap,tpl,C++,deepseek-v4-pro,staged_v4,deepseek_clean::deepseek-v4-pro::tpl-3.3.0-roadmap::staged_v4,1,0,0,0,0,0,stage1_plan_failed,stage_state_planned_new_files_invalid,stage1_plan_failed,2026-07-07T18:09:52.079444Z,05a5484e94c0ab41b480b82e
deepseek_clean::deepseek-v4-pro::tpl-3.3.0-roadmap::staged_v4::rep2,deepseek_clean,tpl-3.3.0-roadmap,tpl,C++,deepseek-v4-pro,staged_v4,deepseek_clean::deepseek-v4-pro::tpl-3.3.0-roadmap::staged_v4,2,0,0,0,0,0,stage1_plan_failed,stage_state_planned_new_files_invalid,stage1_plan_failed,2026-07-07T18:09:31.885408Z,41a066c1e6daa8b037062011
deepseek_clean::deepseek-v4-pro::tpl-3.3.0-roadmap::staged_v4::rep3,deepseek_clean,tpl-3.3.0-roadmap,tpl,C++,deepseek-v4-pro,staged_v4,deepseek_clean::deepseek-v4-pro::tpl-3.3.0-roadmap::staged_v4,3,0,0,0,0,0,stage1_plan_failed,stage_state_planned_new_files_invalid,stage1_plan_failed,2026-07-07T18:09:35.372599Z,f0764eed9f32b479d1fbcbc0
deepseek_clean::deepseek-v4-pro::tpl-3.3.0-roadmap::staged_v4::rep4,deepseek_clean,tpl-3.3.0-roadmap,tpl,C++,deepseek-v4-pro,staged_v4,deepseek_clean::deepseek-v4-pro::tpl-3.3.0-roadmap::staged_v4,4,0,0,0,0,0,stage1_plan_failed,stage_state_planned_new_files_invalid,stage1_plan_failed,2026-07-07T18:09:36.268147Z,19992b53d60080e902607486
deepseek_clean::deepseek-v4-pro::tpl-3.3.0-roadmap::staged_v4::rep5,deepseek_clean,tpl-3.3.0-roadmap,tpl,C++,deepseek-v4-pro,staged_v4,deepseek_clean::deepseek-v4-pro::tpl-3.3.0-roadmap::staged_v4,5,0,0,0,0,0,stage1_plan_failed,stage_state_planned_new_files_invalid,stage1_plan_failed,2026-07-07T18:09:39.408572Z,08c4e1a9d7193aae77e08c2b
deepseek_clean::deepseek-v4-pro::tpl-3.3.0-roadmap::staged_v4::rep6,deepseek_clean,tpl-3.3.0-roadmap,tpl,C++,deepseek-v4-pro,staged_v4,deepseek_clean::deepseek-v4-pro::tpl-3.3.0-roadmap::staged_v4,6,0,0,0,0,0,stage1_plan_failed,stage_state_planned_new_files_invalid,stage1_plan_failed,2026-07-07T18:09:39.743661Z,9873f6bc223dcdba1fcd7bc3
deepseek_clean::deepseek-v4-pro::tpl-3.3.0-roadmap::staged_v4::rep7,deepseek_clean,tpl-3.3.0-roadmap,tpl,C++,deepseek-v4-pro,staged_v4,deepseek_clean::deepseek-v4-pro::tpl-3.3.0-roadmap::staged_v4,7,0,0,0,0,0,stage1_plan_failed,stage_state_planned_new_files_invalid,stage1_plan_failed,2026-07-07T18:09:43.510271Z,2422c2f2881e9d07b31e5698
deepseek_clean::deepseek-v4-pro::tpl-4.0.0-roadmap::single_shot_v3::rep0,deepseek_clean,tpl-4.0.0-roadmap,tpl,C++,deepseek-v4-pro,single_shot_v3,deepseek_clean::deepseek-v4-pro::tpl-4.0.0-roadmap::single_shot_v3,0,1,1,1,1,0,test_failed,,,2026-07-07T19:34:27.180520Z,286441ec6c4484bb66b08170
deepseek_clean::deepseek-v4-pro::tpl-4.0.0-roadmap::single_shot_v3::rep1,deepseek_clean,tpl-4.0.0-roadmap,tpl,C++,deepseek-v4-pro,single_shot_v3,deepseek_clean::deepseek-v4-pro::tpl-4.0.0-roadmap::single_shot_v3,1,1,1,1,1,0,test_failed,,,2026-07-07T19:34:35.704530Z,637d6f9e073864ed5abacde7
deepseek_clean::deepseek-v4-pro::tpl-4.0.0-roadmap::single_shot_v3::rep2,deepseek_clean,tpl-4.0.0-roadmap,tpl,C++,deepseek-v4-pro,single_shot_v3,deepseek_clean::deepseek-v4-pro::tpl-4.0.0-roadmap::single_shot_v3,2,1,1,1,1,0,test_failed,,,2026-07-07T19:34:44.037037Z,be3004a5e1d579616036979f
deepseek_clean::deepseek-v4-pro::tpl-4.0.0-roadmap::single_shot_v3::rep3,deepseek_clean,tpl-4.0.0-roadmap,tpl,C++,deepseek-v4-pro,single_shot_v3,deepseek_clean::deepseek-v4-pro::tpl-4.0.0-roadmap::single_shot_v3,3,1,1,1,1,0,test_failed,,,2026-07-07T19:34:51.558622Z,c818f8b916f70b7a8b40d441
deepseek_clean::deepseek-v4-pro::tpl-4.0.0-roadmap::single_shot_v3::rep4,deepseek_clean,tpl-4.0.0-roadmap,tpl,C++,deepseek-v4-pro,single_shot_v3,deepseek_clean::deepseek-v4-pro::tpl-4.0.0-roadmap::single_shot_v3,4,1,1,1,1,0,test_failed,,,2026-07-07T19:34:59.985342Z,6b9c3a8dc28f85fed846ca27
deepseek_clean::deepseek-v4-pro::tpl-4.0.0-roadmap::single_shot_v3::rep5,deepseek_clean,tpl-4.0.0-roadmap,tpl,C++,deepseek-v4-pro,single_shot_v3,deepseek_clean::deepseek-v4-pro::tpl-4.0.0-roadmap::single_shot_v3,5,1,1,1,1,0,test_failed,,,2026-07-07T19:35:08.440392Z,f77aa01f73bd93d40f8ffc84
deepseek_clean::deepseek-v4-pro::tpl-4.0.0-roadmap::single_shot_v3::rep6,deepseek_clean,tpl-4.0.0-roadmap,tpl,C++,deepseek-v4-pro,single_shot_v3,deepseek_clean::deepseek-v4-pro::tpl-4.0.0-roadmap::single_shot_v3,6,1,1,1,1,0,test_failed,,,2026-07-07T19:35:16.803079Z,62987d13a04384ebfc7121d5
deepseek_clean::deepseek-v4-pro::tpl-4.0.0-roadmap::single_shot_v3::rep7,deepseek_clean,tpl-4.0.0-roadmap,tpl,C++,deepseek-v4-pro,single_shot_v3,deepseek_clean::deepseek-v4-pro::tpl-4.0.0-roadmap::single_shot_v3,7,1,1,1,1,0,test_failed,,,2026-07-07T19:35:25.056098Z,52b5bc7d15de76ec80b274ac
deepseek_clean::deepseek-v4-pro::tpl-4.0.0-roadmap::staged_v4::rep0,deepseek_clean,tpl-4.0.0-roadmap,tpl,C++,deepseek-v4-pro,staged_v4,deepseek_clean::deepseek-v4-pro::tpl-4.0.0-roadmap::staged_v4,0,0,0,0,0,0,stage1_plan_failed,stage_state_existing_files_invalid,stage1_plan_failed,2026-07-07T18:13:19.069054Z,3f46d5e18bd8e0ab70cc063c
deepseek_clean::deepseek-v4-pro::tpl-4.0.0-roadmap::staged_v4::rep1,deepseek_clean,tpl-4.0.0-roadmap,tpl,C++,deepseek-v4-pro,staged_v4,deepseek_clean::deepseek-v4-pro::tpl-4.0.0-roadmap::staged_v4,1,0,0,0,0,0,stage1_plan_failed,stage_state_existing_files_invalid,stage1_plan_failed,2026-07-07T18:13:25.837062Z,bb00d1a639a7846d06d56563
deepseek_clean::deepseek-v4-pro::tpl-4.0.0-roadmap::staged_v4::rep2,deepseek_clean,tpl-4.0.0-roadmap,tpl,C++,deepseek-v4-pro,staged_v4,deepseek_clean::deepseek-v4-pro::tpl-4.0.0-roadmap::staged_v4,2,0,0,0,0,0,stage1_plan_failed,stage_state_existing_files_invalid,stage1_plan_failed,2026-07-07T18:13:33.093000Z,a875554b07ca09e1bba14618
deepseek_clean::deepseek-v4-pro::tpl-4.0.0-roadmap::staged_v4::rep3,deepseek_clean,tpl-4.0.0-roadmap,tpl,C++,deepseek-v4-pro,staged_v4,deepseek_clean::deepseek-v4-pro::tpl-4.0.0-roadmap::staged_v4,3,0,0,0,0,0,stage1_plan_failed,stage_state_existing_files_invalid,stage1_plan_failed,2026-07-07T18:13:38.699058Z,37077afcf5be32d91e4f018d
deepseek_clean::deepseek-v4-pro::tpl-4.0.0-roadmap::staged_v4::rep4,deepseek_clean,tpl-4.0.0-roadmap,tpl,C++,deepseek-v4-pro,staged_v4,deepseek_clean::deepseek-v4-pro::tpl-4.0.0-roadmap::staged_v4,4,0,0,0,0,0,stage1_plan_failed,stage_state_existing_files_invalid,stage1_plan_failed,2026-07-07T18:13:46.284707Z,2002d17a9fb8d09e4de7305a
deepseek_clean::deepseek-v4-pro::tpl-4.0.0-roadmap::staged_v4::rep5,deepseek_clean,tpl-4.0.0-roadmap,tpl,C++,deepseek-v4-pro,staged_v4,deepseek_clean::deepseek-v4-pro::tpl-4.0.0-roadmap::staged_v4,5,0,0,0,0,0,stage1_plan_failed,stage_state_existing_files_invalid,stage1_plan_failed,2026-07-07T18:13:52.017289Z,414bae67bb49afbf8cbb1823
deepseek_clean::deepseek-v4-pro::tpl-4.0.0-roadmap::staged_v4::rep6,deepseek_clean,tpl-4.0.0-roadmap,tpl,C++,deepseek-v4-pro,staged_v4,deepseek_clean::deepseek-v4-pro::tpl-4.0.0-roadmap::staged_v4,6,0,0,0,0,0,stage1_plan_failed,stage_state_existing_files_invalid,stage1_plan_failed,2026-07-07T18:13:56.725889Z,a43834e9e3a2015ffb1fd692
deepseek_clean::deepseek-v4-pro::tpl-4.0.0-roadmap::staged_v4::rep7,deepseek_clean,tpl-4.0.0-roadmap,tpl,C++,deepseek-v4-pro,staged_v4,deepseek_clean::deepseek-v4-pro::tpl-4.0.0-roadmap::staged_v4,7,0,0,0,0,0,stage1_plan_failed,stage_state_existing_files_invalid,stage1_plan_failed,2026-07-07T18:14:04.203667Z,7bfdb850122a78dcff65d634
deepseek_clean::deepseek-v4-pro::tpl-5.0.0-roadmap::single_shot_v3::rep0,deepseek_clean,tpl-5.0.0-roadmap,tpl,C++,deepseek-v4-pro,single_shot_v3,deepseek_clean::deepseek-v4-pro::tpl-5.0.0-roadmap::single_shot_v3,0,0,0,0,0,0,finish_reason_length,edit_json_invalid,finish_reason_length,2026-07-07T18:18:27.605723Z,adf930ee6c6125748e6dd946
deepseek_clean::deepseek-v4-pro::tpl-5.0.0-roadmap::single_shot_v3::rep1,deepseek_clean,tpl-5.0.0-roadmap,tpl,C++,deepseek-v4-pro,single_shot_v3,deepseek_clean::deepseek-v4-pro::tpl-5.0.0-roadmap::single_shot_v3,1,1,1,1,1,0,test_failed,,,2026-07-07T19:35:31.156980Z,ca73bf89efe125d3a3024219
deepseek_clean::deepseek-v4-pro::tpl-5.0.0-roadmap::single_shot_v3::rep2,deepseek_clean,tpl-5.0.0-roadmap,tpl,C++,deepseek-v4-pro,single_shot_v3,deepseek_clean::deepseek-v4-pro::tpl-5.0.0-roadmap::single_shot_v3,2,1,1,1,1,0,test_failed,,,2026-07-07T19:35:37.038631Z,58f760ae7b734db2f60192e4
deepseek_clean::deepseek-v4-pro::tpl-5.0.0-roadmap::single_shot_v3::rep3,deepseek_clean,tpl-5.0.0-roadmap,tpl,C++,deepseek-v4-pro,single_shot_v3,deepseek_clean::deepseek-v4-pro::tpl-5.0.0-roadmap::single_shot_v3,3,0,0,0,0,0,finish_reason_length,edit_json_invalid,finish_reason_length,2026-07-07T18:20:44.834190Z,fdda44bdc283e0e0d0900d26
deepseek_clean::deepseek-v4-pro::tpl-5.0.0-roadmap::single_shot_v3::rep4,deepseek_clean,tpl-5.0.0-roadmap,tpl,C++,deepseek-v4-pro,single_shot_v3,deepseek_clean::deepseek-v4-pro::tpl-5.0.0-roadmap::single_shot_v3,4,0,0,0,0,0,finish_reason_length,edit_json_invalid,finish_reason_length,2026-07-07T18:22:48.328320Z,c9aad1e90db4ecdcf3f1cb3c
deepseek_clean::deepseek-v4-pro::tpl-5.0.0-roadmap::single_shot_v3::rep5,deepseek_clean,tpl-5.0.0-roadmap,tpl,C++,deepseek-v4-pro,single_shot_v3,deepseek_clean::deepseek-v4-pro::tpl-5.0.0-roadmap::single_shot_v3,5,0,0,0,0,0,finish_reason_length,edit_json_invalid,finish_reason_length,2026-07-07T18:23:43.929553Z,567bc4921469bbb77d9eea54
deepseek_clean::deepseek-v4-pro::tpl-5.0.0-roadmap::single_shot_v3::rep6,deepseek_clean,tpl-5.0.0-roadmap,tpl,C++,deepseek-v4-pro,single_shot_v3,deepseek_clean::deepseek-v4-pro::tpl-5.0.0-roadmap::single_shot_v3,6,0,0,0,0,0,finish_reason_length,edit_json_invalid,finish_reason_length,2026-07-07T18:35:26.662763Z,e621a80c4ca655573b94170b
deepseek_clean::deepseek-v4-pro::tpl-5.0.0-roadmap::single_shot_v3::rep7,deepseek_clean,tpl-5.0.0-roadmap,tpl,C++,deepseek-v4-pro,single_shot_v3,deepseek_clean::deepseek-v4-pro::tpl-5.0.0-roadmap::single_shot_v3,7,0,0,0,0,0,finish_reason_length,edit_json_invalid,finish_reason_length,2026-07-07T18:25:03.101039Z,04c6efc42995dee5c4c468d0
deepseek_clean::deepseek-v4-pro::tpl-5.0.0-roadmap::staged_v4::rep0,deepseek_clean,tpl-5.0.0-roadmap,tpl,C++,deepseek-v4-pro,staged_v4,deepseek_clean::deepseek-v4-pro::tpl-5.0.0-roadmap::staged_v4,0,0,0,0,0,0,stage1_plan_failed,stage_state_existing_files_invalid,stage1_plan_failed,2026-07-07T18:22:52.008012Z,6f7974077c5826dd20f0c724
deepseek_clean::deepseek-v4-pro::tpl-5.0.0-roadmap::staged_v4::rep1,deepseek_clean,tpl-5.0.0-roadmap,tpl,C++,deepseek-v4-pro,staged_v4,deepseek_clean::deepseek-v4-pro::tpl-5.0.0-roadmap::staged_v4,1,0,0,0,0,0,stage1_plan_failed,stage_state_existing_files_invalid,stage1_plan_failed,2026-07-07T18:22:55.943174Z,d295931e1fcc01f7ed28d254
deepseek_clean::deepseek-v4-pro::tpl-5.0.0-roadmap::staged_v4::rep2,deepseek_clean,tpl-5.0.0-roadmap,tpl,C++,deepseek-v4-pro,staged_v4,deepseek_clean::deepseek-v4-pro::tpl-5.0.0-roadmap::staged_v4,2,0,0,0,0,0,stage1_plan_failed,stage_state_existing_files_invalid,stage1_plan_failed,2026-07-07T18:22:59.936796Z,7914b208de8aed611412c0b5
deepseek_clean::deepseek-v4-pro::tpl-5.0.0-roadmap::staged_v4::rep3,deepseek_clean,tpl-5.0.0-roadmap,tpl,C++,deepseek-v4-pro,staged_v4,deepseek_clean::deepseek-v4-pro::tpl-5.0.0-roadmap::staged_v4,3,0,0,0,0,0,stage1_plan_failed,stage_state_existing_files_invalid,stage1_plan_failed,2026-07-07T18:23:03.807707Z,5abf2f023834b32a81f56e7a
deepseek_clean::deepseek-v4-pro::tpl-5.0.0-roadmap::staged_v4::rep4,deepseek_clean,tpl-5.0.0-roadmap,tpl,C++,deepseek-v4-pro,staged_v4,deepseek_clean::deepseek-v4-pro::tpl-5.0.0-roadmap::staged_v4,4,0,0,0,0,0,stage1_plan_failed,stage_state_existing_files_invalid,stage1_plan_failed,2026-07-07T18:23:07.314739Z,908a5688a47a7704be403ac3
deepseek_clean::deepseek-v4-pro::tpl-5.0.0-roadmap::staged_v4::rep5,deepseek_clean,tpl-5.0.0-roadmap,tpl,C++,deepseek-v4-pro,staged_v4,deepseek_clean::deepseek-v4-pro::tpl-5.0.0-roadmap::staged_v4,5,0,0,0,0,0,stage1_plan_failed,stage_state_existing_files_invalid,stage1_plan_failed,2026-07-07T18:23:11.510868Z,5657f13af00246c0e4d575ed
deepseek_clean::deepseek-v4-pro::tpl-5.0.0-roadmap::staged_v4::rep6,deepseek_clean,tpl-5.0.0-roadmap,tpl,C++,deepseek-v4-pro,staged_v4,deepseek_clean::deepseek-v4-pro::tpl-5.0.0-roadmap::staged_v4,6,0,0,0,0,0,stage1_plan_failed,stage_state_existing_files_invalid,stage1_plan_failed,2026-07-07T18:23:15.134485Z,5598b0c61828524e5bf7caea
deepseek_clean::deepseek-v4-pro::tpl-5.0.0-roadmap::staged_v4::rep7,deepseek_clean,tpl-5.0.0-roadmap,tpl,C++,deepseek-v4-pro,staged_v4,deepseek_clean::deepseek-v4-pro::tpl-5.0.0-roadmap::staged_v4,7,0,0,0,0,0,stage1_plan_failed,stage_state_existing_files_invalid,stage1_plan_failed,2026-07-07T18:23:23.800621Z,e47cf6dc0fd216caafe28699
deepseek_clean::deepseek-v4-pro::tpl-5.1.0-roadmap::single_shot_v3::rep0,deepseek_clean,tpl-5.1.0-roadmap,tpl,C++,deepseek-v4-pro,single_shot_v3,deepseek_clean::deepseek-v4-pro::tpl-5.1.0-roadmap::single_shot_v3,0,0,0,0,0,0,edit_path_disallowed,edit_path_disallowed,edit_path_disallowed,2026-07-07T18:25:00.599579Z,0c378a09433a8b996a1098a8
deepseek_clean::deepseek-v4-pro::tpl-5.1.0-roadmap::single_shot_v3::rep1,deepseek_clean,tpl-5.1.0-roadmap,tpl,C++,deepseek-v4-pro,single_shot_v3,deepseek_clean::deepseek-v4-pro::tpl-5.1.0-roadmap::single_shot_v3,1,0,0,0,0,0,edit_path_disallowed,edit_path_disallowed,edit_path_disallowed,2026-07-07T18:24:27.396364Z,856e2b2235e77872a1b518d4
deepseek_clean::deepseek-v4-pro::tpl-5.1.0-roadmap::single_shot_v3::rep2,deepseek_clean,tpl-5.1.0-roadmap,tpl,C++,deepseek-v4-pro,single_shot_v3,deepseek_clean::deepseek-v4-pro::tpl-5.1.0-roadmap::single_shot_v3,2,0,0,0,0,0,edit_path_disallowed,edit_path_disallowed,edit_path_disallowed,2026-07-07T18:25:04.776614Z,0c1e0f68c82c17e4f086ae12
deepseek_clean::deepseek-v4-pro::tpl-5.1.0-roadmap::single_shot_v3::rep3,deepseek_clean,tpl-5.1.0-roadmap,tpl,C++,deepseek-v4-pro,single_shot_v3,deepseek_clean::deepseek-v4-pro::tpl-5.1.0-roadmap::single_shot_v3,3,0,0,0,0,0,edit_path_disallowed,edit_path_disallowed,edit_path_disallowed,2026-07-07T18:26:19.221801Z,2e10304bcce15059c62bbd72
deepseek_clean::deepseek-v4-pro::tpl-5.1.0-roadmap::single_shot_v3::rep4,deepseek_clean,tpl-5.1.0-roadmap,tpl,C++,deepseek-v4-pro,single_shot_v3,deepseek_clean::deepseek-v4-pro::tpl-5.1.0-roadmap::single_shot_v3,4,0,0,0,0,0,edit_path_disallowed,edit_path_disallowed,edit_path_disallowed,2026-07-07T18:26:30.459111Z,f8d162776e0a989bfed2fd3e
deepseek_clean::deepseek-v4-pro::tpl-5.1.0-roadmap::single_shot_v3::rep5,deepseek_clean,tpl-5.1.0-roadmap,tpl,C++,deepseek-v4-pro,single_shot_v3,deepseek_clean::deepseek-v4-pro::tpl-5.1.0-roadmap::single_shot_v3,5,0,0,0,0,0,edit_path_disallowed,edit_path_disallowed,edit_path_disallowed,2026-07-07T18:25:45.514940Z,2046b63684418db59f8667cd
deepseek_clean::deepseek-v4-pro::tpl-5.1.0-roadmap::single_shot_v3::rep6,deepseek_clean,tpl-5.1.0-roadmap,tpl,C++,deepseek-v4-pro,single_shot_v3,deepseek_clean::deepseek-v4-pro::tpl-5.1.0-roadmap::single_shot_v3,6,0,0,0,0,0,edit_path_disallowed,edit_path_disallowed,edit_path_disallowed,2026-07-07T18:26:27.341172Z,60b9bfd059ef467684f1f74b
deepseek_clean::deepseek-v4-pro::tpl-5.1.0-roadmap::single_shot_v3::rep7,deepseek_clean,tpl-5.1.0-roadmap,tpl,C++,deepseek-v4-pro,single_shot_v3,deepseek_clean::deepseek-v4-pro::tpl-5.1.0-roadmap::single_shot_v3,7,0,0,0,0,0,edit_path_disallowed,edit_path_disallowed,edit_path_disallowed,2026-07-07T18:26:54.996908Z,0bb635e8aa474333fa1c2318
deepseek_clean::deepseek-v4-pro::tpl-5.1.0-roadmap::staged_v4::rep0,deepseek_clean,tpl-5.1.0-roadmap,tpl,C++,deepseek-v4-pro,staged_v4,deepseek_clean::deepseek-v4-pro::tpl-5.1.0-roadmap::staged_v4,0,0,0,0,0,0,stage1_plan_failed,stage_state_existing_files_invalid,stage1_plan_failed,2026-07-07T18:26:29.809336Z,b5087d88213350c728ef0072
deepseek_clean::deepseek-v4-pro::tpl-5.1.0-roadmap::staged_v4::rep1,deepseek_clean,tpl-5.1.0-roadmap,tpl,C++,deepseek-v4-pro,staged_v4,deepseek_clean::deepseek-v4-pro::tpl-5.1.0-roadmap::staged_v4,1,0,0,0,0,0,stage1_plan_failed,stage_state_existing_files_invalid,stage1_plan_failed,2026-07-07T18:26:52.216096Z,58748823b3b1e9a44fa7850c
deepseek_clean::deepseek-v4-pro::tpl-5.1.0-roadmap::staged_v4::rep2,deepseek_clean,tpl-5.1.0-roadmap,tpl,C++,deepseek-v4-pro,staged_v4,deepseek_clean::deepseek-v4-pro::tpl-5.1.0-roadmap::staged_v4,2,0,0,0,0,0,stage1_plan_failed,stage_state_existing_files_invalid,stage1_plan_failed,2026-07-07T18:26:32.774974Z,d8fe8c903caf96787305775b
deepseek_clean::deepseek-v4-pro::tpl-5.1.0-roadmap::staged_v4::rep3,deepseek_clean,tpl-5.1.0-roadmap,tpl,C++,deepseek-v4-pro,staged_v4,deepseek_clean::deepseek-v4-pro::tpl-5.1.0-roadmap::staged_v4,3,0,0,0,0,0,stage1_plan_failed,stage_state_existing_files_invalid,stage1_plan_failed,2026-07-07T18:26:35.049895Z,46cc9b7cd6ce14b93e1e813b
deepseek_clean::deepseek-v4-pro::tpl-5.1.0-roadmap::staged_v4::rep4,deepseek_clean,tpl-5.1.0-roadmap,tpl,C++,deepseek-v4-pro,staged_v4,deepseek_clean::deepseek-v4-pro::tpl-5.1.0-roadmap::staged_v4,4,0,0,0,0,0,stage1_plan_failed,stage_state_existing_files_invalid,stage1_plan_failed,2026-07-07T18:26:37.211200Z,96bc6b55bc740c11e93eeb4c
deepseek_clean::deepseek-v4-pro::tpl-5.1.0-roadmap::staged_v4::rep5,deepseek_clean,tpl-5.1.0-roadmap,tpl,C++,deepseek-v4-pro,staged_v4,deepseek_clean::deepseek-v4-pro::tpl-5.1.0-roadmap::staged_v4,5,0,0,0,0,0,stage1_plan_failed,stage_state_existing_files_invalid,stage1_plan_failed,2026-07-07T18:26:39.825832Z,36c32d315384e962afa26509
deepseek_clean::deepseek-v4-pro::tpl-5.1.0-roadmap::staged_v4::rep6,deepseek_clean,tpl-5.1.0-roadmap,tpl,C++,deepseek-v4-pro,staged_v4,deepseek_clean::deepseek-v4-pro::tpl-5.1.0-roadmap::staged_v4,6,0,0,0,0,0,stage1_plan_failed,stage_state_existing_files_invalid,stage1_plan_failed,2026-07-07T18:26:44.972490Z,962a8a90ab9b841ba2edea48
deepseek_clean::deepseek-v4-pro::tpl-5.1.0-roadmap::staged_v4::rep7,deepseek_clean,tpl-5.1.0-roadmap,tpl,C++,deepseek-v4-pro,staged_v4,deepseek_clean::deepseek-v4-pro::tpl-5.1.0-roadmap::staged_v4,7,0,0,0,0,0,stage1_plan_failed,stage_state_existing_files_invalid,stage1_plan_failed,2026-07-07T18:26:47.544094Z,9f8063e67466d53007df451e
deepseek_extension::deepseek-v4-flash::fbr-2.27.0-roadmap::single_shot_v3::rep0,deepseek_extension,fbr-2.27.0-roadmap,fbr,Go,deepseek-v4-flash,single_shot_v3,deepseek_extension::deepseek-v4-flash::fbr-2.27.0-roadmap::single_shot_v3,0,0,0,0,0,0,edit_json_invalid,edit_json_invalid,edit_json_invalid,2026-07-10T08:49:36.880014Z,594c426a48deaea3bf4dc3ab
deepseek_extension::deepseek-v4-flash::fbr-2.27.0-roadmap::single_shot_v3::rep1,deepseek_extension,fbr-2.27.0-roadmap,fbr,Go,deepseek-v4-flash,single_shot_v3,deepseek_extension::deepseek-v4-flash::fbr-2.27.0-roadmap::single_shot_v3,1,0,0,0,0,0,edit_apply_failed,edit_apply_failed,edit_apply_failed,2026-07-10T08:50:02.284977Z,9e1355f8843c101df41698d5
deepseek_extension::deepseek-v4-flash::fbr-2.27.0-roadmap::single_shot_v3::rep2,deepseek_extension,fbr-2.27.0-roadmap,fbr,Go,deepseek-v4-flash,single_shot_v3,deepseek_extension::deepseek-v4-flash::fbr-2.27.0-roadmap::single_shot_v3,2,0,0,0,0,0,edit_apply_failed,edit_apply_failed,edit_apply_failed,2026-07-10T08:49:38.713143Z,9d8ff6284735303be5ea90c1
deepseek_extension::deepseek-v4-flash::fbr-2.27.0-roadmap::single_shot_v3::rep3,deepseek_extension,fbr-2.27.0-roadmap,fbr,Go,deepseek-v4-flash,single_shot_v3,deepseek_extension::deepseek-v4-flash::fbr-2.27.0-roadmap::single_shot_v3,3,0,0,0,0,0,edit_apply_failed,edit_apply_failed,edit_apply_failed,2026-07-10T08:49:46.283112Z,1d8e58b4251c1c842ebf092a
deepseek_extension::deepseek-v4-flash::fbr-2.27.0-roadmap::single_shot_v3::rep4,deepseek_extension,fbr-2.27.0-roadmap,fbr,Go,deepseek-v4-flash,single_shot_v3,deepseek_extension::deepseek-v4-flash::fbr-2.27.0-roadmap::single_shot_v3,4,0,0,0,0,0,edit_json_invalid,edit_json_invalid,edit_json_invalid,2026-07-10T08:49:51.694207Z,d4ec021b635cceb4881a590c
deepseek_extension::deepseek-v4-flash::fbr-2.27.0-roadmap::single_shot_v3::rep5,deepseek_extension,fbr-2.27.0-roadmap,fbr,Go,deepseek-v4-flash,single_shot_v3,deepseek_extension::deepseek-v4-flash::fbr-2.27.0-roadmap::single_shot_v3,5,0,0,0,0,0,finish_reason_length,edit_json_invalid,finish_reason_length,2026-07-10T08:51:55.201484Z,aa8148ab958b74497d361c54
deepseek_extension::deepseek-v4-flash::fbr-2.27.0-roadmap::single_shot_v3::rep6,deepseek_extension,fbr-2.27.0-roadmap,fbr,Go,deepseek-v4-flash,single_shot_v3,deepseek_extension::deepseek-v4-flash::fbr-2.27.0-roadmap::single_shot_v3,6,0,0,0,0,0,edit_apply_failed,edit_apply_failed,edit_apply_failed,2026-07-10T08:49:48.349477Z,8c7ad635e40539b6dde2f469
deepseek_extension::deepseek-v4-flash::fbr-2.27.0-roadmap::single_shot_v3::rep7,deepseek_extension,fbr-2.27.0-roadmap,fbr,Go,deepseek-v4-flash,single_shot_v3,deepseek_extension::deepseek-v4-flash::fbr-2.27.0-roadmap::single_shot_v3,7,0,0,0,0,0,edit_apply_failed,edit_apply_failed,edit_apply_failed,2026-07-10T08:49:44.429398Z,868198c5476fc983e55b7ade
deepseek_extension::deepseek-v4-flash::fbr-2.27.0-roadmap::staged_v4::rep0,deepseek_extension,fbr-2.27.0-roadmap,fbr,Go,deepseek-v4-flash,staged_v4,deepseek_extension::deepseek-v4-flash::fbr-2.27.0-roadmap::staged_v4,0,0,0,0,0,0,edit_anchor_not_found,edit_anchor_not_found,edit_anchor_not_found,2026-07-10T08:49:06.899366Z,a26e0cfa325660f0ad7d2f33
deepseek_extension::deepseek-v4-flash::fbr-2.27.0-roadmap::staged_v4::rep1,deepseek_extension,fbr-2.27.0-roadmap,fbr,Go,deepseek-v4-flash,staged_v4,deepseek_extension::deepseek-v4-flash::fbr-2.27.0-roadmap::staged_v4,1,0,0,0,0,0,edit_anchor_not_found,edit_anchor_not_found,edit_anchor_not_found,2026-07-10T08:49:28.113895Z,624235c1e405747034e95e13
deepseek_extension::deepseek-v4-flash::fbr-2.27.0-roadmap::staged_v4::rep2,deepseek_extension,fbr-2.27.0-roadmap,fbr,Go,deepseek-v4-flash,staged_v4,deepseek_extension::deepseek-v4-flash::fbr-2.27.0-roadmap::staged_v4,2,1,1,1,1,0,test_failed,,,2026-07-10T09:36:04.797342Z,8c9d7609ff56a772aac07bbf
deepseek_extension::deepseek-v4-flash::fbr-2.27.0-roadmap::staged_v4::rep3,deepseek_extension,fbr-2.27.0-roadmap,fbr,Go,deepseek-v4-flash,staged_v4,deepseek_extension::deepseek-v4-flash::fbr-2.27.0-roadmap::staged_v4,3,0,0,0,0,0,edit_apply_failed,edit_apply_failed,edit_apply_failed,2026-07-10T08:50:33.213730Z,d9199956daef288933e99dc1
deepseek_extension::deepseek-v4-flash::fbr-2.27.0-roadmap::staged_v4::rep4,deepseek_extension,fbr-2.27.0-roadmap,fbr,Go,deepseek-v4-flash,staged_v4,deepseek_extension::deepseek-v4-flash::fbr-2.27.0-roadmap::staged_v4,4,0,0,0,0,0,stage1_plan_failed,stage_state_forbidden_terms,stage1_plan_failed,2026-07-10T08:49:40.459023Z,00c3ad9b3580c4d1a6053a85
deepseek_extension::deepseek-v4-flash::fbr-2.27.0-roadmap::staged_v4::rep5,deepseek_extension,fbr-2.27.0-roadmap,fbr,Go,deepseek-v4-flash,staged_v4,deepseek_extension::deepseek-v4-flash::fbr-2.27.0-roadmap::staged_v4,5,0,0,0,0,0,stage2_contract_failed,stage2_edit_outside_stage_state,stage2_contract_failed,2026-07-10T08:50:44.849915Z,28360cecb89498e18e839777
deepseek_extension::deepseek-v4-flash::fbr-2.27.0-roadmap::staged_v4::rep6,deepseek_extension,fbr-2.27.0-roadmap,fbr,Go,deepseek-v4-flash,staged_v4,deepseek_extension::deepseek-v4-flash::fbr-2.27.0-roadmap::staged_v4,6,0,0,0,0,0,stage2_contract_failed,stage2_edit_outside_stage_state,stage2_contract_failed,2026-07-10T08:50:24.429365Z,fb6ced9e1a6c3cf885d67d4f
deepseek_extension::deepseek-v4-flash::fbr-2.27.0-roadmap::staged_v4::rep7,deepseek_extension,fbr-2.27.0-roadmap,fbr,Go,deepseek-v4-flash,staged_v4,deepseek_extension::deepseek-v4-flash::fbr-2.27.0-roadmap::staged_v4,7,0,0,0,0,0,edit_apply_failed,edit_apply_failed,edit_apply_failed,2026-07-10T08:50:24.132146Z,f848e2123c27a780c388858b
deepseek_extension::deepseek-v4-flash::fyn-2.5.0-roadmap::single_shot_v3::rep0,deepseek_extension,fyn-2.5.0-roadmap,fyn,Go,deepseek-v4-flash,single_shot_v3,deepseek_extension::deepseek-v4-flash::fyn-2.5.0-roadmap::single_shot_v3,0,0,0,0,0,0,edit_json_invalid,edit_json_invalid,edit_json_invalid,2026-07-10T08:51:18.586248Z,9fb67fb3b57d6f3e2d0a1dfb
deepseek_extension::deepseek-v4-flash::fyn-2.5.0-roadmap::single_shot_v3::rep1,deepseek_extension,fyn-2.5.0-roadmap,fyn,Go,deepseek-v4-flash,single_shot_v3,deepseek_extension::deepseek-v4-flash::fyn-2.5.0-roadmap::single_shot_v3,1,0,0,0,0,0,finish_reason_length,edit_json_invalid,finish_reason_length,2026-07-10T08:53:01.299293Z,4b4df4c5def66151216f10e8
deepseek_extension::deepseek-v4-flash::fyn-2.5.0-roadmap::single_shot_v3::rep2,deepseek_extension,fyn-2.5.0-roadmap,fyn,Go,deepseek-v4-flash,single_shot_v3,deepseek_extension::deepseek-v4-flash::fyn-2.5.0-roadmap::single_shot_v3,2,0,0,0,0,0,edit_path_disallowed,edit_path_disallowed,edit_path_disallowed,2026-07-10T08:51:08.725593Z,35edd16654996f8422b322f1
deepseek_extension::deepseek-v4-flash::fyn-2.5.0-roadmap::single_shot_v3::rep3,deepseek_extension,fyn-2.5.0-roadmap,fyn,Go,deepseek-v4-flash,single_shot_v3,deepseek_extension::deepseek-v4-flash::fyn-2.5.0-roadmap::single_shot_v3,3,0,0,0,0,0,edit_path_disallowed,edit_path_disallowed,edit_path_disallowed,2026-07-10T08:51:34.391230Z,443abb55a09eccf81c72ab1f
deepseek_extension::deepseek-v4-flash::fyn-2.5.0-roadmap::single_shot_v3::rep4,deepseek_extension,fyn-2.5.0-roadmap,fyn,Go,deepseek-v4-flash,single_shot_v3,deepseek_extension::deepseek-v4-flash::fyn-2.5.0-roadmap::single_shot_v3,4,0,0,0,0,0,edit_path_disallowed,edit_path_disallowed,edit_path_disallowed,2026-07-10T08:51:24.556109Z,93c20d10fa6d9e9c13d0c805
deepseek_extension::deepseek-v4-flash::fyn-2.5.0-roadmap::single_shot_v3::rep5,deepseek_extension,fyn-2.5.0-roadmap,fyn,Go,deepseek-v4-flash,single_shot_v3,deepseek_extension::deepseek-v4-flash::fyn-2.5.0-roadmap::single_shot_v3,5,0,0,0,0,0,edit_path_disallowed,edit_path_disallowed,edit_path_disallowed,2026-07-10T08:51:33.506083Z,0a19f27620d52757cb693d6d
deepseek_extension::deepseek-v4-flash::fyn-2.5.0-roadmap::single_shot_v3::rep6,deepseek_extension,fyn-2.5.0-roadmap,fyn,Go,deepseek-v4-flash,single_shot_v3,deepseek_extension::deepseek-v4-flash::fyn-2.5.0-roadmap::single_shot_v3,6,0,0,0,0,0,edit_path_disallowed,edit_path_disallowed,edit_path_disallowed,2026-07-10T08:51:36.419178Z,18a5cbc665ea1e960687a055
deepseek_extension::deepseek-v4-flash::fyn-2.5.0-roadmap::single_shot_v3::rep7,deepseek_extension,fyn-2.5.0-roadmap,fyn,Go,deepseek-v4-flash,single_shot_v3,deepseek_extension::deepseek-v4-flash::fyn-2.5.0-roadmap::single_shot_v3,7,0,0,0,0,0,edit_path_disallowed,edit_path_disallowed,edit_path_disallowed,2026-07-10T08:51:17.672638Z,89163767792afd9341299fa4
deepseek_extension::deepseek-v4-flash::fyn-2.5.0-roadmap::staged_v4::rep0,deepseek_extension,fyn-2.5.0-roadmap,fyn,Go,deepseek-v4-flash,staged_v4,deepseek_extension::deepseek-v4-flash::fyn-2.5.0-roadmap::staged_v4,0,0,0,0,0,0,stage1_plan_failed,stage_state_planned_new_files_invalid,stage1_plan_failed,2026-07-10T08:50:48.666836Z,f6506f9c8b1040a01f6ecb8f
deepseek_extension::deepseek-v4-flash::fyn-2.5.0-roadmap::staged_v4::rep1,deepseek_extension,fyn-2.5.0-roadmap,fyn,Go,deepseek-v4-flash,staged_v4,deepseek_extension::deepseek-v4-flash::fyn-2.5.0-roadmap::staged_v4,1,0,0,0,0,0,stage1_plan_failed,stage_state_planned_new_files_invalid,stage1_plan_failed,2026-07-10T08:50:52.699622Z,63a0428f45d8aa1aebd6428e
deepseek_extension::deepseek-v4-flash::fyn-2.5.0-roadmap::staged_v4::rep2,deepseek_extension,fyn-2.5.0-roadmap,fyn,Go,deepseek-v4-flash,staged_v4,deepseek_extension::deepseek-v4-flash::fyn-2.5.0-roadmap::staged_v4,2,0,0,0,0,0,stage1_plan_failed,stage_state_planned_new_files_invalid,stage1_plan_failed,2026-07-10T08:50:56.329050Z,874a89b1247675e405df747f
deepseek_extension::deepseek-v4-flash::fyn-2.5.0-roadmap::staged_v4::rep3,deepseek_extension,fyn-2.5.0-roadmap,fyn,Go,deepseek-v4-flash,staged_v4,deepseek_extension::deepseek-v4-flash::fyn-2.5.0-roadmap::staged_v4,3,0,0,0,0,0,stage1_plan_failed,stage_state_planned_new_files_invalid,stage1_plan_failed,2026-07-10T08:51:00.475841Z,bc7a8115125365e878b9b435
deepseek_extension::deepseek-v4-flash::fyn-2.5.0-roadmap::staged_v4::rep4,deepseek_extension,fyn-2.5.0-roadmap,fyn,Go,deepseek-v4-flash,staged_v4,deepseek_extension::deepseek-v4-flash::fyn-2.5.0-roadmap::staged_v4,4,0,0,0,0,0,stage1_plan_failed,stage_state_too_many_existing_files,stage1_plan_failed,2026-07-10T08:51:06.279470Z,8bc98b58b3c92d2e07ce6caa
deepseek_extension::deepseek-v4-flash::fyn-2.5.0-roadmap::staged_v4::rep5,deepseek_extension,fyn-2.5.0-roadmap,fyn,Go,deepseek-v4-flash,staged_v4,deepseek_extension::deepseek-v4-flash::fyn-2.5.0-roadmap::staged_v4,5,0,0,0,0,0,stage1_plan_failed,stage_state_planned_new_files_invalid,stage1_plan_failed,2026-07-10T08:51:10.440954Z,55c32fd97622793cedb88759
deepseek_extension::deepseek-v4-flash::fyn-2.5.0-roadmap::staged_v4::rep6,deepseek_extension,fyn-2.5.0-roadmap,fyn,Go,deepseek-v4-flash,staged_v4,deepseek_extension::deepseek-v4-flash::fyn-2.5.0-roadmap::staged_v4,6,0,0,0,0,0,stage1_plan_failed,stage_state_planned_new_files_invalid,stage1_plan_failed,2026-07-10T08:51:12.719699Z,ca5a3cd75e148c22da5acdea
deepseek_extension::deepseek-v4-flash::fyn-2.5.0-roadmap::staged_v4::rep7,deepseek_extension,fyn-2.5.0-roadmap,fyn,Go,deepseek-v4-flash,staged_v4,deepseek_extension::deepseek-v4-flash::fyn-2.5.0-roadmap::staged_v4,7,0,0,0,0,0,stage1_plan_failed,stage_state_planned_new_files_invalid,stage1_plan_failed,2026-07-10T08:51:14.422136Z,7a65c26aba8869784c277f56
deepseek_extension::deepseek-v4-flash::glz-5.6.0-roadmap::single_shot_v3::rep0,deepseek_extension,glz-5.6.0-roadmap,glz,C++,deepseek-v4-flash,single_shot_v3,deepseek_extension::deepseek-v4-flash::glz-5.6.0-roadmap::single_shot_v3,0,0,1,1,0,0,test_failed,,,2026-07-10T09:36:45.893684Z,aecc78d629110d59129a418a
deepseek_extension::deepseek-v4-flash::glz-5.6.0-roadmap::single_shot_v3::rep1,deepseek_extension,glz-5.6.0-roadmap,glz,C++,deepseek-v4-flash,single_shot_v3,deepseek_extension::deepseek-v4-flash::glz-5.6.0-roadmap::single_shot_v3,1,0,1,1,0,0,test_failed,,,2026-07-10T09:37:24.681211Z,32ce0f7934e0d147527d21c3
deepseek_extension::deepseek-v4-flash::glz-5.6.0-roadmap::single_shot_v3::rep2,deepseek_extension,glz-5.6.0-roadmap,glz,C++,deepseek-v4-flash,single_shot_v3,deepseek_extension::deepseek-v4-flash::glz-5.6.0-roadmap::single_shot_v3,2,0,0,0,0,0,edit_apply_failed,edit_apply_failed,edit_apply_failed,2026-07-10T08:52:08.186952Z,8610d3b0f47f49c64f79078c
deepseek_extension::deepseek-v4-flash::glz-5.6.0-roadmap::single_shot_v3::rep3,deepseek_extension,glz-5.6.0-roadmap,glz,C++,deepseek-v4-flash,single_shot_v3,deepseek_extension::deepseek-v4-flash::glz-5.6.0-roadmap::single_shot_v3,3,0,0,0,0,0,edit_apply_failed,edit_apply_failed,edit_apply_failed,2026-07-10T08:51:51.798944Z,e0f81d4707999d5a745131e5
deepseek_extension::deepseek-v4-flash::glz-5.6.0-roadmap::single_shot_v3::rep4,deepseek_extension,glz-5.6.0-roadmap,glz,C++,deepseek-v4-flash,single_shot_v3,deepseek_extension::deepseek-v4-flash::glz-5.6.0-roadmap::single_shot_v3,4,0,1,1,0,0,test_failed,,,2026-07-10T09:38:04.955264Z,d253597c0fe002dcfd39e16a
deepseek_extension::deepseek-v4-flash::glz-5.6.0-roadmap::single_shot_v3::rep5,deepseek_extension,glz-5.6.0-roadmap,glz,C++,deepseek-v4-flash,single_shot_v3,deepseek_extension::deepseek-v4-flash::glz-5.6.0-roadmap::single_shot_v3,5,0,1,1,0,0,test_failed,,,2026-07-10T09:38:45.495395Z,31daede116ffb5977b2c8856
deepseek_extension::deepseek-v4-flash::glz-5.6.0-roadmap::single_shot_v3::rep6,deepseek_extension,glz-5.6.0-roadmap,glz,C++,deepseek-v4-flash,single_shot_v3,deepseek_extension::deepseek-v4-flash::glz-5.6.0-roadmap::single_shot_v3,6,0,1,1,0,0,test_failed,,,2026-07-10T09:39:25.064034Z,28b4e643b36221ddf2df905e
deepseek_extension::deepseek-v4-flash::glz-5.6.0-roadmap::single_shot_v3::rep7,deepseek_extension,glz-5.6.0-roadmap,glz,C++,deepseek-v4-flash,single_shot_v3,deepseek_extension::deepseek-v4-flash::glz-5.6.0-roadmap::single_shot_v3,7,0,1,1,0,0,test_failed,,,2026-07-10T09:39:50.298707Z,70c7350f909b50cc049fb976
deepseek_extension::deepseek-v4-flash::glz-5.6.0-roadmap::staged_v4::rep0,deepseek_extension,glz-5.6.0-roadmap,glz,C++,deepseek-v4-flash,staged_v4,deepseek_extension::deepseek-v4-flash::glz-5.6.0-roadmap::staged_v4,0,0,0,0,0,0,stage1_plan_failed,stage_state_forbidden_terms,stage1_plan_failed,2026-07-10T08:51:40.990234Z,ba1d6fa2bc4cd8efd37ace99
deepseek_extension::deepseek-v4-flash::glz-5.6.0-roadmap::staged_v4::rep1,deepseek_extension,glz-5.6.0-roadmap,glz,C++,deepseek-v4-flash,staged_v4,deepseek_extension::deepseek-v4-flash::glz-5.6.0-roadmap::staged_v4,1,0,0,0,0,0,stage1_plan_failed,stage_state_forbidden_terms,stage1_plan_failed,2026-07-10T08:51:45.064545Z,a04627405c076cc6b3e6b53c
deepseek_extension::deepseek-v4-flash::glz-5.6.0-roadmap::staged_v4::rep2,deepseek_extension,glz-5.6.0-roadmap,glz,C++,deepseek-v4-flash,staged_v4,deepseek_extension::deepseek-v4-flash::glz-5.6.0-roadmap::staged_v4,2,0,0,0,0,0,stage1_plan_failed,stage_state_forbidden_terms,stage1_plan_failed,2026-07-10T08:51:44.965930Z,b2717ff36607daec3095edc8
deepseek_extension::deepseek-v4-flash::glz-5.6.0-roadmap::staged_v4::rep3,deepseek_extension,glz-5.6.0-roadmap,glz,C++,deepseek-v4-flash,staged_v4,deepseek_extension::deepseek-v4-flash::glz-5.6.0-roadmap::staged_v4,3,0,0,0,0,0,stage1_plan_failed,stage_state_forbidden_terms,stage1_plan_failed,2026-07-10T08:51:48.965585Z,273d64c28adac49ae1d43e3a
deepseek_extension::deepseek-v4-flash::glz-5.6.0-roadmap::staged_v4::rep4,deepseek_extension,glz-5.6.0-roadmap,glz,C++,deepseek-v4-flash,staged_v4,deepseek_extension::deepseek-v4-flash::glz-5.6.0-roadmap::staged_v4,4,0,0,0,0,0,stage1_plan_failed,stage_state_forbidden_terms,stage1_plan_failed,2026-07-10T08:51:49.264836Z,715fbea0d7a33f5872fadbbd
deepseek_extension::deepseek-v4-flash::glz-5.6.0-roadmap::staged_v4::rep5,deepseek_extension,glz-5.6.0-roadmap,glz,C++,deepseek-v4-flash,staged_v4,deepseek_extension::deepseek-v4-flash::glz-5.6.0-roadmap::staged_v4,5,0,0,0,0,0,stage1_plan_failed,stage_state_forbidden_terms,stage1_plan_failed,2026-07-10T08:51:53.451505Z,cebd4c1b6b1c08b5caef232c
deepseek_extension::deepseek-v4-flash::glz-5.6.0-roadmap::staged_v4::rep6,deepseek_extension,glz-5.6.0-roadmap,glz,C++,deepseek-v4-flash,staged_v4,deepseek_extension::deepseek-v4-flash::glz-5.6.0-roadmap::staged_v4,6,0,0,0,0,0,stage1_plan_failed,stage_state_forbidden_terms,stage1_plan_failed,2026-07-10T08:51:53.648547Z,70cf79e594f4cb6e4c23e001
deepseek_extension::deepseek-v4-flash::glz-5.6.0-roadmap::staged_v4::rep7,deepseek_extension,glz-5.6.0-roadmap,glz,C++,deepseek-v4-flash,staged_v4,deepseek_extension::deepseek-v4-flash::glz-5.6.0-roadmap::staged_v4,7,0,0,0,0,0,stage2_contract_failed,stage2_edit_outside_stage_state,stage2_contract_failed,2026-07-10T08:53:19.575911Z,ca839d42f56d83ef766e18ea
deepseek_extension::deepseek-v4-flash::glz-6.1.0-roadmap::single_shot_v3::rep0,deepseek_extension,glz-6.1.0-roadmap,glz,C++,deepseek-v4-flash,single_shot_v3,deepseek_extension::deepseek-v4-flash::glz-6.1.0-roadmap::single_shot_v3,0,0,0,0,0,0,edit_apply_failed,edit_apply_failed,edit_apply_failed,2026-07-10T08:53:18.403842Z,fc8dc8cfa29246a12b922041
deepseek_extension::deepseek-v4-flash::glz-6.1.0-roadmap::single_shot_v3::rep1,deepseek_extension,glz-6.1.0-roadmap,glz,C++,deepseek-v4-flash,single_shot_v3,deepseek_extension::deepseek-v4-flash::glz-6.1.0-roadmap::single_shot_v3,1,0,0,0,0,0,edit_apply_failed,edit_apply_failed,edit_apply_failed,2026-07-10T08:52:22.430474Z,ed858ed431316f7b34199f5e
deepseek_extension::deepseek-v4-flash::glz-6.1.0-roadmap::single_shot_v3::rep2,deepseek_extension,glz-6.1.0-roadmap,glz,C++,deepseek-v4-flash,single_shot_v3,deepseek_extension::deepseek-v4-flash::glz-6.1.0-roadmap::single_shot_v3,2,0,0,0,0,0,finish_reason_length,edit_json_invalid,finish_reason_length,2026-07-10T08:55:20.695896Z,ad1919a7714e52a8be57da35
deepseek_extension::deepseek-v4-flash::glz-6.1.0-roadmap::single_shot_v3::rep3,deepseek_extension,glz-6.1.0-roadmap,glz,C++,deepseek-v4-flash,single_shot_v3,deepseek_extension::deepseek-v4-flash::glz-6.1.0-roadmap::single_shot_v3,3,0,0,0,0,0,finish_reason_length,edit_json_invalid,finish_reason_length,2026-07-10T08:55:37.204660Z,d326245fabd556ef0c6329e5
deepseek_extension::deepseek-v4-flash::glz-6.1.0-roadmap::single_shot_v3::rep4,deepseek_extension,glz-6.1.0-roadmap,glz,C++,deepseek-v4-flash,single_shot_v3,deepseek_extension::deepseek-v4-flash::glz-6.1.0-roadmap::single_shot_v3,4,0,0,0,0,0,finish_reason_length,edit_json_invalid,finish_reason_length,2026-07-10T08:55:39.236475Z,f38afc47ffc172537a01d3c4
deepseek_extension::deepseek-v4-flash::glz-6.1.0-roadmap::single_shot_v3::rep5,deepseek_extension,glz-6.1.0-roadmap,glz,C++,deepseek-v4-flash,single_shot_v3,deepseek_extension::deepseek-v4-flash::glz-6.1.0-roadmap::single_shot_v3,5,0,0,0,0,0,edit_apply_failed,edit_apply_failed,edit_apply_failed,2026-07-10T08:52:24.127105Z,b75f89897bc0e52049e5c9ce
deepseek_extension::deepseek-v4-flash::glz-6.1.0-roadmap::single_shot_v3::rep6,deepseek_extension,glz-6.1.0-roadmap,glz,C++,deepseek-v4-flash,single_shot_v3,deepseek_extension::deepseek-v4-flash::glz-6.1.0-roadmap::single_shot_v3,6,0,0,0,0,0,finish_reason_length,edit_json_invalid,finish_reason_length,2026-07-10T08:55:43.825961Z,0fc3274c0d123973838d68e6
deepseek_extension::deepseek-v4-flash::glz-6.1.0-roadmap::single_shot_v3::rep7,deepseek_extension,glz-6.1.0-roadmap,glz,C++,deepseek-v4-flash,single_shot_v3,deepseek_extension::deepseek-v4-flash::glz-6.1.0-roadmap::single_shot_v3,7,0,0,0,0,0,edit_apply_failed,edit_apply_failed,edit_apply_failed,2026-07-10T08:53:46.432277Z,07cd889d2ce36887b770f6df
deepseek_extension::deepseek-v4-flash::glz-6.1.0-roadmap::staged_v4::rep0,deepseek_extension,glz-6.1.0-roadmap,glz,C++,deepseek-v4-flash,staged_v4,deepseek_extension::deepseek-v4-flash::glz-6.1.0-roadmap::staged_v4,0,0,0,0,0,0,stage2_contract_failed,candidate_edit_ops_invalid,stage2_contract_failed,2026-07-10T08:56:27.229106Z,ecad4893f733cb6d17cc0de2
deepseek_extension::deepseek-v4-flash::glz-6.1.0-roadmap::staged_v4::rep1,deepseek_extension,glz-6.1.0-roadmap,glz,C++,deepseek-v4-flash,staged_v4,deepseek_extension::deepseek-v4-flash::glz-6.1.0-roadmap::staged_v4,1,0,0,0,0,0,stage2_contract_failed,stage2_edit_outside_stage_state,stage2_contract_failed,2026-07-10T08:53:24.429471Z,29045405009316569fc797ec
deepseek_extension::deepseek-v4-flash::glz-6.1.0-roadmap::staged_v4::rep2,deepseek_extension,glz-6.1.0-roadmap,glz,C++,deepseek-v4-flash,staged_v4,deepseek_extension::deepseek-v4-flash::glz-6.1.0-roadmap::staged_v4,2,0,0,0,0,0,stage1_plan_failed,stage_state_planned_new_files_invalid,stage1_plan_failed,2026-07-10T08:53:05.386062Z,6ebb8f84aa19fab12c38bd24
deepseek_extension::deepseek-v4-flash::glz-6.1.0-roadmap::staged_v4::rep3,deepseek_extension,glz-6.1.0-roadmap,glz,C++,deepseek-v4-flash,staged_v4,deepseek_extension::deepseek-v4-flash::glz-6.1.0-roadmap::staged_v4,3,0,0,0,0,0,stage2_contract_failed,stage2_edit_outside_stage_state,stage2_contract_failed,2026-07-10T08:55:13.610224Z,16e2f1535b8f71c8e92c80f6
deepseek_extension::deepseek-v4-flash::glz-6.1.0-roadmap::staged_v4::rep4,deepseek_extension,glz-6.1.0-roadmap,glz,C++,deepseek-v4-flash,staged_v4,deepseek_extension::deepseek-v4-flash::glz-6.1.0-roadmap::staged_v4,4,0,0,0,0,0,stage2_contract_failed,stage2_edit_outside_stage_state,stage2_contract_failed,2026-07-10T08:54:37.668896Z,3cae60b1376ed7d3fecd723b
deepseek_extension::deepseek-v4-flash::glz-6.1.0-roadmap::staged_v4::rep5,deepseek_extension,glz-6.1.0-roadmap,glz,C++,deepseek-v4-flash,staged_v4,deepseek_extension::deepseek-v4-flash::glz-6.1.0-roadmap::staged_v4,5,0,0,0,0,0,stage1_plan_failed,stage_state_planned_new_files_invalid,stage1_plan_failed,2026-07-10T08:53:23.676160Z,b642046018e10946c0477503
deepseek_extension::deepseek-v4-flash::glz-6.1.0-roadmap::staged_v4::rep6,deepseek_extension,glz-6.1.0-roadmap,glz,C++,deepseek-v4-flash,staged_v4,deepseek_extension::deepseek-v4-flash::glz-6.1.0-roadmap::staged_v4,6,0,0,0,0,0,stage2_contract_failed,stage2_edit_outside_stage_state,stage2_contract_failed,2026-07-10T08:57:18.442271Z,9fcb0a23c2bfba0bdecd3081
deepseek_extension::deepseek-v4-flash::glz-6.1.0-roadmap::staged_v4::rep7,deepseek_extension,glz-6.1.0-roadmap,glz,C++,deepseek-v4-flash,staged_v4,deepseek_extension::deepseek-v4-flash::glz-6.1.0-roadmap::staged_v4,7,0,0,0,0,0,stage1_plan_failed,stage_state_planned_new_files_invalid,stage1_plan_failed,2026-07-10T08:53:29.054818Z,8566101f7fee9380cd031099
deepseek_extension::deepseek-v4-flash::glz-6.2.0-roadmap::single_shot_v3::rep0,deepseek_extension,glz-6.2.0-roadmap,glz,C++,deepseek-v4-flash,single_shot_v3,deepseek_extension::deepseek-v4-flash::glz-6.2.0-roadmap::single_shot_v3,0,0,0,0,0,0,edit_apply_failed,edit_apply_failed,edit_apply_failed,2026-07-10T08:55:21.578320Z,35ce7fae9f4554781b449705
deepseek_extension::deepseek-v4-flash::glz-6.2.0-roadmap::single_shot_v3::rep1,deepseek_extension,glz-6.2.0-roadmap,glz,C++,deepseek-v4-flash,single_shot_v3,deepseek_extension::deepseek-v4-flash::glz-6.2.0-roadmap::single_shot_v3,1,1,1,1,1,0,test_failed,,,2026-07-10T09:40:27.624700Z,e8fc9545df795e647d8221b9
deepseek_extension::deepseek-v4-flash::glz-6.2.0-roadmap::single_shot_v3::rep2,deepseek_extension,glz-6.2.0-roadmap,glz,C++,deepseek-v4-flash,single_shot_v3,deepseek_extension::deepseek-v4-flash::glz-6.2.0-roadmap::single_shot_v3,2,1,1,1,1,0,test_failed,,,2026-07-10T09:40:59.822490Z,79327d46c75ea7a75a22b90a
deepseek_extension::deepseek-v4-flash::glz-6.2.0-roadmap::single_shot_v3::rep3,deepseek_extension,glz-6.2.0-roadmap,glz,C++,deepseek-v4-flash,single_shot_v3,deepseek_extension::deepseek-v4-flash::glz-6.2.0-roadmap::single_shot_v3,3,0,0,0,0,0,edit_json_invalid,edit_json_invalid,edit_json_invalid,2026-07-10T08:56:04.229121Z,f0f1750bc57fdf50785da4e3
deepseek_extension::deepseek-v4-flash::glz-6.2.0-roadmap::single_shot_v3::rep4,deepseek_extension,glz-6.2.0-roadmap,glz,C++,deepseek-v4-flash,single_shot_v3,deepseek_extension::deepseek-v4-flash::glz-6.2.0-roadmap::single_shot_v3,4,0,0,0,0,0,edit_apply_failed,edit_apply_failed,edit_apply_failed,2026-07-10T08:56:15.897396Z,81e8fd2a189d7934943f4eb3
deepseek_extension::deepseek-v4-flash::glz-6.2.0-roadmap::single_shot_v3::rep5,deepseek_extension,glz-6.2.0-roadmap,glz,C++,deepseek-v4-flash,single_shot_v3,deepseek_extension::deepseek-v4-flash::glz-6.2.0-roadmap::single_shot_v3,5,0,0,0,0,0,edit_apply_failed,edit_apply_failed,edit_apply_failed,2026-07-10T08:56:20.496321Z,e1a55036ba9618a08d8af642
deepseek_extension::deepseek-v4-flash::glz-6.2.0-roadmap::single_shot_v3::rep6,deepseek_extension,glz-6.2.0-roadmap,glz,C++,deepseek-v4-flash,single_shot_v3,deepseek_extension::deepseek-v4-flash::glz-6.2.0-roadmap::single_shot_v3,6,0,0,0,0,0,edit_apply_failed,edit_apply_failed,edit_apply_failed,2026-07-10T08:56:59.560872Z,3ade22450653ae11cca8c49f
deepseek_extension::deepseek-v4-flash::glz-6.2.0-roadmap::single_shot_v3::rep7,deepseek_extension,glz-6.2.0-roadmap,glz,C++,deepseek-v4-flash,single_shot_v3,deepseek_extension::deepseek-v4-flash::glz-6.2.0-roadmap::single_shot_v3,7,0,0,0,0,0,edit_apply_failed,edit_apply_failed,edit_apply_failed,2026-07-10T08:57:26.466922Z,4ffade6053e8f62e44e3ae49
deepseek_extension::deepseek-v4-flash::glz-6.2.0-roadmap::staged_v4::rep0,deepseek_extension,glz-6.2.0-roadmap,glz,C++,deepseek-v4-flash,staged_v4,deepseek_extension::deepseek-v4-flash::glz-6.2.0-roadmap::staged_v4,0,0,0,0,0,0,stage1_plan_failed,stage_state_forbidden_terms,stage1_plan_failed,2026-07-10T08:55:42.660181Z,b4b8f335051015499efae344
deepseek_extension::deepseek-v4-flash::glz-6.2.0-roadmap::staged_v4::rep1,deepseek_extension,glz-6.2.0-roadmap,glz,C++,deepseek-v4-flash,staged_v4,deepseek_extension::deepseek-v4-flash::glz-6.2.0-roadmap::staged_v4,1,1,1,1,1,0,test_failed,,,2026-07-10T09:41:33.805566Z,e5de5c2a111d4ec0a3ed49da
deepseek_extension::deepseek-v4-flash::glz-6.2.0-roadmap::staged_v4::rep2,deepseek_extension,glz-6.2.0-roadmap,glz,C++,deepseek-v4-flash,staged_v4,deepseek_extension::deepseek-v4-flash::glz-6.2.0-roadmap::staged_v4,2,0,0,0,0,0,stage1_plan_failed,stage_state_forbidden_terms,stage1_plan_failed,2026-07-10T08:55:47.858210Z,cb639766e133f23af72af97d
deepseek_extension::deepseek-v4-flash::glz-6.2.0-roadmap::staged_v4::rep3,deepseek_extension,glz-6.2.0-roadmap,glz,C++,deepseek-v4-flash,staged_v4,deepseek_extension::deepseek-v4-flash::glz-6.2.0-roadmap::staged_v4,3,1,1,1,1,0,test_failed,,,2026-07-10T09:42:10.424571Z,5240f986f149c5aa321723d3
deepseek_extension::deepseek-v4-flash::glz-6.2.0-roadmap::staged_v4::rep4,deepseek_extension,glz-6.2.0-roadmap,glz,C++,deepseek-v4-flash,staged_v4,deepseek_extension::deepseek-v4-flash::glz-6.2.0-roadmap::staged_v4,4,0,0,0,0,0,stage1_plan_failed,stage_state_forbidden_terms,stage1_plan_failed,2026-07-10T08:56:26.679438Z,1a80e59ccf27e35586262c9e
deepseek_extension::deepseek-v4-flash::glz-6.2.0-roadmap::staged_v4::rep5,deepseek_extension,glz-6.2.0-roadmap,glz,C++,deepseek-v4-flash,staged_v4,deepseek_extension::deepseek-v4-flash::glz-6.2.0-roadmap::staged_v4,5,0,0,0,0,0,stage2_contract_failed,stage2_edit_outside_stage_state,stage2_contract_failed,2026-07-10T08:56:29.331153Z,21f0bb0bcac4fef35d3563b0
deepseek_extension::deepseek-v4-flash::glz-6.2.0-roadmap::staged_v4::rep6,deepseek_extension,glz-6.2.0-roadmap,glz,C++,deepseek-v4-flash,staged_v4,deepseek_extension::deepseek-v4-flash::glz-6.2.0-roadmap::staged_v4,6,1,1,1,1,0,test_failed,,,2026-07-10T09:42:43.976255Z,5987af57a97160652e3417ec
deepseek_extension::deepseek-v4-flash::glz-6.2.0-roadmap::staged_v4::rep7,deepseek_extension,glz-6.2.0-roadmap,glz,C++,deepseek-v4-flash,staged_v4,deepseek_extension::deepseek-v4-flash::glz-6.2.0-roadmap::staged_v4,7,0,0,0,0,0,stage1_plan_failed,stage_state_forbidden_terms,stage1_plan_failed,2026-07-10T08:56:23.609623Z,f9c4155513e24e050a082eb1
deepseek_extension::deepseek-v4-flash::glz-7.0.1-roadmap::single_shot_v3::rep0,deepseek_extension,glz-7.0.1-roadmap,glz,C++,deepseek-v4-flash,single_shot_v3,deepseek_extension::deepseek-v4-flash::glz-7.0.1-roadmap::single_shot_v3,0,0,0,0,0,0,edit_apply_failed,edit_apply_failed,edit_apply_failed,2026-07-10T08:56:46.462314Z,1085c15943f7591385918706
deepseek_extension::deepseek-v4-flash::glz-7.0.1-roadmap::single_shot_v3::rep1,deepseek_extension,glz-7.0.1-roadmap,glz,C++,deepseek-v4-flash,single_shot_v3,deepseek_extension::deepseek-v4-flash::glz-7.0.1-roadmap::single_shot_v3,1,0,0,0,0,0,edit_apply_failed,edit_apply_failed,edit_apply_failed,2026-07-10T08:56:48.527717Z,2d3c63ec9e61e9dc21997559
deepseek_extension::deepseek-v4-flash::glz-7.0.1-roadmap::single_shot_v3::rep2,deepseek_extension,glz-7.0.1-roadmap,glz,C++,deepseek-v4-flash,single_shot_v3,deepseek_extension::deepseek-v4-flash::glz-7.0.1-roadmap::single_shot_v3,2,1,1,1,1,0,test_failed,,,2026-07-10T09:43:01.424617Z,b8258d490ed2273359caf623
deepseek_extension::deepseek-v4-flash::glz-7.0.1-roadmap::single_shot_v3::rep3,deepseek_extension,glz-7.0.1-roadmap,glz,C++,deepseek-v4-flash,single_shot_v3,deepseek_extension::deepseek-v4-flash::glz-7.0.1-roadmap::single_shot_v3,3,0,0,0,0,0,edit_apply_failed,edit_apply_failed,edit_apply_failed,2026-07-10T08:56:51.401408Z,fba19c78f3c4623477377cd2
deepseek_extension::deepseek-v4-flash::glz-7.0.1-roadmap::single_shot_v3::rep4,deepseek_extension,glz-7.0.1-roadmap,glz,C++,deepseek-v4-flash,single_shot_v3,deepseek_extension::deepseek-v4-flash::glz-7.0.1-roadmap::single_shot_v3,4,1,1,1,1,0,test_failed,,,2026-07-10T09:43:18.921416Z,164244d9fcb76d5e478ccffb
deepseek_extension::deepseek-v4-flash::glz-7.0.1-roadmap::single_shot_v3::rep5,deepseek_extension,glz-7.0.1-roadmap,glz,C++,deepseek-v4-flash,single_shot_v3,deepseek_extension::deepseek-v4-flash::glz-7.0.1-roadmap::single_shot_v3,5,1,1,1,1,0,test_failed,,,2026-07-10T09:43:36.534433Z,616acecd1300eeac91b5155b
deepseek_extension::deepseek-v4-flash::glz-7.0.1-roadmap::single_shot_v3::rep6,deepseek_extension,glz-7.0.1-roadmap,glz,C++,deepseek-v4-flash,single_shot_v3,deepseek_extension::deepseek-v4-flash::glz-7.0.1-roadmap::single_shot_v3,6,1,1,1,1,0,test_failed,,,2026-07-10T09:43:54.243563Z,0ab562d5fb0b1d139e2d330f
deepseek_extension::deepseek-v4-flash::glz-7.0.1-roadmap::single_shot_v3::rep7,deepseek_extension,glz-7.0.1-roadmap,glz,C++,deepseek-v4-flash,single_shot_v3,deepseek_extension::deepseek-v4-flash::glz-7.0.1-roadmap::single_shot_v3,7,0,0,0,0,0,edit_apply_failed,edit_apply_failed,edit_apply_failed,2026-07-10T08:57:04.714191Z,8fb98b077fdf97d9924e2340
deepseek_extension::deepseek-v4-flash::glz-7.0.1-roadmap::staged_v4::rep0,deepseek_extension,glz-7.0.1-roadmap,glz,C++,deepseek-v4-flash,staged_v4,deepseek_extension::deepseek-v4-flash::glz-7.0.1-roadmap::staged_v4,0,1,1,1,1,0,test_failed,,,2026-07-10T09:44:11.688685Z,dd11c3754b68d6d962229096
deepseek_extension::deepseek-v4-flash::glz-7.0.1-roadmap::staged_v4::rep1,deepseek_extension,glz-7.0.1-roadmap,glz,C++,deepseek-v4-flash,staged_v4,deepseek_extension::deepseek-v4-flash::glz-7.0.1-roadmap::staged_v4,1,1,1,1,1,0,test_failed,,,2026-07-10T09:44:29.444079Z,c99716ecf543af3a7d1db6d3
deepseek_extension::deepseek-v4-flash::glz-7.0.1-roadmap::staged_v4::rep2,deepseek_extension,glz-7.0.1-roadmap,glz,C++,deepseek-v4-flash,staged_v4,deepseek_extension::deepseek-v4-flash::glz-7.0.1-roadmap::staged_v4,2,1,1,1,1,0,test_failed,,,2026-07-10T09:44:47.195173Z,3e9d9bed75d918304dc542bd
deepseek_extension::deepseek-v4-flash::glz-7.0.1-roadmap::staged_v4::rep3,deepseek_extension,glz-7.0.1-roadmap,glz,C++,deepseek-v4-flash,staged_v4,deepseek_extension::deepseek-v4-flash::glz-7.0.1-roadmap::staged_v4,3,1,1,1,1,0,test_failed,,,2026-07-10T09:45:05.133119Z,91aeca1619358d0070e048e9
deepseek_extension::deepseek-v4-flash::glz-7.0.1-roadmap::staged_v4::rep4,deepseek_extension,glz-7.0.1-roadmap,glz,C++,deepseek-v4-flash,staged_v4,deepseek_extension::deepseek-v4-flash::glz-7.0.1-roadmap::staged_v4,4,0,0,0,0,0,stage2_contract_failed,stage2_edit_outside_stage_state,stage2_contract_failed,2026-07-10T08:57:36.856270Z,b95479499a765bba8297f5dd
deepseek_extension::deepseek-v4-flash::glz-7.0.1-roadmap::staged_v4::rep5,deepseek_extension,glz-7.0.1-roadmap,glz,C++,deepseek-v4-flash,staged_v4,deepseek_extension::deepseek-v4-flash::glz-7.0.1-roadmap::staged_v4,5,1,1,1,1,0,test_failed,,,2026-07-10T09:45:22.586482Z,9b4027b3a8bfb6848611eab0
deepseek_extension::deepseek-v4-flash::glz-7.0.1-roadmap::staged_v4::rep6,deepseek_extension,glz-7.0.1-roadmap,glz,C++,deepseek-v4-flash,staged_v4,deepseek_extension::deepseek-v4-flash::glz-7.0.1-roadmap::staged_v4,6,1,1,1,1,0,test_failed,,,2026-07-10T09:45:40.533998Z,518743266ff853322599204b
deepseek_extension::deepseek-v4-flash::glz-7.0.1-roadmap::staged_v4::rep7,deepseek_extension,glz-7.0.1-roadmap,glz,C++,deepseek-v4-flash,staged_v4,deepseek_extension::deepseek-v4-flash::glz-7.0.1-roadmap::staged_v4,7,1,1,1,1,0,test_failed,,,2026-07-10T09:45:57.090581Z,7319c816e08206ad52acde85
deepseek_extension::deepseek-v4-flash::ktx-0.12.0-roadmap::single_shot_v3::rep0,deepseek_extension,ktx-0.12.0-roadmap,ktx,Go,deepseek-v4-flash,single_shot_v3,deepseek_extension::deepseek-v4-flash::ktx-0.12.0-roadmap::single_shot_v3,0,0,1,1,0,0,test_failed,,,2026-07-10T09:45:57.878490Z,4cbd97ee217ce7de95564826
deepseek_extension::deepseek-v4-flash::ktx-0.12.0-roadmap::single_shot_v3::rep1,deepseek_extension,ktx-0.12.0-roadmap,ktx,Go,deepseek-v4-flash,single_shot_v3,deepseek_extension::deepseek-v4-flash::ktx-0.12.0-roadmap::single_shot_v3,1,0,1,1,0,0,test_failed,,,2026-07-10T09:45:58.610494Z,8459b4b20bed10b1d54dc120
deepseek_extension::deepseek-v4-flash::ktx-0.12.0-roadmap::single_shot_v3::rep2,deepseek_extension,ktx-0.12.0-roadmap,ktx,Go,deepseek-v4-flash,single_shot_v3,deepseek_extension::deepseek-v4-flash::ktx-0.12.0-roadmap::single_shot_v3,2,0,1,1,0,0,test_failed,,,2026-07-10T09:45:59.348557Z,e05e1c6071c370d4a372ad03
deepseek_extension::deepseek-v4-flash::ktx-0.12.0-roadmap::single_shot_v3::rep3,deepseek_extension,ktx-0.12.0-roadmap,ktx,Go,deepseek-v4-flash,single_shot_v3,deepseek_extension::deepseek-v4-flash::ktx-0.12.0-roadmap::single_shot_v3,3,0,1,1,0,0,test_failed,,,2026-07-10T09:46:00.074578Z,fad33027e3ed20783b9603d4
deepseek_extension::deepseek-v4-flash::ktx-0.12.0-roadmap::single_shot_v3::rep4,deepseek_extension,ktx-0.12.0-roadmap,ktx,Go,deepseek-v4-flash,single_shot_v3,deepseek_extension::deepseek-v4-flash::ktx-0.12.0-roadmap::single_shot_v3,4,0,1,1,0,0,test_failed,,,2026-07-10T09:46:00.812565Z,28efd054b9e6cfb7c287ccde
deepseek_extension::deepseek-v4-flash::ktx-0.12.0-roadmap::single_shot_v3::rep5,deepseek_extension,ktx-0.12.0-roadmap,ktx,Go,deepseek-v4-flash,single_shot_v3,deepseek_extension::deepseek-v4-flash::ktx-0.12.0-roadmap::single_shot_v3,5,0,1,1,0,0,test_failed,,,2026-07-10T09:46:01.541549Z,fddba14c8d62e803547488e8
deepseek_extension::deepseek-v4-flash::ktx-0.12.0-roadmap::single_shot_v3::rep6,deepseek_extension,ktx-0.12.0-roadmap,ktx,Go,deepseek-v4-flash,single_shot_v3,deepseek_extension::deepseek-v4-flash::ktx-0.12.0-roadmap::single_shot_v3,6,0,1,1,0,0,test_failed,,,2026-07-10T09:46:02.281446Z,1509aa79d1773e99b03b9e3c
deepseek_extension::deepseek-v4-flash::ktx-0.12.0-roadmap::single_shot_v3::rep7,deepseek_extension,ktx-0.12.0-roadmap,ktx,Go,deepseek-v4-flash,single_shot_v3,deepseek_extension::deepseek-v4-flash::ktx-0.12.0-roadmap::single_shot_v3,7,0,1,1,0,0,test_failed,,,2026-07-10T09:46:02.999938Z,c07bb09a39bd3286157e28d3
deepseek_extension::deepseek-v4-flash::ktx-0.12.0-roadmap::staged_v4::rep0,deepseek_extension,ktx-0.12.0-roadmap,ktx,Go,deepseek-v4-flash,staged_v4,deepseek_extension::deepseek-v4-flash::ktx-0.12.0-roadmap::staged_v4,0,0,0,0,0,0,stage2_contract_failed,stage2_too_many_edit_ops,stage2_contract_failed,2026-07-10T08:59:55.402820Z,3ae0164844fba5968bd2516b
deepseek_extension::deepseek-v4-flash::ktx-0.12.0-roadmap::staged_v4::rep1,deepseek_extension,ktx-0.12.0-roadmap,ktx,Go,deepseek-v4-flash,staged_v4,deepseek_extension::deepseek-v4-flash::ktx-0.12.0-roadmap::staged_v4,1,1,1,1,1,0,test_failed,,,2026-07-10T09:46:03.719134Z,df55036c3b832e625534be34
deepseek_extension::deepseek-v4-flash::ktx-0.12.0-roadmap::staged_v4::rep2,deepseek_extension,ktx-0.12.0-roadmap,ktx,Go,deepseek-v4-flash,staged_v4,deepseek_extension::deepseek-v4-flash::ktx-0.12.0-roadmap::staged_v4,2,0,0,0,0,0,stage2_contract_failed,stage2_too_many_edit_ops,stage2_contract_failed,2026-07-10T09:01:33.486610Z,e060238e913569907152b02c
deepseek_extension::deepseek-v4-flash::ktx-0.12.0-roadmap::staged_v4::rep3,deepseek_extension,ktx-0.12.0-roadmap,ktx,Go,deepseek-v4-flash,staged_v4,deepseek_extension::deepseek-v4-flash::ktx-0.12.0-roadmap::staged_v4,3,0,0,0,0,0,stage2_contract_failed,stage2_too_many_edit_ops,stage2_contract_failed,2026-07-10T08:59:27.840928Z,0a359e281d5a13578376da50
deepseek_extension::deepseek-v4-flash::ktx-0.12.0-roadmap::staged_v4::rep4,deepseek_extension,ktx-0.12.0-roadmap,ktx,Go,deepseek-v4-flash,staged_v4,deepseek_extension::deepseek-v4-flash::ktx-0.12.0-roadmap::staged_v4,4,0,0,0,0,0,stage2_contract_failed,stage2_too_many_edit_ops,stage2_contract_failed,2026-07-10T09:00:25.816593Z,b950289938192513f5fc1de4
deepseek_extension::deepseek-v4-flash::ktx-0.12.0-roadmap::staged_v4::rep5,deepseek_extension,ktx-0.12.0-roadmap,ktx,Go,deepseek-v4-flash,staged_v4,deepseek_extension::deepseek-v4-flash::ktx-0.12.0-roadmap::staged_v4,5,0,0,0,0,0,stage2_contract_failed,stage2_too_many_edit_ops,stage2_contract_failed,2026-07-10T09:01:56.100882Z,6178a0c750e28dc24c66994b
deepseek_extension::deepseek-v4-flash::ktx-0.12.0-roadmap::staged_v4::rep6,deepseek_extension,ktx-0.12.0-roadmap,ktx,Go,deepseek-v4-flash,staged_v4,deepseek_extension::deepseek-v4-flash::ktx-0.12.0-roadmap::staged_v4,6,0,0,0,0,0,stage2_contract_failed,stage2_too_many_edit_ops,stage2_contract_failed,2026-07-10T09:01:34.539348Z,24139515a4353f42fd727a56
deepseek_extension::deepseek-v4-flash::ktx-0.12.0-roadmap::staged_v4::rep7,deepseek_extension,ktx-0.12.0-roadmap,ktx,Go,deepseek-v4-flash,staged_v4,deepseek_extension::deepseek-v4-flash::ktx-0.12.0-roadmap::staged_v4,7,1,1,1,1,0,test_failed,,,2026-07-10T09:46:04.406585Z,24bde6ab641005f53054a749
deepseek_extension::deepseek-v4-flash::ktx-0.13.0-roadmap::single_shot_v3::rep0,deepseek_extension,ktx-0.13.0-roadmap,ktx,Go,deepseek-v4-flash,single_shot_v3,deepseek_extension::deepseek-v4-flash::ktx-0.13.0-roadmap::single_shot_v3,0,0,0,0,0,0,edit_path_disallowed,edit_path_disallowed,edit_path_disallowed,2026-07-10T09:00:38.597868Z,82b9c449512c8f1e5533988e
deepseek_extension::deepseek-v4-flash::ktx-0.13.0-roadmap::single_shot_v3::rep1,deepseek_extension,ktx-0.13.0-roadmap,ktx,Go,deepseek-v4-flash,single_shot_v3,deepseek_extension::deepseek-v4-flash::ktx-0.13.0-roadmap::single_shot_v3,1,0,0,0,0,0,finish_reason_length,edit_json_invalid,finish_reason_length,2026-07-10T09:02:44.142920Z,8071e2cb2e10ac8d292a29c9
deepseek_extension::deepseek-v4-flash::ktx-0.13.0-roadmap::single_shot_v3::rep2,deepseek_extension,ktx-0.13.0-roadmap,ktx,Go,deepseek-v4-flash,single_shot_v3,deepseek_extension::deepseek-v4-flash::ktx-0.13.0-roadmap::single_shot_v3,2,0,0,0,0,0,finish_reason_length,edit_json_invalid,finish_reason_length,2026-07-10T09:02:49.724996Z,09db14777b4fe5c731aa1b72
deepseek_extension::deepseek-v4-flash::ktx-0.13.0-roadmap::single_shot_v3::rep3,deepseek_extension,ktx-0.13.0-roadmap,ktx,Go,deepseek-v4-flash,single_shot_v3,deepseek_extension::deepseek-v4-flash::ktx-0.13.0-roadmap::single_shot_v3,3,0,0,0,0,0,edit_path_disallowed,edit_path_disallowed,edit_path_disallowed,2026-07-10T09:01:24.361110Z,f3e19ca2bba01ca74e13c936
deepseek_extension::deepseek-v4-flash::ktx-0.13.0-roadmap::single_shot_v3::rep4,deepseek_extension,ktx-0.13.0-roadmap,ktx,Go,deepseek-v4-flash,single_shot_v3,deepseek_extension::deepseek-v4-flash::ktx-0.13.0-roadmap::single_shot_v3,4,0,0,0,0,0,finish_reason_length,edit_json_invalid,finish_reason_length,2026-07-10T09:03:11.460734Z,df9c01dfa1e3ecee22dd3215
deepseek_extension::deepseek-v4-flash::ktx-0.13.0-roadmap::single_shot_v3::rep5,deepseek_extension,ktx-0.13.0-roadmap,ktx,Go,deepseek-v4-flash,single_shot_v3,deepseek_extension::deepseek-v4-flash::ktx-0.13.0-roadmap::single_shot_v3,5,0,0,0,0,0,edit_path_disallowed,edit_path_disallowed,edit_path_disallowed,2026-07-10T09:01:41.689880Z,7ed90e330076c480a3e97f96
deepseek_extension::deepseek-v4-flash::ktx-0.13.0-roadmap::single_shot_v3::rep6,deepseek_extension,ktx-0.13.0-roadmap,ktx,Go,deepseek-v4-flash,single_shot_v3,deepseek_extension::deepseek-v4-flash::ktx-0.13.0-roadmap::single_shot_v3,6,0,0,0,0,0,edit_path_disallowed,edit_path_disallowed,edit_path_disallowed,2026-07-10T09:02:47.703133Z,d50037ed4c48f776308d31a6
deepseek_extension::deepseek-v4-flash::ktx-0.13.0-roadmap::single_shot_v3::rep7,deepseek_extension,ktx-0.13.0-roadmap,ktx,Go,deepseek-v4-flash,single_shot_v3,deepseek_extension::deepseek-v4-flash::ktx-0.13.0-roadmap::single_shot_v3,7,0,0,0,0,0,edit_path_disallowed,edit_path_disallowed,edit_path_disallowed,2026-07-10T09:03:03.386199Z,ab5bca0b292ed853f6c91682
deepseek_extension::deepseek-v4-flash::ktx-0.13.0-roadmap::staged_v4::rep0,deepseek_extension,ktx-0.13.0-roadmap,ktx,Go,deepseek-v4-flash,staged_v4,deepseek_extension::deepseek-v4-flash::ktx-0.13.0-roadmap::staged_v4,0,0,0,0,0,0,stage2_contract_failed,stage2_edit_outside_stage_state,stage2_contract_failed,2026-07-10T09:02:59.895989Z,0cc0a7fdc3fc3385883d2843
deepseek_extension::deepseek-v4-flash::ktx-0.13.0-roadmap::staged_v4::rep1,deepseek_extension,ktx-0.13.0-roadmap,ktx,Go,deepseek-v4-flash,staged_v4,deepseek_extension::deepseek-v4-flash::ktx-0.13.0-roadmap::staged_v4,1,0,0,0,0,0,stage2_contract_failed,stage2_edit_outside_stage_state,stage2_contract_failed,2026-07-10T09:02:14.100991Z,54924c4e61b346bc6f01097e
deepseek_extension::deepseek-v4-flash::ktx-0.13.0-roadmap::staged_v4::rep2,deepseek_extension,ktx-0.13.0-roadmap,ktx,Go,deepseek-v4-flash,staged_v4,deepseek_extension::deepseek-v4-flash::ktx-0.13.0-roadmap::staged_v4,2,0,0,0,0,0,stage2_contract_failed,stage2_too_many_edit_ops,stage2_contract_failed,2026-07-10T09:03:52.856288Z,fc512010aa4d906bea5da545
deepseek_extension::deepseek-v4-flash::ktx-0.13.0-roadmap::staged_v4::rep3,deepseek_extension,ktx-0.13.0-roadmap,ktx,Go,deepseek-v4-flash,staged_v4,deepseek_extension::deepseek-v4-flash::ktx-0.13.0-roadmap::staged_v4,3,0,0,0,0,0,stage2_contract_failed,candidate_edit_ops_invalid,stage2_contract_failed,2026-07-10T09:03:22.043488Z,2c72a5afb06f1ef3dbd211d6
deepseek_extension::deepseek-v4-flash::ktx-0.13.0-roadmap::staged_v4::rep4,deepseek_extension,ktx-0.13.0-roadmap,ktx,Go,deepseek-v4-flash,staged_v4,deepseek_extension::deepseek-v4-flash::ktx-0.13.0-roadmap::staged_v4,4,0,0,0,0,0,stage2_contract_failed,stage2_edit_outside_stage_state,stage2_contract_failed,2026-07-10T09:03:30.404731Z,3cb51001736e1bb8848d09d9
deepseek_extension::deepseek-v4-flash::ktx-0.13.0-roadmap::staged_v4::rep5,deepseek_extension,ktx-0.13.0-roadmap,ktx,Go,deepseek-v4-flash,staged_v4,deepseek_extension::deepseek-v4-flash::ktx-0.13.0-roadmap::staged_v4,5,0,0,0,0,0,stage2_contract_failed,stage2_edit_outside_stage_state,stage2_contract_failed,2026-07-10T09:02:54.469902Z,4cf2653f155cb054ccbf2bd5
deepseek_extension::deepseek-v4-flash::ktx-0.13.0-roadmap::staged_v4::rep6,deepseek_extension,ktx-0.13.0-roadmap,ktx,Go,deepseek-v4-flash,staged_v4,deepseek_extension::deepseek-v4-flash::ktx-0.13.0-roadmap::staged_v4,6,0,0,0,0,0,stage2_contract_failed,stage2_edit_outside_stage_state,stage2_contract_failed,2026-07-10T09:03:17.751448Z,0f0d333fef133bc9ccd72af1
deepseek_extension::deepseek-v4-flash::ktx-0.13.0-roadmap::staged_v4::rep7,deepseek_extension,ktx-0.13.0-roadmap,ktx,Go,deepseek-v4-flash,staged_v4,deepseek_extension::deepseek-v4-flash::ktx-0.13.0-roadmap::staged_v4,7,0,0,0,0,0,stage2_contract_failed,stage2_edit_outside_stage_state,stage2_contract_failed,2026-07-10T09:03:21.319213Z,c5264efe5b250ddc26a66f7b
deepseek_extension::deepseek-v4-flash::ktx-0.15.1-roadmap::single_shot_v3::rep0,deepseek_extension,ktx-0.15.1-roadmap,ktx,Go,deepseek-v4-flash,single_shot_v3,deepseek_extension::deepseek-v4-flash::ktx-0.15.1-roadmap::single_shot_v3,0,0,0,0,0,0,edit_json_invalid,edit_json_invalid,edit_json_invalid,2026-07-10T09:04:06.996870Z,63357da7f48e77d12a08e5e1
deepseek_extension::deepseek-v4-flash::ktx-0.15.1-roadmap::single_shot_v3::rep1,deepseek_extension,ktx-0.15.1-roadmap,ktx,Go,deepseek-v4-flash,single_shot_v3,deepseek_extension::deepseek-v4-flash::ktx-0.15.1-roadmap::single_shot_v3,1,1,1,1,1,0,test_failed,,,2026-07-10T09:46:05.125072Z,22be7b16e20abdde6b7b9e11
deepseek_extension::deepseek-v4-flash::ktx-0.15.1-roadmap::single_shot_v3::rep2,deepseek_extension,ktx-0.15.1-roadmap,ktx,Go,deepseek-v4-flash,single_shot_v3,deepseek_extension::deepseek-v4-flash::ktx-0.15.1-roadmap::single_shot_v3,2,0,0,0,0,0,edit_apply_failed,edit_apply_failed,edit_apply_failed,2026-07-10T09:04:12.778796Z,6435b9b83942b3acf4255b4f
deepseek_extension::deepseek-v4-flash::ktx-0.15.1-roadmap::single_shot_v3::rep3,deepseek_extension,ktx-0.15.1-roadmap,ktx,Go,deepseek-v4-flash,single_shot_v3,deepseek_extension::deepseek-v4-flash::ktx-0.15.1-roadmap::single_shot_v3,3,1,1,1,1,0,test_failed,,,2026-07-10T09:46:05.850571Z,8348e9522eedeac57e40df59
deepseek_extension::deepseek-v4-flash::ktx-0.15.1-roadmap::single_shot_v3::rep4,deepseek_extension,ktx-0.15.1-roadmap,ktx,Go,deepseek-v4-flash,single_shot_v3,deepseek_extension::deepseek-v4-flash::ktx-0.15.1-roadmap::single_shot_v3,4,1,1,1,1,0,test_failed,,,2026-07-10T09:46:06.586113Z,cc4093f6b3b105a26805dffc
deepseek_extension::deepseek-v4-flash::ktx-0.15.1-roadmap::single_shot_v3::rep5,deepseek_extension,ktx-0.15.1-roadmap,ktx,Go,deepseek-v4-flash,single_shot_v3,deepseek_extension::deepseek-v4-flash::ktx-0.15.1-roadmap::single_shot_v3,5,1,1,1,1,0,test_failed,,,2026-07-10T09:46:07.314868Z,472d1ae7873bf43f55158d8d
deepseek_extension::deepseek-v4-flash::ktx-0.15.1-roadmap::single_shot_v3::rep6,deepseek_extension,ktx-0.15.1-roadmap,ktx,Go,deepseek-v4-flash,single_shot_v3,deepseek_extension::deepseek-v4-flash::ktx-0.15.1-roadmap::single_shot_v3,6,0,0,0,0,0,edit_json_invalid,edit_json_invalid,edit_json_invalid,2026-07-10T09:04:35.143035Z,99a400e4150c1a8397171342
deepseek_extension::deepseek-v4-flash::ktx-0.15.1-roadmap::single_shot_v3::rep7,deepseek_extension,ktx-0.15.1-roadmap,ktx,Go,deepseek-v4-flash,single_shot_v3,deepseek_extension::deepseek-v4-flash::ktx-0.15.1-roadmap::single_shot_v3,7,0,0,0,0,0,edit_json_invalid,edit_json_invalid,edit_json_invalid,2026-07-10T09:04:38.728367Z,d37c76a907b838bbab6b7362
deepseek_extension::deepseek-v4-flash::ktx-0.15.1-roadmap::staged_v4::rep0,deepseek_extension,ktx-0.15.1-roadmap,ktx,Go,deepseek-v4-flash,staged_v4,deepseek_extension::deepseek-v4-flash::ktx-0.15.1-roadmap::staged_v4,0,0,0,0,0,0,stage1_plan_failed,stage_state_existing_files_invalid,stage1_plan_failed,2026-07-10T09:03:34.517100Z,4a084fff9f00c4d560b74564
deepseek_extension::deepseek-v4-flash::ktx-0.15.1-roadmap::staged_v4::rep1,deepseek_extension,ktx-0.15.1-roadmap,ktx,Go,deepseek-v4-flash,staged_v4,deepseek_extension::deepseek-v4-flash::ktx-0.15.1-roadmap::staged_v4,1,0,0,0,0,0,stage1_plan_failed,stage_state_too_many_existing_files,stage1_plan_failed,2026-07-10T09:03:39.432472Z,85e8416c2d83a1f68d985447
deepseek_extension::deepseek-v4-flash::ktx-0.15.1-roadmap::staged_v4::rep2,deepseek_extension,ktx-0.15.1-roadmap,ktx,Go,deepseek-v4-flash,staged_v4,deepseek_extension::deepseek-v4-flash::ktx-0.15.1-roadmap::staged_v4,2,0,0,0,0,0,stage2_contract_failed,stage2_too_many_edit_ops,stage2_contract_failed,2026-07-10T09:04:24.901274Z,01c6ab738fe54676e0737242
deepseek_extension::deepseek-v4-flash::ktx-0.15.1-roadmap::staged_v4::rep3,deepseek_extension,ktx-0.15.1-roadmap,ktx,Go,deepseek-v4-flash,staged_v4,deepseek_extension::deepseek-v4-flash::ktx-0.15.1-roadmap::staged_v4,3,0,0,0,0,0,stage1_plan_failed,stage_state_too_many_existing_files,stage1_plan_failed,2026-07-10T09:03:57.768374Z,77c6c501cd8abc98c5a21bca
deepseek_extension::deepseek-v4-flash::ktx-0.15.1-roadmap::staged_v4::rep4,deepseek_extension,ktx-0.15.1-roadmap,ktx,Go,deepseek-v4-flash,staged_v4,deepseek_extension::deepseek-v4-flash::ktx-0.15.1-roadmap::staged_v4,4,0,0,0,0,0,stage1_plan_failed,stage_state_too_many_existing_files,stage1_plan_failed,2026-07-10T09:04:02.660511Z,527fb30b8d06a08d7bbd53af
deepseek_extension::deepseek-v4-flash::ktx-0.15.1-roadmap::staged_v4::rep5,deepseek_extension,ktx-0.15.1-roadmap,ktx,Go,deepseek-v4-flash,staged_v4,deepseek_extension::deepseek-v4-flash::ktx-0.15.1-roadmap::staged_v4,5,0,0,0,0,0,stage2_contract_failed,stage2_too_many_edit_ops,stage2_contract_failed,2026-07-10T09:05:16.700235Z,a5c67fa0ee882d966f8a0c6b
deepseek_extension::deepseek-v4-flash::ktx-0.15.1-roadmap::staged_v4::rep6,deepseek_extension,ktx-0.15.1-roadmap,ktx,Go,deepseek-v4-flash,staged_v4,deepseek_extension::deepseek-v4-flash::ktx-0.15.1-roadmap::staged_v4,6,0,0,0,0,0,stage2_contract_failed,stage2_too_many_edit_ops,stage2_contract_failed,2026-07-10T09:04:43.770845Z,24d762c50329047afbcd7b31
deepseek_extension::deepseek-v4-flash::ktx-0.15.1-roadmap::staged_v4::rep7,deepseek_extension,ktx-0.15.1-roadmap,ktx,Go,deepseek-v4-flash,staged_v4,deepseek_extension::deepseek-v4-flash::ktx-0.15.1-roadmap::staged_v4,7,0,0,0,0,0,stage1_plan_failed,stage_state_too_many_existing_files,stage1_plan_failed,2026-07-10T09:04:12.804884Z,b6c3418cd67277ac6fc78e07
deepseek_extension::deepseek-v4-flash::ktx-0.6.0-roadmap::single_shot_v3::rep0,deepseek_extension,ktx-0.6.0-roadmap,ktx,Go,deepseek-v4-flash,single_shot_v3,deepseek_extension::deepseek-v4-flash::ktx-0.6.0-roadmap::single_shot_v3,0,0,0,0,0,0,edit_apply_failed,edit_apply_failed,edit_apply_failed,2026-07-10T09:05:09.763963Z,fa52881813616b9595d808c9
deepseek_extension::deepseek-v4-flash::ktx-0.6.0-roadmap::single_shot_v3::rep1,deepseek_extension,ktx-0.6.0-roadmap,ktx,Go,deepseek-v4-flash,single_shot_v3,deepseek_extension::deepseek-v4-flash::ktx-0.6.0-roadmap::single_shot_v3,1,0,0,0,0,0,edit_apply_failed,edit_apply_failed,edit_apply_failed,2026-07-10T09:05:05.037425Z,2a0c2b9d9bb9a9e5c5181b2c
deepseek_extension::deepseek-v4-flash::ktx-0.6.0-roadmap::single_shot_v3::rep2,deepseek_extension,ktx-0.6.0-roadmap,ktx,Go,deepseek-v4-flash,single_shot_v3,deepseek_extension::deepseek-v4-flash::ktx-0.6.0-roadmap::single_shot_v3,2,0,0,0,0,0,edit_apply_failed,edit_apply_failed,edit_apply_failed,2026-07-10T09:05:07.026440Z,87f1b4073b8640d4fb841f37
deepseek_extension::deepseek-v4-flash::ktx-0.6.0-roadmap::single_shot_v3::rep3,deepseek_extension,ktx-0.6.0-roadmap,ktx,Go,deepseek-v4-flash,single_shot_v3,deepseek_extension::deepseek-v4-flash::ktx-0.6.0-roadmap::single_shot_v3,3,0,0,0,0,0,edit_apply_failed,edit_apply_failed,edit_apply_failed,2026-07-10T09:05:11.093603Z,35f82e0c5738c65659fc9174
deepseek_extension::deepseek-v4-flash::ktx-0.6.0-roadmap::single_shot_v3::rep4,deepseek_extension,ktx-0.6.0-roadmap,ktx,Go,deepseek-v4-flash,single_shot_v3,deepseek_extension::deepseek-v4-flash::ktx-0.6.0-roadmap::single_shot_v3,4,0,0,0,0,0,edit_apply_failed,edit_apply_failed,edit_apply_failed,2026-07-10T09:04:56.031918Z,f7f4dc869112f93017eb1a0e
deepseek_extension::deepseek-v4-flash::ktx-0.6.0-roadmap::single_shot_v3::rep5,deepseek_extension,ktx-0.6.0-roadmap,ktx,Go,deepseek-v4-flash,single_shot_v3,deepseek_extension::deepseek-v4-flash::ktx-0.6.0-roadmap::single_shot_v3,5,0,0,0,0,0,edit_apply_failed,edit_apply_failed,edit_apply_failed,2026-07-10T09:05:22.520433Z,3a4f0fd25f373439394fb193
deepseek_extension::deepseek-v4-flash::ktx-0.6.0-roadmap::single_shot_v3::rep6,deepseek_extension,ktx-0.6.0-roadmap,ktx,Go,deepseek-v4-flash,single_shot_v3,deepseek_extension::deepseek-v4-flash::ktx-0.6.0-roadmap::single_shot_v3,6,0,0,0,0,0,edit_apply_failed,edit_apply_failed,edit_apply_failed,2026-07-10T09:05:17.682986Z,af27f4daa7c4f8eca29595ab
deepseek_extension::deepseek-v4-flash::ktx-0.6.0-roadmap::single_shot_v3::rep7,deepseek_extension,ktx-0.6.0-roadmap,ktx,Go,deepseek-v4-flash,single_shot_v3,deepseek_extension::deepseek-v4-flash::ktx-0.6.0-roadmap::single_shot_v3,7,0,0,0,0,0,edit_apply_failed,edit_apply_failed,edit_apply_failed,2026-07-10T09:05:29.890106Z,5424e674f68e9e3e631921ae
deepseek_extension::deepseek-v4-flash::ktx-0.6.0-roadmap::staged_v4::rep0,deepseek_extension,ktx-0.6.0-roadmap,ktx,Go,deepseek-v4-flash,staged_v4,deepseek_extension::deepseek-v4-flash::ktx-0.6.0-roadmap::staged_v4,0,0,0,0,0,0,stage2_contract_failed,stage2_edit_outside_stage_state,stage2_contract_failed,2026-07-10T09:05:24.037907Z,dd5180587bc06127db34e85c
deepseek_extension::deepseek-v4-flash::ktx-0.6.0-roadmap::staged_v4::rep1,deepseek_extension,ktx-0.6.0-roadmap,ktx,Go,deepseek-v4-flash,staged_v4,deepseek_extension::deepseek-v4-flash::ktx-0.6.0-roadmap::staged_v4,1,0,0,0,0,0,stage2_contract_failed,stage2_edit_outside_stage_state,stage2_contract_failed,2026-07-10T09:05:36.365600Z,f13dd77882e1243ccdf9c189
deepseek_extension::deepseek-v4-flash::ktx-0.6.0-roadmap::staged_v4::rep2,deepseek_extension,ktx-0.6.0-roadmap,ktx,Go,deepseek-v4-flash,staged_v4,deepseek_extension::deepseek-v4-flash::ktx-0.6.0-roadmap::staged_v4,2,0,0,0,0,0,stage2_contract_failed,stage2_edit_outside_stage_state,stage2_contract_failed,2026-07-10T09:05:39.759096Z,5bc8279092903d7ae02cf254
deepseek_extension::deepseek-v4-flash::ktx-0.6.0-roadmap::staged_v4::rep3,deepseek_extension,ktx-0.6.0-roadmap,ktx,Go,deepseek-v4-flash,staged_v4,deepseek_extension::deepseek-v4-flash::ktx-0.6.0-roadmap::staged_v4,3,0,0,0,0,0,stage2_contract_failed,stage2_too_many_edit_ops,stage2_contract_failed,2026-07-10T09:05:44.985276Z,923358af9c98b3da927b76ea
deepseek_extension::deepseek-v4-flash::ktx-0.6.0-roadmap::staged_v4::rep4,deepseek_extension,ktx-0.6.0-roadmap,ktx,Go,deepseek-v4-flash,staged_v4,deepseek_extension::deepseek-v4-flash::ktx-0.6.0-roadmap::staged_v4,4,0,0,0,0,0,stage1_plan_failed,stage_state_too_many_planned_new_files,stage1_plan_failed,2026-07-10T09:05:14.554447Z,13de23315645887508143995
deepseek_extension::deepseek-v4-flash::ktx-0.6.0-roadmap::staged_v4::rep5,deepseek_extension,ktx-0.6.0-roadmap,ktx,Go,deepseek-v4-flash,staged_v4,deepseek_extension::deepseek-v4-flash::ktx-0.6.0-roadmap::staged_v4,5,0,0,0,0,0,stage2_contract_failed,stage2_too_many_edit_ops,stage2_contract_failed,2026-07-10T09:05:53.994800Z,e9ad4c24ba49c84dfd89155b
deepseek_extension::deepseek-v4-flash::ktx-0.6.0-roadmap::staged_v4::rep6,deepseek_extension,ktx-0.6.0-roadmap,ktx,Go,deepseek-v4-flash,staged_v4,deepseek_extension::deepseek-v4-flash::ktx-0.6.0-roadmap::staged_v4,6,0,0,0,0,0,stage2_contract_failed,stage2_edit_outside_stage_state,stage2_contract_failed,2026-07-10T09:06:20.354231Z,d53512a2afb920fcb11ef139
deepseek_extension::deepseek-v4-flash::ktx-0.6.0-roadmap::staged_v4::rep7,deepseek_extension,ktx-0.6.0-roadmap,ktx,Go,deepseek-v4-flash,staged_v4,deepseek_extension::deepseek-v4-flash::ktx-0.6.0-roadmap::staged_v4,7,0,0,0,0,0,stage2_contract_failed,stage2_edit_outside_stage_state,stage2_contract_failed,2026-07-10T09:05:39.804021Z,918a91c742c27547b4b33847
deepseek_extension::deepseek-v4-flash::ktx-0.9.0-roadmap::single_shot_v3::rep0,deepseek_extension,ktx-0.9.0-roadmap,ktx,Go,deepseek-v4-flash,single_shot_v3,deepseek_extension::deepseek-v4-flash::ktx-0.9.0-roadmap::single_shot_v3,0,0,0,0,0,0,edit_apply_failed,edit_apply_failed,edit_apply_failed,2026-07-10T09:06:42.496239Z,4cf9bdf809c0adbd49f981d9
deepseek_extension::deepseek-v4-flash::ktx-0.9.0-roadmap::single_shot_v3::rep1,deepseek_extension,ktx-0.9.0-roadmap,ktx,Go,deepseek-v4-flash,single_shot_v3,deepseek_extension::deepseek-v4-flash::ktx-0.9.0-roadmap::single_shot_v3,1,0,0,0,0,0,edit_apply_failed,edit_apply_failed,edit_apply_failed,2026-07-10T09:06:35.238659Z,8801ea6345c4c0881eb83712
deepseek_extension::deepseek-v4-flash::ktx-0.9.0-roadmap::single_shot_v3::rep2,deepseek_extension,ktx-0.9.0-roadmap,ktx,Go,deepseek-v4-flash,single_shot_v3,deepseek_extension::deepseek-v4-flash::ktx-0.9.0-roadmap::single_shot_v3,2,0,0,0,0,0,edit_apply_failed,edit_apply_failed,edit_apply_failed,2026-07-10T09:06:49.583403Z,3f332e9a48d78278fc861eae
deepseek_extension::deepseek-v4-flash::ktx-0.9.0-roadmap::single_shot_v3::rep3,deepseek_extension,ktx-0.9.0-roadmap,ktx,Go,deepseek-v4-flash,single_shot_v3,deepseek_extension::deepseek-v4-flash::ktx-0.9.0-roadmap::single_shot_v3,3,0,0,0,0,0,edit_apply_failed,edit_apply_failed,edit_apply_failed,2026-07-10T09:06:47.136326Z,04a98752a8506d7b9e9ee947
deepseek_extension::deepseek-v4-flash::ktx-0.9.0-roadmap::single_shot_v3::rep4,deepseek_extension,ktx-0.9.0-roadmap,ktx,Go,deepseek-v4-flash,single_shot_v3,deepseek_extension::deepseek-v4-flash::ktx-0.9.0-roadmap::single_shot_v3,4,0,0,0,0,0,edit_apply_failed,edit_apply_failed,edit_apply_failed,2026-07-10T09:07:11.478611Z,f8e1f168d2403435e34b3122
deepseek_extension::deepseek-v4-flash::ktx-0.9.0-roadmap::single_shot_v3::rep5,deepseek_extension,ktx-0.9.0-roadmap,ktx,Go,deepseek-v4-flash,single_shot_v3,deepseek_extension::deepseek-v4-flash::ktx-0.9.0-roadmap::single_shot_v3,5,0,0,0,0,0,edit_apply_failed,edit_apply_failed,edit_apply_failed,2026-07-10T09:07:11.977922Z,e4bd18f6cc29fe6cc8a8af0a
deepseek_extension::deepseek-v4-flash::ktx-0.9.0-roadmap::single_shot_v3::rep6,deepseek_extension,ktx-0.9.0-roadmap,ktx,Go,deepseek-v4-flash,single_shot_v3,deepseek_extension::deepseek-v4-flash::ktx-0.9.0-roadmap::single_shot_v3,6,0,0,0,0,0,edit_apply_failed,edit_apply_failed,edit_apply_failed,2026-07-10T09:06:36.581169Z,928e680729783863fbbda387
deepseek_extension::deepseek-v4-flash::ktx-0.9.0-roadmap::single_shot_v3::rep7,deepseek_extension,ktx-0.9.0-roadmap,ktx,Go,deepseek-v4-flash,single_shot_v3,deepseek_extension::deepseek-v4-flash::ktx-0.9.0-roadmap::single_shot_v3,7,0,0,0,0,0,edit_apply_failed,edit_apply_failed,edit_apply_failed,2026-07-10T09:07:36.480995Z,b81717b6601fbfae08c8722f
deepseek_extension::deepseek-v4-flash::ktx-0.9.0-roadmap::staged_v4::rep0,deepseek_extension,ktx-0.9.0-roadmap,ktx,Go,deepseek-v4-flash,staged_v4,deepseek_extension::deepseek-v4-flash::ktx-0.9.0-roadmap::staged_v4,0,0,0,0,0,0,stage1_plan_failed,stage_state_forbidden_terms,stage1_plan_failed,2026-07-10T09:06:02.516301Z,524893990b86dca55d1096fb
deepseek_extension::deepseek-v4-flash::ktx-0.9.0-roadmap::staged_v4::rep1,deepseek_extension,ktx-0.9.0-roadmap,ktx,Go,deepseek-v4-flash,staged_v4,deepseek_extension::deepseek-v4-flash::ktx-0.9.0-roadmap::staged_v4,1,0,0,0,0,0,edit_apply_failed,edit_apply_failed,edit_apply_failed,2026-07-10T09:07:43.003120Z,3642c88745826c8433e80614
deepseek_extension::deepseek-v4-flash::ktx-0.9.0-roadmap::staged_v4::rep2,deepseek_extension,ktx-0.9.0-roadmap,ktx,Go,deepseek-v4-flash,staged_v4,deepseek_extension::deepseek-v4-flash::ktx-0.9.0-roadmap::staged_v4,2,0,0,0,0,0,stage2_contract_failed,stage2_edit_outside_stage_state,stage2_contract_failed,2026-07-10T09:07:27.939085Z,eadf8a5465422c558d12b0c1
deepseek_extension::deepseek-v4-flash::ktx-0.9.0-roadmap::staged_v4::rep3,deepseek_extension,ktx-0.9.0-roadmap,ktx,Go,deepseek-v4-flash,staged_v4,deepseek_extension::deepseek-v4-flash::ktx-0.9.0-roadmap::staged_v4,3,0,0,0,0,0,stage1_plan_failed,stage_state_forbidden_terms,stage1_plan_failed,2026-07-10T09:06:39.873520Z,a3a2340ff06f6de9eee96814
deepseek_extension::deepseek-v4-flash::ktx-0.9.0-roadmap::staged_v4::rep4,deepseek_extension,ktx-0.9.0-roadmap,ktx,Go,deepseek-v4-flash,staged_v4,deepseek_extension::deepseek-v4-flash::ktx-0.9.0-roadmap::staged_v4,4,0,0,0,0,0,stage2_contract_failed,stage2_edit_outside_stage_state,stage2_contract_failed,2026-07-10T09:07:12.397388Z,542d104705e363a1ca443aaa
deepseek_extension::deepseek-v4-flash::ktx-0.9.0-roadmap::staged_v4::rep5,deepseek_extension,ktx-0.9.0-roadmap,ktx,Go,deepseek-v4-flash,staged_v4,deepseek_extension::deepseek-v4-flash::ktx-0.9.0-roadmap::staged_v4,5,0,0,0,0,0,edit_apply_failed,edit_apply_failed,edit_apply_failed,2026-07-10T09:08:27.494132Z,6a4dba84d48cbe1060d42c41
deepseek_extension::deepseek-v4-flash::ktx-0.9.0-roadmap::staged_v4::rep6,deepseek_extension,ktx-0.9.0-roadmap,ktx,Go,deepseek-v4-flash,staged_v4,deepseek_extension::deepseek-v4-flash::ktx-0.9.0-roadmap::staged_v4,6,0,0,0,0,0,stage1_plan_failed,stage_state_forbidden_terms,stage1_plan_failed,2026-07-10T09:06:46.801479Z,fe27fa20f9b519e042407d19
deepseek_extension::deepseek-v4-flash::ktx-0.9.0-roadmap::staged_v4::rep7,deepseek_extension,ktx-0.9.0-roadmap,ktx,Go,deepseek-v4-flash,staged_v4,deepseek_extension::deepseek-v4-flash::ktx-0.9.0-roadmap::staged_v4,7,1,1,1,1,0,test_failed,,,2026-07-10T09:46:08.094222Z,689a11474ac9ec83f9449296
deepseek_extension::deepseek-v4-flash::mko-5.0.0-roadmap::single_shot_v3::rep0,deepseek_extension,mko-5.0.0-roadmap,mko,TypeScript,deepseek-v4-flash,single_shot_v3,deepseek_extension::deepseek-v4-flash::mko-5.0.0-roadmap::single_shot_v3,0,1,1,1,1,0,test_failed,,,2026-07-10T09:47:21.038888Z,348f6564d1d4ef4f7bf3bee8
deepseek_extension::deepseek-v4-flash::mko-5.0.0-roadmap::single_shot_v3::rep1,deepseek_extension,mko-5.0.0-roadmap,mko,TypeScript,deepseek-v4-flash,single_shot_v3,deepseek_extension::deepseek-v4-flash::mko-5.0.0-roadmap::single_shot_v3,1,1,1,1,1,0,test_failed,,,2026-07-10T09:48:29.797541Z,05ebe15b7438f25fab6ef9c4
deepseek_extension::deepseek-v4-flash::mko-5.0.0-roadmap::single_shot_v3::rep2,deepseek_extension,mko-5.0.0-roadmap,mko,TypeScript,deepseek-v4-flash,single_shot_v3,deepseek_extension::deepseek-v4-flash::mko-5.0.0-roadmap::single_shot_v3,2,0,0,0,0,0,edit_apply_failed,edit_apply_failed,edit_apply_failed,2026-07-10T09:08:06.319476Z,24a350d7bc21994a1e5632b1
deepseek_extension::deepseek-v4-flash::mko-5.0.0-roadmap::single_shot_v3::rep3,deepseek_extension,mko-5.0.0-roadmap,mko,TypeScript,deepseek-v4-flash,single_shot_v3,deepseek_extension::deepseek-v4-flash::mko-5.0.0-roadmap::single_shot_v3,3,0,0,0,0,0,edit_apply_failed,edit_apply_failed,edit_apply_failed,2026-07-10T09:08:14.232105Z,32d949598a4044bba086f09e
deepseek_extension::deepseek-v4-flash::mko-5.0.0-roadmap::single_shot_v3::rep4,deepseek_extension,mko-5.0.0-roadmap,mko,TypeScript,deepseek-v4-flash,single_shot_v3,deepseek_extension::deepseek-v4-flash::mko-5.0.0-roadmap::single_shot_v3,4,1,1,1,1,0,test_failed,,,2026-07-10T09:49:37.409504Z,33047fc90f45ed5374683139
deepseek_extension::deepseek-v4-flash::mko-5.0.0-roadmap::single_shot_v3::rep5,deepseek_extension,mko-5.0.0-roadmap,mko,TypeScript,deepseek-v4-flash,single_shot_v3,deepseek_extension::deepseek-v4-flash::mko-5.0.0-roadmap::single_shot_v3,5,1,1,1,1,0,test_failed,,,2026-07-10T09:50:47.556391Z,cdcbfbc09e16ec10dc316266
deepseek_extension::deepseek-v4-flash::mko-5.0.0-roadmap::single_shot_v3::rep6,deepseek_extension,mko-5.0.0-roadmap,mko,TypeScript,deepseek-v4-flash,single_shot_v3,deepseek_extension::deepseek-v4-flash::mko-5.0.0-roadmap::single_shot_v3,6,0,1,1,0,0,test_failed,,,2026-07-10T09:51:58.731360Z,2cab1f91e00971eadb930e02
deepseek_extension::deepseek-v4-flash::mko-5.0.0-roadmap::single_shot_v3::rep7,deepseek_extension,mko-5.0.0-roadmap,mko,TypeScript,deepseek-v4-flash,single_shot_v3,deepseek_extension::deepseek-v4-flash::mko-5.0.0-roadmap::single_shot_v3,7,1,1,1,1,0,test_failed,,,2026-07-10T09:53:09.848342Z,721e1878885067adaafe9b54
deepseek_extension::deepseek-v4-flash::mko-5.0.0-roadmap::staged_v4::rep0,deepseek_extension,mko-5.0.0-roadmap,mko,TypeScript,deepseek-v4-flash,staged_v4,deepseek_extension::deepseek-v4-flash::mko-5.0.0-roadmap::staged_v4,0,0,0,0,0,0,stage2_contract_failed,stage2_too_many_edit_ops,stage2_contract_failed,2026-07-10T09:09:47.928125Z,82d339f62f5886c391c34073
deepseek_extension::deepseek-v4-flash::mko-5.0.0-roadmap::staged_v4::rep1,deepseek_extension,mko-5.0.0-roadmap,mko,TypeScript,deepseek-v4-flash,staged_v4,deepseek_extension::deepseek-v4-flash::mko-5.0.0-roadmap::staged_v4,1,0,0,0,0,0,stage2_contract_failed,stage2_too_many_edit_ops,stage2_contract_failed,2026-07-10T09:09:50.636598Z,aa95255a1eacfb665322a7d8
deepseek_extension::deepseek-v4-flash::mko-5.0.0-roadmap::staged_v4::rep2,deepseek_extension,mko-5.0.0-roadmap,mko,TypeScript,deepseek-v4-flash,staged_v4,deepseek_extension::deepseek-v4-flash::mko-5.0.0-roadmap::staged_v4,2,0,0,0,0,0,stage2_contract_failed,stage2_too_many_edit_ops,stage2_contract_failed,2026-07-10T09:09:26.863005Z,d53836a8b6ecd29e13ebed42
deepseek_extension::deepseek-v4-flash::mko-5.0.0-roadmap::staged_v4::rep3,deepseek_extension,mko-5.0.0-roadmap,mko,TypeScript,deepseek-v4-flash,staged_v4,deepseek_extension::deepseek-v4-flash::mko-5.0.0-roadmap::staged_v4,3,0,0,0,0,0,stage2_contract_failed,stage2_too_many_edit_ops,stage2_contract_failed,2026-07-10T09:12:02.283336Z,6beb940aa4ef49e6a6b69e56
deepseek_extension::deepseek-v4-flash::mko-5.0.0-roadmap::staged_v4::rep4,deepseek_extension,mko-5.0.0-roadmap,mko,TypeScript,deepseek-v4-flash,staged_v4,deepseek_extension::deepseek-v4-flash::mko-5.0.0-roadmap::staged_v4,4,0,0,0,0,0,edit_apply_failed,edit_apply_failed,edit_apply_failed,2026-07-10T09:11:07.356727Z,dc6a74b855ee3d0a4469dfb2
deepseek_extension::deepseek-v4-flash::mko-5.0.0-roadmap::staged_v4::rep5,deepseek_extension,mko-5.0.0-roadmap,mko,TypeScript,deepseek-v4-flash,staged_v4,deepseek_extension::deepseek-v4-flash::mko-5.0.0-roadmap::staged_v4,5,1,1,1,1,0,test_failed,,,2026-07-10T09:54:19.357803Z,96111c19afbd6c05bed47ee8
deepseek_extension::deepseek-v4-flash::mko-5.0.0-roadmap::staged_v4::rep6,deepseek_extension,mko-5.0.0-roadmap,mko,TypeScript,deepseek-v4-flash,staged_v4,deepseek_extension::deepseek-v4-flash::mko-5.0.0-roadmap::staged_v4,6,0,0,0,0,0,stage2_contract_failed,stage2_too_many_edit_ops,stage2_contract_failed,2026-07-10T09:09:26.088737Z,a71cc0d87bfe5263a54e419a
deepseek_extension::deepseek-v4-flash::mko-5.0.0-roadmap::staged_v4::rep7,deepseek_extension,mko-5.0.0-roadmap,mko,TypeScript,deepseek-v4-flash,staged_v4,deepseek_extension::deepseek-v4-flash::mko-5.0.0-roadmap::staged_v4,7,1,1,1,1,0,test_failed,,,2026-07-10T09:55:25.227970Z,c16fa920841d3ff0cbb62639
deepseek_extension::deepseek-v4-flash::mko-6.5.0-roadmap::single_shot_v3::rep0,deepseek_extension,mko-6.5.0-roadmap,mko,TypeScript,deepseek-v4-flash,single_shot_v3,deepseek_extension::deepseek-v4-flash::mko-6.5.0-roadmap::single_shot_v3,0,1,1,1,1,0,test_failed,,,2026-07-10T09:55:44.434628Z,f55191a1c629bfb60026b812
deepseek_extension::deepseek-v4-flash::mko-6.5.0-roadmap::single_shot_v3::rep1,deepseek_extension,mko-6.5.0-roadmap,mko,TypeScript,deepseek-v4-flash,single_shot_v3,deepseek_extension::deepseek-v4-flash::mko-6.5.0-roadmap::single_shot_v3,1,1,1,1,1,0,test_failed,,,2026-07-10T09:56:03.081938Z,c33c87a1c4b2aefd10a9336a
deepseek_extension::deepseek-v4-flash::mko-6.5.0-roadmap::single_shot_v3::rep2,deepseek_extension,mko-6.5.0-roadmap,mko,TypeScript,deepseek-v4-flash,single_shot_v3,deepseek_extension::deepseek-v4-flash::mko-6.5.0-roadmap::single_shot_v3,2,1,1,1,1,0,test_failed,,,2026-07-10T09:56:22.205900Z,d9d337f344d558a01dff48b6
deepseek_extension::deepseek-v4-flash::mko-6.5.0-roadmap::single_shot_v3::rep3,deepseek_extension,mko-6.5.0-roadmap,mko,TypeScript,deepseek-v4-flash,single_shot_v3,deepseek_extension::deepseek-v4-flash::mko-6.5.0-roadmap::single_shot_v3,3,0,0,0,0,0,edit_apply_failed,edit_apply_failed,edit_apply_failed,2026-07-10T09:09:53.145355Z,b9f095348b012be5fb2f5d98
deepseek_extension::deepseek-v4-flash::mko-6.5.0-roadmap::single_shot_v3::rep4,deepseek_extension,mko-6.5.0-roadmap,mko,TypeScript,deepseek-v4-flash,single_shot_v3,deepseek_extension::deepseek-v4-flash::mko-6.5.0-roadmap::single_shot_v3,4,0,0,0,0,0,edit_apply_failed,edit_apply_failed,edit_apply_failed,2026-07-10T09:09:56.066166Z,ff20d31657aa1b40a0412b89
deepseek_extension::deepseek-v4-flash::mko-6.5.0-roadmap::single_shot_v3::rep5,deepseek_extension,mko-6.5.0-roadmap,mko,TypeScript,deepseek-v4-flash,single_shot_v3,deepseek_extension::deepseek-v4-flash::mko-6.5.0-roadmap::single_shot_v3,5,1,1,1,1,0,test_failed,,,2026-07-10T09:56:42.124656Z,284c6c0beea58e525f5106c2
deepseek_extension::deepseek-v4-flash::mko-6.5.0-roadmap::single_shot_v3::rep6,deepseek_extension,mko-6.5.0-roadmap,mko,TypeScript,deepseek-v4-flash,single_shot_v3,deepseek_extension::deepseek-v4-flash::mko-6.5.0-roadmap::single_shot_v3,6,1,1,1,1,0,test_failed,,,2026-07-10T09:57:01.547554Z,2ceed2ad27546d69d0a2189a
deepseek_extension::deepseek-v4-flash::mko-6.5.0-roadmap::single_shot_v3::rep7,deepseek_extension,mko-6.5.0-roadmap,mko,TypeScript,deepseek-v4-flash,single_shot_v3,deepseek_extension::deepseek-v4-flash::mko-6.5.0-roadmap::single_shot_v3,7,1,1,1,1,0,test_failed,,,2026-07-10T09:57:20.462110Z,4660950c9fd50629a4cbf5cf
deepseek_extension::deepseek-v4-flash::mko-6.5.0-roadmap::staged_v4::rep0,deepseek_extension,mko-6.5.0-roadmap,mko,TypeScript,deepseek-v4-flash,staged_v4,deepseek_extension::deepseek-v4-flash::mko-6.5.0-roadmap::staged_v4,0,1,1,1,1,0,test_failed,,,2026-07-10T09:57:39.173536Z,94ca664b0ce95cc498c70fc9
deepseek_extension::deepseek-v4-flash::mko-6.5.0-roadmap::staged_v4::rep1,deepseek_extension,mko-6.5.0-roadmap,mko,TypeScript,deepseek-v4-flash,staged_v4,deepseek_extension::deepseek-v4-flash::mko-6.5.0-roadmap::staged_v4,1,0,0,0,0,0,stage2_contract_failed,stage2_too_many_edit_ops,stage2_contract_failed,2026-07-10T09:11:09.754817Z,a847ab527744682f6e388010
deepseek_extension::deepseek-v4-flash::mko-6.5.0-roadmap::staged_v4::rep2,deepseek_extension,mko-6.5.0-roadmap,mko,TypeScript,deepseek-v4-flash,staged_v4,deepseek_extension::deepseek-v4-flash::mko-6.5.0-roadmap::staged_v4,2,0,0,0,0,0,edit_apply_failed,edit_apply_failed,edit_apply_failed,2026-07-10T09:11:15.382734Z,9ad6ec4a0f93e8d322f92b9e
deepseek_extension::deepseek-v4-flash::mko-6.5.0-roadmap::staged_v4::rep3,deepseek_extension,mko-6.5.0-roadmap,mko,TypeScript,deepseek-v4-flash,staged_v4,deepseek_extension::deepseek-v4-flash::mko-6.5.0-roadmap::staged_v4,3,0,0,0,0,0,edit_apply_failed,edit_apply_failed,edit_apply_failed,2026-07-10T09:11:10.116076Z,11f6fbd6d2534f99ed63d62f
deepseek_extension::deepseek-v4-flash::mko-6.5.0-roadmap::staged_v4::rep4,deepseek_extension,mko-6.5.0-roadmap,mko,TypeScript,deepseek-v4-flash,staged_v4,deepseek_extension::deepseek-v4-flash::mko-6.5.0-roadmap::staged_v4,4,0,0,0,0,0,edit_apply_failed,edit_apply_failed,edit_apply_failed,2026-07-10T09:11:15.743821Z,9d73564ff4272c25d15426ec
deepseek_extension::deepseek-v4-flash::mko-6.5.0-roadmap::staged_v4::rep5,deepseek_extension,mko-6.5.0-roadmap,mko,TypeScript,deepseek-v4-flash,staged_v4,deepseek_extension::deepseek-v4-flash::mko-6.5.0-roadmap::staged_v4,5,0,0,0,0,0,edit_apply_failed,edit_apply_failed,edit_apply_failed,2026-07-10T09:11:17.123030Z,fb816395a6ded7f8284c6fdb
deepseek_extension::deepseek-v4-flash::mko-6.5.0-roadmap::staged_v4::rep6,deepseek_extension,mko-6.5.0-roadmap,mko,TypeScript,deepseek-v4-flash,staged_v4,deepseek_extension::deepseek-v4-flash::mko-6.5.0-roadmap::staged_v4,6,1,1,1,1,0,test_failed,,,2026-07-10T09:57:57.928832Z,78035a40a8b8d752649c666f
deepseek_extension::deepseek-v4-flash::mko-6.5.0-roadmap::staged_v4::rep7,deepseek_extension,mko-6.5.0-roadmap,mko,TypeScript,deepseek-v4-flash,staged_v4,deepseek_extension::deepseek-v4-flash::mko-6.5.0-roadmap::staged_v4,7,0,0,0,0,0,edit_apply_failed,edit_apply_failed,edit_apply_failed,2026-07-10T09:11:03.808259Z,5128b6efd083c804db687309
deepseek_extension::deepseek-v4-flash::mko-7.0.0-roadmap::single_shot_v3::rep0,deepseek_extension,mko-7.0.0-roadmap,mko,TypeScript,deepseek-v4-flash,single_shot_v3,deepseek_extension::deepseek-v4-flash::mko-7.0.0-roadmap::single_shot_v3,0,0,0,0,0,0,finish_reason_length,edit_json_invalid,finish_reason_length,2026-07-10T09:13:40.845858Z,a41474a2dc876f61e60292fe
deepseek_extension::deepseek-v4-flash::mko-7.0.0-roadmap::single_shot_v3::rep1,deepseek_extension,mko-7.0.0-roadmap,mko,TypeScript,deepseek-v4-flash,single_shot_v3,deepseek_extension::deepseek-v4-flash::mko-7.0.0-roadmap::single_shot_v3,1,0,0,0,0,0,finish_reason_length,edit_json_invalid,finish_reason_length,2026-07-10T09:14:14.760102Z,aa2a86612470e359707215f6
deepseek_extension::deepseek-v4-flash::mko-7.0.0-roadmap::single_shot_v3::rep2,deepseek_extension,mko-7.0.0-roadmap,mko,TypeScript,deepseek-v4-flash,single_shot_v3,deepseek_extension::deepseek-v4-flash::mko-7.0.0-roadmap::single_shot_v3,2,0,0,0,0,0,finish_reason_length,edit_json_invalid,finish_reason_length,2026-07-10T09:14:08.153854Z,35f8c3c2df66995e6ee7a35b
deepseek_extension::deepseek-v4-flash::mko-7.0.0-roadmap::single_shot_v3::rep3,deepseek_extension,mko-7.0.0-roadmap,mko,TypeScript,deepseek-v4-flash,single_shot_v3,deepseek_extension::deepseek-v4-flash::mko-7.0.0-roadmap::single_shot_v3,3,1,1,1,1,0,test_failed,,,2026-07-10T09:58:47.966081Z,3e0717b5bb0003965009ec61
deepseek_extension::deepseek-v4-flash::mko-7.0.0-roadmap::single_shot_v3::rep4,deepseek_extension,mko-7.0.0-roadmap,mko,TypeScript,deepseek-v4-flash,single_shot_v3,deepseek_extension::deepseek-v4-flash::mko-7.0.0-roadmap::single_shot_v3,4,0,0,0,0,0,edit_apply_failed,edit_apply_failed,edit_apply_failed,2026-07-10T09:11:30.689076Z,1d6406bd2d05de1383d1c17e
deepseek_extension::deepseek-v4-flash::mko-7.0.0-roadmap::single_shot_v3::rep5,deepseek_extension,mko-7.0.0-roadmap,mko,TypeScript,deepseek-v4-flash,single_shot_v3,deepseek_extension::deepseek-v4-flash::mko-7.0.0-roadmap::single_shot_v3,5,0,0,0,0,0,finish_reason_length,edit_json_invalid,finish_reason_length,2026-07-10T09:14:05.413114Z,39c47123b69888813bb13ef0
deepseek_extension::deepseek-v4-flash::mko-7.0.0-roadmap::single_shot_v3::rep6,deepseek_extension,mko-7.0.0-roadmap,mko,TypeScript,deepseek-v4-flash,single_shot_v3,deepseek_extension::deepseek-v4-flash::mko-7.0.0-roadmap::single_shot_v3,6,0,0,0,0,0,edit_apply_failed,edit_apply_failed,edit_apply_failed,2026-07-10T09:11:34.026707Z,6224897687044dc7f122f4e6
deepseek_extension::deepseek-v4-flash::mko-7.0.0-roadmap::single_shot_v3::rep7,deepseek_extension,mko-7.0.0-roadmap,mko,TypeScript,deepseek-v4-flash,single_shot_v3,deepseek_extension::deepseek-v4-flash::mko-7.0.0-roadmap::single_shot_v3,7,0,0,0,0,0,edit_apply_failed,edit_apply_failed,edit_apply_failed,2026-07-10T09:11:43.193007Z,ec59c63dabc341495ec6a440
deepseek_extension::deepseek-v4-flash::mko-7.0.0-roadmap::staged_v4::rep0,deepseek_extension,mko-7.0.0-roadmap,mko,TypeScript,deepseek-v4-flash,staged_v4,deepseek_extension::deepseek-v4-flash::mko-7.0.0-roadmap::staged_v4,0,0,0,0,0,0,stage2_contract_failed,candidate_edit_ops_invalid,stage2_contract_failed,2026-07-10T09:11:46.108402Z,4dfa98b9a556f6cc496046d1
deepseek_extension::deepseek-v4-flash::mko-7.0.0-roadmap::staged_v4::rep1,deepseek_extension,mko-7.0.0-roadmap,mko,TypeScript,deepseek-v4-flash,staged_v4,deepseek_extension::deepseek-v4-flash::mko-7.0.0-roadmap::staged_v4,1,0,0,0,0,0,stage2_contract_failed,candidate_edit_ops_invalid,stage2_contract_failed,2026-07-10T09:11:43.485715Z,95723400f5d1d7468e21122f
deepseek_extension::deepseek-v4-flash::mko-7.0.0-roadmap::staged_v4::rep2,deepseek_extension,mko-7.0.0-roadmap,mko,TypeScript,deepseek-v4-flash,staged_v4,deepseek_extension::deepseek-v4-flash::mko-7.0.0-roadmap::staged_v4,2,0,0,0,0,0,stage2_contract_failed,stage2_edit_outside_stage_state,stage2_contract_failed,2026-07-10T09:12:23.571004Z,fc608439fce7969c0060e696
deepseek_extension::deepseek-v4-flash::mko-7.0.0-roadmap::staged_v4::rep3,deepseek_extension,mko-7.0.0-roadmap,mko,TypeScript,deepseek-v4-flash,staged_v4,deepseek_extension::deepseek-v4-flash::mko-7.0.0-roadmap::staged_v4,3,0,0,0,0,0,stage2_contract_failed,stage2_edit_outside_stage_state,stage2_contract_failed,2026-07-10T09:12:06.582889Z,7352ef53303e4b91ff5ce56d
deepseek_extension::deepseek-v4-flash::mko-7.0.0-roadmap::staged_v4::rep4,deepseek_extension,mko-7.0.0-roadmap,mko,TypeScript,deepseek-v4-flash,staged_v4,deepseek_extension::deepseek-v4-flash::mko-7.0.0-roadmap::staged_v4,4,0,0,0,0,0,stage2_contract_failed,stage2_edit_outside_stage_state,stage2_contract_failed,2026-07-10T09:12:17.029911Z,ad1807f1d6eddfc7c937bf62
deepseek_extension::deepseek-v4-flash::mko-7.0.0-roadmap::staged_v4::rep5,deepseek_extension,mko-7.0.0-roadmap,mko,TypeScript,deepseek-v4-flash,staged_v4,deepseek_extension::deepseek-v4-flash::mko-7.0.0-roadmap::staged_v4,5,0,0,0,0,0,stage2_contract_failed,stage2_edit_outside_stage_state,stage2_contract_failed,2026-07-10T09:12:16.617398Z,389908caa87ee21316d74d84
deepseek_extension::deepseek-v4-flash::mko-7.0.0-roadmap::staged_v4::rep6,deepseek_extension,mko-7.0.0-roadmap,mko,TypeScript,deepseek-v4-flash,staged_v4,deepseek_extension::deepseek-v4-flash::mko-7.0.0-roadmap::staged_v4,6,0,0,0,0,0,edit_apply_failed,edit_apply_failed,edit_apply_failed,2026-07-10T09:12:14.433623Z,cc863088e8bcaa3eab364339
deepseek_extension::deepseek-v4-flash::mko-7.0.0-roadmap::staged_v4::rep7,deepseek_extension,mko-7.0.0-roadmap,mko,TypeScript,deepseek-v4-flash,staged_v4,deepseek_extension::deepseek-v4-flash::mko-7.0.0-roadmap::staged_v4,7,0,0,0,0,0,edit_path_disallowed,edit_path_disallowed,edit_path_disallowed,2026-07-10T09:12:51.282080Z,8d9eb4a5227a6bc768d90595
deepseek_extension::deepseek-v4-flash::opt-4.0.0-roadmap::single_shot_v3::rep0,deepseek_extension,opt-4.0.0-roadmap,opt,Python,deepseek-v4-flash,single_shot_v3,deepseek_extension::deepseek-v4-flash::opt-4.0.0-roadmap::single_shot_v3,0,0,0,0,0,0,edit_apply_failed,edit_apply_failed,edit_apply_failed,2026-07-10T09:12:41.507735Z,00921814a93dcd88533ac6dd
deepseek_extension::deepseek-v4-flash::opt-4.0.0-roadmap::single_shot_v3::rep1,deepseek_extension,opt-4.0.0-roadmap,opt,Python,deepseek-v4-flash,single_shot_v3,deepseek_extension::deepseek-v4-flash::opt-4.0.0-roadmap::single_shot_v3,1,1,1,1,1,0,test_failed,,,2026-07-10T09:59:02.988352Z,0c4fe9ad8d8e937e34d76ac7
deepseek_extension::deepseek-v4-flash::opt-4.0.0-roadmap::single_shot_v3::rep2,deepseek_extension,opt-4.0.0-roadmap,opt,Python,deepseek-v4-flash,single_shot_v3,deepseek_extension::deepseek-v4-flash::opt-4.0.0-roadmap::single_shot_v3,2,0,0,0,0,0,edit_apply_failed,edit_apply_failed,edit_apply_failed,2026-07-10T09:13:53.684046Z,b2aae0de9149136827611b67
deepseek_extension::deepseek-v4-flash::opt-4.0.0-roadmap::single_shot_v3::rep3,deepseek_extension,opt-4.0.0-roadmap,opt,Python,deepseek-v4-flash,single_shot_v3,deepseek_extension::deepseek-v4-flash::opt-4.0.0-roadmap::single_shot_v3,3,0,0,0,0,0,edit_apply_failed,edit_apply_failed,edit_apply_failed,2026-07-10T09:12:52.647476Z,881e473a785de797316fb27e
deepseek_extension::deepseek-v4-flash::opt-4.0.0-roadmap::single_shot_v3::rep4,deepseek_extension,opt-4.0.0-roadmap,opt,Python,deepseek-v4-flash,single_shot_v3,deepseek_extension::deepseek-v4-flash::opt-4.0.0-roadmap::single_shot_v3,4,0,0,0,0,0,edit_apply_failed,edit_apply_failed,edit_apply_failed,2026-07-10T09:12:59.003911Z,10a62da2a5dec6d9f063930b
deepseek_extension::deepseek-v4-flash::opt-4.0.0-roadmap::single_shot_v3::rep5,deepseek_extension,opt-4.0.0-roadmap,opt,Python,deepseek-v4-flash,single_shot_v3,deepseek_extension::deepseek-v4-flash::opt-4.0.0-roadmap::single_shot_v3,5,0,0,0,0,0,edit_apply_failed,edit_apply_failed,edit_apply_failed,2026-07-10T09:13:57.921317Z,d80f6f2e333dc54fe857ac1a
deepseek_extension::deepseek-v4-flash::opt-4.0.0-roadmap::single_shot_v3::rep6,deepseek_extension,opt-4.0.0-roadmap,opt,Python,deepseek-v4-flash,single_shot_v3,deepseek_extension::deepseek-v4-flash::opt-4.0.0-roadmap::single_shot_v3,6,0,0,0,0,0,edit_apply_failed,edit_apply_failed,edit_apply_failed,2026-07-10T09:14:09.175078Z,a79ac0d1003044cb486e250f
deepseek_extension::deepseek-v4-flash::opt-4.0.0-roadmap::single_shot_v3::rep7,deepseek_extension,opt-4.0.0-roadmap,opt,Python,deepseek-v4-flash,single_shot_v3,deepseek_extension::deepseek-v4-flash::opt-4.0.0-roadmap::single_shot_v3,7,0,0,0,0,0,edit_apply_failed,edit_apply_failed,edit_apply_failed,2026-07-10T09:13:27.041026Z,1aa45234d93559238c502ed7
deepseek_extension::deepseek-v4-flash::opt-4.0.0-roadmap::staged_v4::rep0,deepseek_extension,opt-4.0.0-roadmap,opt,Python,deepseek-v4-flash,staged_v4,deepseek_extension::deepseek-v4-flash::opt-4.0.0-roadmap::staged_v4,0,0,0,0,0,0,edit_apply_failed,edit_apply_failed,edit_apply_failed,2026-07-10T09:13:44.308493Z,dd2bafe897392b03fe7a523f
deepseek_extension::deepseek-v4-flash::opt-4.0.0-roadmap::staged_v4::rep1,deepseek_extension,opt-4.0.0-roadmap,opt,Python,deepseek-v4-flash,staged_v4,deepseek_extension::deepseek-v4-flash::opt-4.0.0-roadmap::staged_v4,1,0,0,0,0,0,stage2_contract_failed,stage2_edit_outside_stage_state,stage2_contract_failed,2026-07-10T09:14:14.312635Z,ea9c399c2458d7e56a4fbaa4
deepseek_extension::deepseek-v4-flash::opt-4.0.0-roadmap::staged_v4::rep2,deepseek_extension,opt-4.0.0-roadmap,opt,Python,deepseek-v4-flash,staged_v4,deepseek_extension::deepseek-v4-flash::opt-4.0.0-roadmap::staged_v4,2,0,0,0,0,0,edit_apply_failed,edit_apply_failed,edit_apply_failed,2026-07-10T09:14:13.069595Z,029e317489e1657252dbe2e2
deepseek_extension::deepseek-v4-flash::opt-4.0.0-roadmap::staged_v4::rep3,deepseek_extension,opt-4.0.0-roadmap,opt,Python,deepseek-v4-flash,staged_v4,deepseek_extension::deepseek-v4-flash::opt-4.0.0-roadmap::staged_v4,3,0,0,0,0,0,stage1_plan_failed,stage_state_too_many_planned_new_files,stage1_plan_failed,2026-07-10T09:13:44.719583Z,8c6946f786748401923955b4
deepseek_extension::deepseek-v4-flash::opt-4.0.0-roadmap::staged_v4::rep4,deepseek_extension,opt-4.0.0-roadmap,opt,Python,deepseek-v4-flash,staged_v4,deepseek_extension::deepseek-v4-flash::opt-4.0.0-roadmap::staged_v4,4,0,0,0,0,0,stage1_plan_failed,stage_state_too_many_planned_new_files,stage1_plan_failed,2026-07-10T09:13:48.169187Z,705f2cac65010577dd4b26b0
deepseek_extension::deepseek-v4-flash::opt-4.0.0-roadmap::staged_v4::rep5,deepseek_extension,opt-4.0.0-roadmap,opt,Python,deepseek-v4-flash,staged_v4,deepseek_extension::deepseek-v4-flash::opt-4.0.0-roadmap::staged_v4,5,0,0,0,0,0,stage1_plan_failed,stage_state_too_many_planned_new_files,stage1_plan_failed,2026-07-10T09:13:48.540442Z,bf8eb67e2c025a11f737fff9
deepseek_extension::deepseek-v4-flash::opt-4.0.0-roadmap::staged_v4::rep6,deepseek_extension,opt-4.0.0-roadmap,opt,Python,deepseek-v4-flash,staged_v4,deepseek_extension::deepseek-v4-flash::opt-4.0.0-roadmap::staged_v4,6,0,0,0,0,0,stage2_contract_failed,stage2_too_many_edit_ops,stage2_contract_failed,2026-07-10T09:14:43.542968Z,9429ce1a75333de09affe47a
deepseek_extension::deepseek-v4-flash::opt-4.0.0-roadmap::staged_v4::rep7,deepseek_extension,opt-4.0.0-roadmap,opt,Python,deepseek-v4-flash,staged_v4,deepseek_extension::deepseek-v4-flash::opt-4.0.0-roadmap::staged_v4,7,1,1,1,1,0,test_failed,,,2026-07-10T09:59:22.580709Z,a9641f17154845feb31c65c4
deepseek_extension::deepseek-v4-flash::opt-4.4.0-roadmap::single_shot_v3::rep0,deepseek_extension,opt-4.4.0-roadmap,opt,Python,deepseek-v4-flash,single_shot_v3,deepseek_extension::deepseek-v4-flash::opt-4.4.0-roadmap::single_shot_v3,0,0,0,0,0,0,edit_apply_failed,edit_apply_failed,edit_apply_failed,2026-07-10T09:14:57.137920Z,1787b6e72fdec2b213e6a093
deepseek_extension::deepseek-v4-flash::opt-4.4.0-roadmap::single_shot_v3::rep1,deepseek_extension,opt-4.4.0-roadmap,opt,Python,deepseek-v4-flash,single_shot_v3,deepseek_extension::deepseek-v4-flash::opt-4.4.0-roadmap::single_shot_v3,1,0,0,0,0,0,edit_apply_failed,edit_apply_failed,edit_apply_failed,2026-07-10T09:14:51.343518Z,71937ef4c18e48c6ef88715e
deepseek_extension::deepseek-v4-flash::opt-4.4.0-roadmap::single_shot_v3::rep2,deepseek_extension,opt-4.4.0-roadmap,opt,Python,deepseek-v4-flash,single_shot_v3,deepseek_extension::deepseek-v4-flash::opt-4.4.0-roadmap::single_shot_v3,2,0,0,0,0,0,edit_apply_failed,edit_apply_failed,edit_apply_failed,2026-07-10T09:15:04.681954Z,596aa3a46f6b58696c4aeb39
deepseek_extension::deepseek-v4-flash::opt-4.4.0-roadmap::single_shot_v3::rep3,deepseek_extension,opt-4.4.0-roadmap,opt,Python,deepseek-v4-flash,single_shot_v3,deepseek_extension::deepseek-v4-flash::opt-4.4.0-roadmap::single_shot_v3,3,0,0,0,0,0,edit_apply_failed,edit_apply_failed,edit_apply_failed,2026-07-10T09:14:41.920531Z,567f1166cd7ba576d7752e00
deepseek_extension::deepseek-v4-flash::opt-4.4.0-roadmap::single_shot_v3::rep4,deepseek_extension,opt-4.4.0-roadmap,opt,Python,deepseek-v4-flash,single_shot_v3,deepseek_extension::deepseek-v4-flash::opt-4.4.0-roadmap::single_shot_v3,4,0,0,0,0,0,finish_reason_length,edit_json_invalid,finish_reason_length,2026-07-10T09:16:59.574655Z,a5036319603b2b4a750ccb66
deepseek_extension::deepseek-v4-flash::opt-4.4.0-roadmap::single_shot_v3::rep5,deepseek_extension,opt-4.4.0-roadmap,opt,Python,deepseek-v4-flash,single_shot_v3,deepseek_extension::deepseek-v4-flash::opt-4.4.0-roadmap::single_shot_v3,5,0,0,0,0,0,edit_apply_failed,edit_apply_failed,edit_apply_failed,2026-07-10T09:15:07.064000Z,d141bd7cdf53fb0657b62bc3
deepseek_extension::deepseek-v4-flash::opt-4.4.0-roadmap::single_shot_v3::rep6,deepseek_extension,opt-4.4.0-roadmap,opt,Python,deepseek-v4-flash,single_shot_v3,deepseek_extension::deepseek-v4-flash::opt-4.4.0-roadmap::single_shot_v3,6,0,0,0,0,0,edit_apply_failed,edit_apply_failed,edit_apply_failed,2026-07-10T09:15:06.791394Z,ee41ba8ba4c26faa561cc844
deepseek_extension::deepseek-v4-flash::opt-4.4.0-roadmap::single_shot_v3::rep7,deepseek_extension,opt-4.4.0-roadmap,opt,Python,deepseek-v4-flash,single_shot_v3,deepseek_extension::deepseek-v4-flash::opt-4.4.0-roadmap::single_shot_v3,7,0,0,0,0,0,edit_apply_failed,edit_apply_failed,edit_apply_failed,2026-07-10T09:15:06.503212Z,f9b6b727bbf8ff6d91e3230c
deepseek_extension::deepseek-v4-flash::opt-4.4.0-roadmap::staged_v4::rep0,deepseek_extension,opt-4.4.0-roadmap,opt,Python,deepseek-v4-flash,staged_v4,deepseek_extension::deepseek-v4-flash::opt-4.4.0-roadmap::staged_v4,0,0,0,0,0,0,edit_apply_failed,edit_apply_failed,edit_apply_failed,2026-07-10T09:15:18.661806Z,2b591937062f13f7c5905f9e
deepseek_extension::deepseek-v4-flash::opt-4.4.0-roadmap::staged_v4::rep1,deepseek_extension,opt-4.4.0-roadmap,opt,Python,deepseek-v4-flash,staged_v4,deepseek_extension::deepseek-v4-flash::opt-4.4.0-roadmap::staged_v4,1,0,0,0,0,0,edit_apply_failed,edit_apply_failed,edit_apply_failed,2026-07-10T09:15:52.405021Z,8f5f32424011a83fabddbf35
deepseek_extension::deepseek-v4-flash::opt-4.4.0-roadmap::staged_v4::rep2,deepseek_extension,opt-4.4.0-roadmap,opt,Python,deepseek-v4-flash,staged_v4,deepseek_extension::deepseek-v4-flash::opt-4.4.0-roadmap::staged_v4,2,0,0,0,0,0,edit_apply_failed,edit_apply_failed,edit_apply_failed,2026-07-10T09:16:35.341186Z,cc1d06c452b55064b2ef860f
deepseek_extension::deepseek-v4-flash::opt-4.4.0-roadmap::staged_v4::rep3,deepseek_extension,opt-4.4.0-roadmap,opt,Python,deepseek-v4-flash,staged_v4,deepseek_extension::deepseek-v4-flash::opt-4.4.0-roadmap::staged_v4,3,0,0,0,0,0,edit_apply_failed,edit_apply_failed,edit_apply_failed,2026-07-10T09:15:47.930304Z,41364e625bac67442d96336a
deepseek_extension::deepseek-v4-flash::opt-4.4.0-roadmap::staged_v4::rep4,deepseek_extension,opt-4.4.0-roadmap,opt,Python,deepseek-v4-flash,staged_v4,deepseek_extension::deepseek-v4-flash::opt-4.4.0-roadmap::staged_v4,4,0,0,0,0,0,edit_apply_failed,edit_apply_failed,edit_apply_failed,2026-07-10T09:15:59.992927Z,0cf0da8345ae0dfd1b1159c5
deepseek_extension::deepseek-v4-flash::opt-4.4.0-roadmap::staged_v4::rep5,deepseek_extension,opt-4.4.0-roadmap,opt,Python,deepseek-v4-flash,staged_v4,deepseek_extension::deepseek-v4-flash::opt-4.4.0-roadmap::staged_v4,5,1,1,1,1,0,test_failed,,,2026-07-10T09:59:44.796632Z,07db8931560da67d0d4b5172
deepseek_extension::deepseek-v4-flash::opt-4.4.0-roadmap::staged_v4::rep6,deepseek_extension,opt-4.4.0-roadmap,opt,Python,deepseek-v4-flash,staged_v4,deepseek_extension::deepseek-v4-flash::opt-4.4.0-roadmap::staged_v4,6,0,0,0,0,0,edit_apply_failed,edit_apply_failed,edit_apply_failed,2026-07-10T09:16:07.535130Z,1e27cf85305bdf63ec501b6a
deepseek_extension::deepseek-v4-flash::opt-4.4.0-roadmap::staged_v4::rep7,deepseek_extension,opt-4.4.0-roadmap,opt,Python,deepseek-v4-flash,staged_v4,deepseek_extension::deepseek-v4-flash::opt-4.4.0-roadmap::staged_v4,7,0,0,0,0,0,edit_apply_failed,edit_apply_failed,edit_apply_failed,2026-07-10T09:16:07.150265Z,b7ab23d4686d88d6cec0341b
deepseek_extension::deepseek-v4-flash::opt-4.5.0-roadmap::single_shot_v3::rep0,deepseek_extension,opt-4.5.0-roadmap,opt,Python,deepseek-v4-flash,single_shot_v3,deepseek_extension::deepseek-v4-flash::opt-4.5.0-roadmap::single_shot_v3,0,0,0,0,0,0,edit_apply_failed,edit_apply_failed,edit_apply_failed,2026-07-10T09:16:19.007948Z,9f931aac192aeb654d0a6dba
deepseek_extension::deepseek-v4-flash::opt-4.5.0-roadmap::single_shot_v3::rep1,deepseek_extension,opt-4.5.0-roadmap,opt,Python,deepseek-v4-flash,single_shot_v3,deepseek_extension::deepseek-v4-flash::opt-4.5.0-roadmap::single_shot_v3,1,0,0,0,0,0,edit_apply_failed,edit_apply_failed,edit_apply_failed,2026-07-10T09:16:22.665312Z,a5cce14b2c7671bc341cfc3f
deepseek_extension::deepseek-v4-flash::opt-4.5.0-roadmap::single_shot_v3::rep2,deepseek_extension,opt-4.5.0-roadmap,opt,Python,deepseek-v4-flash,single_shot_v3,deepseek_extension::deepseek-v4-flash::opt-4.5.0-roadmap::single_shot_v3,2,1,1,1,1,0,test_failed,,,2026-07-10T10:00:34.772053Z,d775bac859ee55c796efd0aa
deepseek_extension::deepseek-v4-flash::opt-4.5.0-roadmap::single_shot_v3::rep3,deepseek_extension,opt-4.5.0-roadmap,opt,Python,deepseek-v4-flash,single_shot_v3,deepseek_extension::deepseek-v4-flash::opt-4.5.0-roadmap::single_shot_v3,3,0,0,0,0,0,edit_apply_failed,edit_apply_failed,edit_apply_failed,2026-07-10T09:16:51.273016Z,e9664974729e6fe42235f56d
deepseek_extension::deepseek-v4-flash::opt-4.5.0-roadmap::single_shot_v3::rep4,deepseek_extension,opt-4.5.0-roadmap,opt,Python,deepseek-v4-flash,single_shot_v3,deepseek_extension::deepseek-v4-flash::opt-4.5.0-roadmap::single_shot_v3,4,0,0,0,0,0,edit_apply_failed,edit_apply_failed,edit_apply_failed,2026-07-10T09:17:03.749128Z,c86f9cba36da9014b21f5e2d
deepseek_extension::deepseek-v4-flash::opt-4.5.0-roadmap::single_shot_v3::rep5,deepseek_extension,opt-4.5.0-roadmap,opt,Python,deepseek-v4-flash,single_shot_v3,deepseek_extension::deepseek-v4-flash::opt-4.5.0-roadmap::single_shot_v3,5,0,0,0,0,0,edit_apply_failed,edit_apply_failed,edit_apply_failed,2026-07-10T09:17:56.397771Z,bf01610fa32d6bf17b9761ed
deepseek_extension::deepseek-v4-flash::opt-4.5.0-roadmap::single_shot_v3::rep6,deepseek_extension,opt-4.5.0-roadmap,opt,Python,deepseek-v4-flash,single_shot_v3,deepseek_extension::deepseek-v4-flash::opt-4.5.0-roadmap::single_shot_v3,6,0,0,0,0,0,edit_apply_failed,edit_apply_failed,edit_apply_failed,2026-07-10T09:17:30.684310Z,ebd6d278964c9ca28688fec5
deepseek_extension::deepseek-v4-flash::opt-4.5.0-roadmap::single_shot_v3::rep7,deepseek_extension,opt-4.5.0-roadmap,opt,Python,deepseek-v4-flash,single_shot_v3,deepseek_extension::deepseek-v4-flash::opt-4.5.0-roadmap::single_shot_v3,7,0,0,0,0,0,edit_json_invalid,edit_json_invalid,edit_json_invalid,2026-07-10T09:17:17.540327Z,a68071958c987295c165fcce
deepseek_extension::deepseek-v4-flash::opt-4.5.0-roadmap::staged_v4::rep0,deepseek_extension,opt-4.5.0-roadmap,opt,Python,deepseek-v4-flash,staged_v4,deepseek_extension::deepseek-v4-flash::opt-4.5.0-roadmap::staged_v4,0,1,1,1,1,0,test_failed,,,2026-07-10T10:00:51.486049Z,677318599b867054b693a754
deepseek_extension::deepseek-v4-flash::opt-4.5.0-roadmap::staged_v4::rep1,deepseek_extension,opt-4.5.0-roadmap,opt,Python,deepseek-v4-flash,staged_v4,deepseek_extension::deepseek-v4-flash::opt-4.5.0-roadmap::staged_v4,1,0,0,0,0,0,stage2_contract_failed,stage2_too_many_edit_ops,stage2_contract_failed,2026-07-10T09:16:46.463411Z,e58f0a3d7ecd949e00557b19
deepseek_extension::deepseek-v4-flash::opt-4.5.0-roadmap::staged_v4::rep2,deepseek_extension,opt-4.5.0-roadmap,opt,Python,deepseek-v4-flash,staged_v4,deepseek_extension::deepseek-v4-flash::opt-4.5.0-roadmap::staged_v4,2,0,0,0,0,0,edit_anchor_not_found,edit_anchor_not_found,edit_anchor_not_found,2026-07-10T09:21:04.189525Z,53a5c4a59f3bc43ed6b9a544
deepseek_extension::deepseek-v4-flash::opt-4.5.0-roadmap::staged_v4::rep3,deepseek_extension,opt-4.5.0-roadmap,opt,Python,deepseek-v4-flash,staged_v4,deepseek_extension::deepseek-v4-flash::opt-4.5.0-roadmap::staged_v4,3,0,0,0,0,0,edit_apply_failed,edit_apply_failed,edit_apply_failed,2026-07-10T09:19:22.693413Z,4f26f35489d5ee915496fd5e
deepseek_extension::deepseek-v4-flash::opt-4.5.0-roadmap::staged_v4::rep4,deepseek_extension,opt-4.5.0-roadmap,opt,Python,deepseek-v4-flash,staged_v4,deepseek_extension::deepseek-v4-flash::opt-4.5.0-roadmap::staged_v4,4,0,0,0,0,0,edit_apply_failed,edit_apply_failed,edit_apply_failed,2026-07-10T09:20:00.604792Z,d4bb83ccdf01567ff59988fd
deepseek_extension::deepseek-v4-flash::opt-4.5.0-roadmap::staged_v4::rep5,deepseek_extension,opt-4.5.0-roadmap,opt,Python,deepseek-v4-flash,staged_v4,deepseek_extension::deepseek-v4-flash::opt-4.5.0-roadmap::staged_v4,5,0,0,0,0,0,edit_apply_failed,edit_apply_failed,edit_apply_failed,2026-07-10T09:20:57.904166Z,b0e2e56ad20e0b92ef2e82b7
deepseek_extension::deepseek-v4-flash::opt-4.5.0-roadmap::staged_v4::rep6,deepseek_extension,opt-4.5.0-roadmap,opt,Python,deepseek-v4-flash,staged_v4,deepseek_extension::deepseek-v4-flash::opt-4.5.0-roadmap::staged_v4,6,0,0,0,0,0,stage2_contract_failed,candidate_edit_ops_invalid,stage2_contract_failed,2026-07-10T09:19:08.873342Z,ceea4994f862337536f85b70
deepseek_extension::deepseek-v4-flash::opt-4.5.0-roadmap::staged_v4::rep7,deepseek_extension,opt-4.5.0-roadmap,opt,Python,deepseek-v4-flash,staged_v4,deepseek_extension::deepseek-v4-flash::opt-4.5.0-roadmap::staged_v4,7,0,0,0,0,0,edit_apply_failed,edit_apply_failed,edit_apply_failed,2026-07-10T09:17:55.058267Z,b94316b978773d69a78c74e4
deepseek_extension::deepseek-v4-flash::opt-4.6.0-roadmap::single_shot_v3::rep0,deepseek_extension,opt-4.6.0-roadmap,opt,Python,deepseek-v4-flash,single_shot_v3,deepseek_extension::deepseek-v4-flash::opt-4.6.0-roadmap::single_shot_v3,0,0,0,0,0,0,edit_json_invalid,edit_json_invalid,edit_json_invalid,2026-07-10T09:18:20.427772Z,be061ebdc875a08c69192f2f
deepseek_extension::deepseek-v4-flash::opt-4.6.0-roadmap::single_shot_v3::rep1,deepseek_extension,opt-4.6.0-roadmap,opt,Python,deepseek-v4-flash,single_shot_v3,deepseek_extension::deepseek-v4-flash::opt-4.6.0-roadmap::single_shot_v3,1,1,1,1,1,0,test_failed,,,2026-07-10T10:01:09.320997Z,e53fe43d7f178d1c5105ea95
deepseek_extension::deepseek-v4-flash::opt-4.6.0-roadmap::single_shot_v3::rep2,deepseek_extension,opt-4.6.0-roadmap,opt,Python,deepseek-v4-flash,single_shot_v3,deepseek_extension::deepseek-v4-flash::opt-4.6.0-roadmap::single_shot_v3,2,0,0,0,0,0,edit_apply_failed,edit_apply_failed,edit_apply_failed,2026-07-10T09:18:26.129509Z,39504088edf0413b84f14fd9
deepseek_extension::deepseek-v4-flash::opt-4.6.0-roadmap::single_shot_v3::rep3,deepseek_extension,opt-4.6.0-roadmap,opt,Python,deepseek-v4-flash,single_shot_v3,deepseek_extension::deepseek-v4-flash::opt-4.6.0-roadmap::single_shot_v3,3,0,0,0,0,0,edit_apply_failed,edit_apply_failed,edit_apply_failed,2026-07-10T09:18:49.907756Z,924ac71b0d7ef3073a7774e5
deepseek_extension::deepseek-v4-flash::opt-4.6.0-roadmap::single_shot_v3::rep4,deepseek_extension,opt-4.6.0-roadmap,opt,Python,deepseek-v4-flash,single_shot_v3,deepseek_extension::deepseek-v4-flash::opt-4.6.0-roadmap::single_shot_v3,4,0,0,0,0,0,edit_apply_failed,edit_apply_failed,edit_apply_failed,2026-07-10T09:18:47.292616Z,4e5ddf90d5523670e7fd2962
deepseek_extension::deepseek-v4-flash::opt-4.6.0-roadmap::single_shot_v3::rep5,deepseek_extension,opt-4.6.0-roadmap,opt,Python,deepseek-v4-flash,single_shot_v3,deepseek_extension::deepseek-v4-flash::opt-4.6.0-roadmap::single_shot_v3,5,0,0,0,0,0,edit_apply_failed,edit_apply_failed,edit_apply_failed,2026-07-10T09:20:17.489802Z,90e1379d74f7997c8e811c3b
deepseek_extension::deepseek-v4-flash::opt-4.6.0-roadmap::single_shot_v3::rep6,deepseek_extension,opt-4.6.0-roadmap,opt,Python,deepseek-v4-flash,single_shot_v3,deepseek_extension::deepseek-v4-flash::opt-4.6.0-roadmap::single_shot_v3,6,0,0,0,0,0,edit_apply_failed,edit_apply_failed,edit_apply_failed,2026-07-10T09:19:04.772899Z,3b59822fdc36988f111a2f57
deepseek_extension::deepseek-v4-flash::opt-4.6.0-roadmap::single_shot_v3::rep7,deepseek_extension,opt-4.6.0-roadmap,opt,Python,deepseek-v4-flash,single_shot_v3,deepseek_extension::deepseek-v4-flash::opt-4.6.0-roadmap::single_shot_v3,7,0,0,0,0,0,edit_apply_failed,edit_apply_failed,edit_apply_failed,2026-07-10T09:20:29.121681Z,664504328adbcccc90412390
deepseek_extension::deepseek-v4-flash::opt-4.6.0-roadmap::staged_v4::rep0,deepseek_extension,opt-4.6.0-roadmap,opt,Python,deepseek-v4-flash,staged_v4,deepseek_extension::deepseek-v4-flash::opt-4.6.0-roadmap::staged_v4,0,0,0,0,0,0,stage2_contract_failed,stage2_edit_outside_stage_state,stage2_contract_failed,2026-07-10T09:19:47.269545Z,b97ebce544ae7545cba3aaf5
deepseek_extension::deepseek-v4-flash::opt-4.6.0-roadmap::staged_v4::rep1,deepseek_extension,opt-4.6.0-roadmap,opt,Python,deepseek-v4-flash,staged_v4,deepseek_extension::deepseek-v4-flash::opt-4.6.0-roadmap::staged_v4,1,1,1,1,1,0,test_failed,,,2026-07-10T10:01:23.620061Z,403205da3a89bf603d1f6d9a
deepseek_extension::deepseek-v4-flash::opt-4.6.0-roadmap::staged_v4::rep2,deepseek_extension,opt-4.6.0-roadmap,opt,Python,deepseek-v4-flash,staged_v4,deepseek_extension::deepseek-v4-flash::opt-4.6.0-roadmap::staged_v4,2,1,1,1,1,0,test_failed,,,2026-07-10T10:01:36.781196Z,f287023faf90c240c0aa330a
deepseek_extension::deepseek-v4-flash::opt-4.6.0-roadmap::staged_v4::rep3,deepseek_extension,opt-4.6.0-roadmap,opt,Python,deepseek-v4-flash,staged_v4,deepseek_extension::deepseek-v4-flash::opt-4.6.0-roadmap::staged_v4,3,1,1,1,1,0,test_failed,,,2026-07-10T10:01:51.356284Z,f3c8161b8d91caa91668deef
deepseek_extension::deepseek-v4-flash::opt-4.6.0-roadmap::staged_v4::rep4,deepseek_extension,opt-4.6.0-roadmap,opt,Python,deepseek-v4-flash,staged_v4,deepseek_extension::deepseek-v4-flash::opt-4.6.0-roadmap::staged_v4,4,1,1,1,1,0,test_failed,,,2026-07-10T10:02:04.654317Z,7e8354e93964cfa3c8b64ac8
deepseek_extension::deepseek-v4-flash::opt-4.6.0-roadmap::staged_v4::rep5,deepseek_extension,opt-4.6.0-roadmap,opt,Python,deepseek-v4-flash,staged_v4,deepseek_extension::deepseek-v4-flash::opt-4.6.0-roadmap::staged_v4,5,1,1,1,1,0,test_failed,,,2026-07-10T10:02:18.072706Z,58ffa541cb9f36a72687d8e9
deepseek_extension::deepseek-v4-flash::opt-4.6.0-roadmap::staged_v4::rep6,deepseek_extension,opt-4.6.0-roadmap,opt,Python,deepseek-v4-flash,staged_v4,deepseek_extension::deepseek-v4-flash::opt-4.6.0-roadmap::staged_v4,6,1,1,1,1,0,test_failed,,,2026-07-10T10:02:31.483299Z,28c8bf2f78976ce97610c83b
deepseek_extension::deepseek-v4-flash::opt-4.6.0-roadmap::staged_v4::rep7,deepseek_extension,opt-4.6.0-roadmap,opt,Python,deepseek-v4-flash,staged_v4,deepseek_extension::deepseek-v4-flash::opt-4.6.0-roadmap::staged_v4,7,0,0,0,0,0,edit_apply_failed,edit_apply_failed,edit_apply_failed,2026-07-10T09:21:04.758351Z,13fcb8c6d1b985eab0b1af9f
deepseek_extension::deepseek-v4-flash::plr-1.10.0-roadmap::single_shot_v3::rep0,deepseek_extension,plr-1.10.0-roadmap,plr,Python,deepseek-v4-flash,single_shot_v3,deepseek_extension::deepseek-v4-flash::plr-1.10.0-roadmap::single_shot_v3,0,0,0,0,0,0,edit_apply_failed,edit_apply_failed,edit_apply_failed,2026-07-10T09:20:43.585514Z,bf737a9d54d7bb5cb74542ea
deepseek_extension::deepseek-v4-flash::plr-1.10.0-roadmap::single_shot_v3::rep1,deepseek_extension,plr-1.10.0-roadmap,plr,Python,deepseek-v4-flash,single_shot_v3,deepseek_extension::deepseek-v4-flash::plr-1.10.0-roadmap::single_shot_v3,1,1,1,1,1,0,test_failed,,,2026-07-10T10:02:36.605267Z,c2c73734e6eb9e431ca5800e
deepseek_extension::deepseek-v4-flash::plr-1.10.0-roadmap::single_shot_v3::rep2,deepseek_extension,plr-1.10.0-roadmap,plr,Python,deepseek-v4-flash,single_shot_v3,deepseek_extension::deepseek-v4-flash::plr-1.10.0-roadmap::single_shot_v3,2,1,1,1,1,0,test_failed,,,2026-07-10T10:02:41.895093Z,d365fac87daa094915eeb6cc
deepseek_extension::deepseek-v4-flash::plr-1.10.0-roadmap::single_shot_v3::rep3,deepseek_extension,plr-1.10.0-roadmap,plr,Python,deepseek-v4-flash,single_shot_v3,deepseek_extension::deepseek-v4-flash::plr-1.10.0-roadmap::single_shot_v3,3,1,1,1,1,0,test_failed,,,2026-07-10T10:02:47.537992Z,4aaa375329beb981e8b8239e
deepseek_extension::deepseek-v4-flash::plr-1.10.0-roadmap::single_shot_v3::rep4,deepseek_extension,plr-1.10.0-roadmap,plr,Python,deepseek-v4-flash,single_shot_v3,deepseek_extension::deepseek-v4-flash::plr-1.10.0-roadmap::single_shot_v3,4,1,1,1,1,0,test_failed,,,2026-07-10T10:02:52.990531Z,dd1903dcb5939fa5e4d9ff7a
deepseek_extension::deepseek-v4-flash::plr-1.10.0-roadmap::single_shot_v3::rep5,deepseek_extension,plr-1.10.0-roadmap,plr,Python,deepseek-v4-flash,single_shot_v3,deepseek_extension::deepseek-v4-flash::plr-1.10.0-roadmap::single_shot_v3,5,1,1,1,1,0,test_failed,,,2026-07-10T10:02:58.541700Z,eace87cedf29b425896ac6b4
deepseek_extension::deepseek-v4-flash::plr-1.10.0-roadmap::single_shot_v3::rep6,deepseek_extension,plr-1.10.0-roadmap,plr,Python,deepseek-v4-flash,single_shot_v3,deepseek_extension::deepseek-v4-flash::plr-1.10.0-roadmap::single_shot_v3,6,1,1,1,1,0,test_failed,,,2026-07-10T10:03:04.027699Z,e637a0d01cc1d4c3601cdf89
deepseek_extension::deepseek-v4-flash::plr-1.10.0-roadmap::single_shot_v3::rep7,deepseek_extension,plr-1.10.0-roadmap,plr,Python,deepseek-v4-flash,single_shot_v3,deepseek_extension::deepseek-v4-flash::plr-1.10.0-roadmap::single_shot_v3,7,1,1,1,1,0,test_failed,,,2026-07-10T10:03:09.545227Z,c4892209d7b8a0b0e21e36df
deepseek_extension::deepseek-v4-flash::plr-1.10.0-roadmap::staged_v4::rep0,deepseek_extension,plr-1.10.0-roadmap,plr,Python,deepseek-v4-flash,staged_v4,deepseek_extension::deepseek-v4-flash::plr-1.10.0-roadmap::staged_v4,0,0,0,0,0,0,stage1_plan_failed,stage_state_too_many_edit_targets,stage1_plan_failed,2026-07-10T09:20:51.023363Z,1009912ad2e062d72e46ce10
deepseek_extension::deepseek-v4-flash::plr-1.10.0-roadmap::staged_v4::rep1,deepseek_extension,plr-1.10.0-roadmap,plr,Python,deepseek-v4-flash,staged_v4,deepseek_extension::deepseek-v4-flash::plr-1.10.0-roadmap::staged_v4,1,1,1,1,1,0,test_failed,,,2026-07-10T10:03:14.870943Z,5452545533f226be532f05ca
deepseek_extension::deepseek-v4-flash::plr-1.10.0-roadmap::staged_v4::rep2,deepseek_extension,plr-1.10.0-roadmap,plr,Python,deepseek-v4-flash,staged_v4,deepseek_extension::deepseek-v4-flash::plr-1.10.0-roadmap::staged_v4,2,0,1,1,0,0,test_failed,,,2026-07-10T10:03:20.457759Z,ee664689012b79d5deb4a557
deepseek_extension::deepseek-v4-flash::plr-1.10.0-roadmap::staged_v4::rep3,deepseek_extension,plr-1.10.0-roadmap,plr,Python,deepseek-v4-flash,staged_v4,deepseek_extension::deepseek-v4-flash::plr-1.10.0-roadmap::staged_v4,3,1,1,1,1,0,test_failed,,,2026-07-10T10:03:25.964071Z,4483b968cb324fe174a71d39
deepseek_extension::deepseek-v4-flash::plr-1.10.0-roadmap::staged_v4::rep4,deepseek_extension,plr-1.10.0-roadmap,plr,Python,deepseek-v4-flash,staged_v4,deepseek_extension::deepseek-v4-flash::plr-1.10.0-roadmap::staged_v4,4,1,1,1,1,0,test_failed,,,2026-07-10T10:03:31.327545Z,aa2be5f4fde021bbd0ea356b
deepseek_extension::deepseek-v4-flash::plr-1.10.0-roadmap::staged_v4::rep5,deepseek_extension,plr-1.10.0-roadmap,plr,Python,deepseek-v4-flash,staged_v4,deepseek_extension::deepseek-v4-flash::plr-1.10.0-roadmap::staged_v4,5,1,1,1,1,0,test_failed,,,2026-07-10T10:03:36.704397Z,5e86a1c0a50ec67b31c66647
deepseek_extension::deepseek-v4-flash::plr-1.10.0-roadmap::staged_v4::rep6,deepseek_extension,plr-1.10.0-roadmap,plr,Python,deepseek-v4-flash,staged_v4,deepseek_extension::deepseek-v4-flash::plr-1.10.0-roadmap::staged_v4,6,0,0,0,0,0,stage2_contract_failed,stage2_edit_outside_stage_state,stage2_contract_failed,2026-07-10T09:21:16.819302Z,7cae99d31a6f30ab7f60fdc0
deepseek_extension::deepseek-v4-flash::plr-1.10.0-roadmap::staged_v4::rep7,deepseek_extension,plr-1.10.0-roadmap,plr,Python,deepseek-v4-flash,staged_v4,deepseek_extension::deepseek-v4-flash::plr-1.10.0-roadmap::staged_v4,7,1,1,1,1,0,test_failed,,,2026-07-10T10:03:42.100101Z,1e4b4857189fd7f57d4e702f
deepseek_extension::deepseek-v4-flash::plr-1.22.0-roadmap::single_shot_v3::rep0,deepseek_extension,plr-1.22.0-roadmap,plr,Python,deepseek-v4-flash,single_shot_v3,deepseek_extension::deepseek-v4-flash::plr-1.22.0-roadmap::single_shot_v3,0,1,1,1,1,0,test_failed,,,2026-07-10T10:03:45.639777Z,f15ab2fd36ab6739ff2d4405
deepseek_extension::deepseek-v4-flash::plr-1.22.0-roadmap::single_shot_v3::rep1,deepseek_extension,plr-1.22.0-roadmap,plr,Python,deepseek-v4-flash,single_shot_v3,deepseek_extension::deepseek-v4-flash::plr-1.22.0-roadmap::single_shot_v3,1,1,1,1,1,0,test_failed,,,2026-07-10T10:03:48.819624Z,eba394a5ff8bdd9ebce6edfe
deepseek_extension::deepseek-v4-flash::plr-1.22.0-roadmap::single_shot_v3::rep2,deepseek_extension,plr-1.22.0-roadmap,plr,Python,deepseek-v4-flash,single_shot_v3,deepseek_extension::deepseek-v4-flash::plr-1.22.0-roadmap::single_shot_v3,2,0,0,0,0,0,edit_apply_failed,edit_apply_failed,edit_apply_failed,2026-07-10T09:21:42.096263Z,463caa1fd53241be1dbd32cc
deepseek_extension::deepseek-v4-flash::plr-1.22.0-roadmap::single_shot_v3::rep3,deepseek_extension,plr-1.22.0-roadmap,plr,Python,deepseek-v4-flash,single_shot_v3,deepseek_extension::deepseek-v4-flash::plr-1.22.0-roadmap::single_shot_v3,3,0,0,0,0,0,edit_apply_failed,edit_apply_failed,edit_apply_failed,2026-07-10T09:21:52.888316Z,2fbccb23b0565bd84eb0ba2a
deepseek_extension::deepseek-v4-flash::plr-1.22.0-roadmap::single_shot_v3::rep4,deepseek_extension,plr-1.22.0-roadmap,plr,Python,deepseek-v4-flash,single_shot_v3,deepseek_extension::deepseek-v4-flash::plr-1.22.0-roadmap::single_shot_v3,4,0,0,0,0,0,edit_apply_failed,edit_apply_failed,edit_apply_failed,2026-07-10T09:22:16.918987Z,6aecbe6ec69b65a17fa6b20f
deepseek_extension::deepseek-v4-flash::plr-1.22.0-roadmap::single_shot_v3::rep5,deepseek_extension,plr-1.22.0-roadmap,plr,Python,deepseek-v4-flash,single_shot_v3,deepseek_extension::deepseek-v4-flash::plr-1.22.0-roadmap::single_shot_v3,5,0,0,0,0,0,edit_apply_failed,edit_apply_failed,edit_apply_failed,2026-07-10T09:22:00.507117Z,06facd6acfc39565d641a04c
deepseek_extension::deepseek-v4-flash::plr-1.22.0-roadmap::single_shot_v3::rep6,deepseek_extension,plr-1.22.0-roadmap,plr,Python,deepseek-v4-flash,single_shot_v3,deepseek_extension::deepseek-v4-flash::plr-1.22.0-roadmap::single_shot_v3,6,1,1,1,1,0,test_failed,,,2026-07-10T10:03:52.054550Z,49059c9afda75ecc3116fbe5
deepseek_extension::deepseek-v4-flash::plr-1.22.0-roadmap::single_shot_v3::rep7,deepseek_extension,plr-1.22.0-roadmap,plr,Python,deepseek-v4-flash,single_shot_v3,deepseek_extension::deepseek-v4-flash::plr-1.22.0-roadmap::single_shot_v3,7,0,0,0,0,0,edit_apply_failed,edit_apply_failed,edit_apply_failed,2026-07-10T09:21:47.702289Z,8b0fda8b5fcf7e8bb7d458bd
deepseek_extension::deepseek-v4-flash::plr-1.22.0-roadmap::staged_v4::rep0,deepseek_extension,plr-1.22.0-roadmap,plr,Python,deepseek-v4-flash,staged_v4,deepseek_extension::deepseek-v4-flash::plr-1.22.0-roadmap::staged_v4,0,0,0,0,0,0,stage2_contract_failed,stage2_too_many_edit_ops,stage2_contract_failed,2026-07-10T09:22:11.043877Z,280b014f9e090e403ab147fd
deepseek_extension::deepseek-v4-flash::plr-1.22.0-roadmap::staged_v4::rep1,deepseek_extension,plr-1.22.0-roadmap,plr,Python,deepseek-v4-flash,staged_v4,deepseek_extension::deepseek-v4-flash::plr-1.22.0-roadmap::staged_v4,1,0,0,0,0,0,stage2_contract_failed,stage2_too_many_edit_ops,stage2_contract_failed,2026-07-10T09:21:57.123288Z,4562abe31e7021ed3a909fd0
deepseek_extension::deepseek-v4-flash::plr-1.22.0-roadmap::staged_v4::rep2,deepseek_extension,plr-1.22.0-roadmap,plr,Python,deepseek-v4-flash,staged_v4,deepseek_extension::deepseek-v4-flash::plr-1.22.0-roadmap::staged_v4,2,0,0,0,0,0,stage2_contract_failed,stage2_too_many_edit_ops,stage2_contract_failed,2026-07-10T09:21:53.331202Z,36c0943279bc7bcc9c1dabad
deepseek_extension::deepseek-v4-flash::plr-1.22.0-roadmap::staged_v4::rep3,deepseek_extension,plr-1.22.0-roadmap,plr,Python,deepseek-v4-flash,staged_v4,deepseek_extension::deepseek-v4-flash::plr-1.22.0-roadmap::staged_v4,3,0,0,0,0,0,stage2_contract_failed,stage2_too_many_edit_ops,stage2_contract_failed,2026-07-10T09:22:08.058216Z,ffa6661671a24d5459fa9ad1
deepseek_extension::deepseek-v4-flash::plr-1.22.0-roadmap::staged_v4::rep4,deepseek_extension,plr-1.22.0-roadmap,plr,Python,deepseek-v4-flash,staged_v4,deepseek_extension::deepseek-v4-flash::plr-1.22.0-roadmap::staged_v4,4,1,1,1,1,0,test_failed,,,2026-07-10T10:03:55.236145Z,ce24de73a5bd01247e5df105
deepseek_extension::deepseek-v4-flash::plr-1.22.0-roadmap::staged_v4::rep5,deepseek_extension,plr-1.22.0-roadmap,plr,Python,deepseek-v4-flash,staged_v4,deepseek_extension::deepseek-v4-flash::plr-1.22.0-roadmap::staged_v4,5,1,1,1,1,0,test_failed,,,2026-07-10T10:03:58.438146Z,58d1eb7400c293d7fb5c2356
deepseek_extension::deepseek-v4-flash::plr-1.22.0-roadmap::staged_v4::rep6,deepseek_extension,plr-1.22.0-roadmap,plr,Python,deepseek-v4-flash,staged_v4,deepseek_extension::deepseek-v4-flash::plr-1.22.0-roadmap::staged_v4,6,0,0,0,0,0,stage2_contract_failed,stage2_too_many_edit_ops,stage2_contract_failed,2026-07-10T09:22:22.504480Z,d1a905751870a1cf5b3f0f85
deepseek_extension::deepseek-v4-flash::plr-1.22.0-roadmap::staged_v4::rep7,deepseek_extension,plr-1.22.0-roadmap,plr,Python,deepseek-v4-flash,staged_v4,deepseek_extension::deepseek-v4-flash::plr-1.22.0-roadmap::staged_v4,7,1,1,1,1,0,test_failed,,,2026-07-10T10:04:01.615017Z,a3499550db8f44983a4d0b7c
deepseek_extension::deepseek-v4-flash::prm-5.15.0-roadmap::single_shot_v3::rep0,deepseek_extension,prm-5.15.0-roadmap,prm,TypeScript,deepseek-v4-flash,single_shot_v3,deepseek_extension::deepseek-v4-flash::prm-5.15.0-roadmap::single_shot_v3,0,1,1,1,1,1,test_passed,,,2026-07-10T10:04:26.042360Z,ee91a4fec57d3c45af547372
deepseek_extension::deepseek-v4-flash::prm-5.15.0-roadmap::single_shot_v3::rep1,deepseek_extension,prm-5.15.0-roadmap,prm,TypeScript,deepseek-v4-flash,single_shot_v3,deepseek_extension::deepseek-v4-flash::prm-5.15.0-roadmap::single_shot_v3,1,1,1,1,1,1,test_passed,,,2026-07-10T10:04:49.702028Z,48ca7fe64af663d817de11b8
deepseek_extension::deepseek-v4-flash::prm-5.15.0-roadmap::single_shot_v3::rep2,deepseek_extension,prm-5.15.0-roadmap,prm,TypeScript,deepseek-v4-flash,single_shot_v3,deepseek_extension::deepseek-v4-flash::prm-5.15.0-roadmap::single_shot_v3,2,1,1,1,1,1,test_passed,,,2026-07-10T10:05:13.199260Z,eebf5e710e17cfe716441f31
deepseek_extension::deepseek-v4-flash::prm-5.15.0-roadmap::single_shot_v3::rep3,deepseek_extension,prm-5.15.0-roadmap,prm,TypeScript,deepseek-v4-flash,single_shot_v3,deepseek_extension::deepseek-v4-flash::prm-5.15.0-roadmap::single_shot_v3,3,1,1,1,1,0,test_failed,,,2026-07-10T10:05:36.491186Z,073297c58219f721f9c32ff1
deepseek_extension::deepseek-v4-flash::prm-5.15.0-roadmap::single_shot_v3::rep4,deepseek_extension,prm-5.15.0-roadmap,prm,TypeScript,deepseek-v4-flash,single_shot_v3,deepseek_extension::deepseek-v4-flash::prm-5.15.0-roadmap::single_shot_v3,4,1,1,1,1,1,test_passed,,,2026-07-10T10:05:59.967914Z,bf181375d94e1669306320a7
deepseek_extension::deepseek-v4-flash::prm-5.15.0-roadmap::single_shot_v3::rep5,deepseek_extension,prm-5.15.0-roadmap,prm,TypeScript,deepseek-v4-flash,single_shot_v3,deepseek_extension::deepseek-v4-flash::prm-5.15.0-roadmap::single_shot_v3,5,1,1,1,1,1,test_passed,,,2026-07-10T10:06:23.631161Z,efe497f6c3949985b52c4cca
deepseek_extension::deepseek-v4-flash::prm-5.15.0-roadmap::single_shot_v3::rep6,deepseek_extension,prm-5.15.0-roadmap,prm,TypeScript,deepseek-v4-flash,single_shot_v3,deepseek_extension::deepseek-v4-flash::prm-5.15.0-roadmap::single_shot_v3,6,1,1,1,1,1,test_passed,,,2026-07-10T10:06:47.133470Z,9d84c396c4eae7aaf4abda29
deepseek_extension::deepseek-v4-flash::prm-5.15.0-roadmap::single_shot_v3::rep7,deepseek_extension,prm-5.15.0-roadmap,prm,TypeScript,deepseek-v4-flash,single_shot_v3,deepseek_extension::deepseek-v4-flash::prm-5.15.0-roadmap::single_shot_v3,7,1,1,1,1,1,test_passed,,,2026-07-10T10:07:10.800050Z,95c18f5e71fb6e0733c62188
deepseek_extension::deepseek-v4-flash::prm-5.15.0-roadmap::staged_v4::rep0,deepseek_extension,prm-5.15.0-roadmap,prm,TypeScript,deepseek-v4-flash,staged_v4,deepseek_extension::deepseek-v4-flash::prm-5.15.0-roadmap::staged_v4,0,0,0,0,0,0,stage1_plan_failed,stage_state_too_many_existing_files,stage1_plan_failed,2026-07-10T09:22:24.661976Z,4259cfe0fe3b37044d108e78
deepseek_extension::deepseek-v4-flash::prm-5.15.0-roadmap::staged_v4::rep1,deepseek_extension,prm-5.15.0-roadmap,prm,TypeScript,deepseek-v4-flash,staged_v4,deepseek_extension::deepseek-v4-flash::prm-5.15.0-roadmap::staged_v4,1,0,0,0,0,0,stage2_contract_failed,stage2_too_many_edit_ops,stage2_contract_failed,2026-07-10T09:22:53.421687Z,d0a2d28de990202ea2db17b9
deepseek_extension::deepseek-v4-flash::prm-5.15.0-roadmap::staged_v4::rep2,deepseek_extension,prm-5.15.0-roadmap,prm,TypeScript,deepseek-v4-flash,staged_v4,deepseek_extension::deepseek-v4-flash::prm-5.15.0-roadmap::staged_v4,2,0,0,0,0,0,stage2_contract_failed,stage2_too_many_edit_ops,stage2_contract_failed,2026-07-10T09:22:57.742993Z,20c032a2e42d0b48bb033b2a
deepseek_extension::deepseek-v4-flash::prm-5.15.0-roadmap::staged_v4::rep3,deepseek_extension,prm-5.15.0-roadmap,prm,TypeScript,deepseek-v4-flash,staged_v4,deepseek_extension::deepseek-v4-flash::prm-5.15.0-roadmap::staged_v4,3,0,0,0,0,0,stage1_plan_failed,stage_state_too_many_existing_files,stage1_plan_failed,2026-07-10T09:22:34.279695Z,ce0b3f6f4b68aa8d86d31f47
deepseek_extension::deepseek-v4-flash::prm-5.15.0-roadmap::staged_v4::rep4,deepseek_extension,prm-5.15.0-roadmap,prm,TypeScript,deepseek-v4-flash,staged_v4,deepseek_extension::deepseek-v4-flash::prm-5.15.0-roadmap::staged_v4,4,0,0,0,0,0,stage2_contract_failed,stage2_edit_outside_stage_state,stage2_contract_failed,2026-07-10T09:22:57.787662Z,713da32c772afb3ba4109d26
deepseek_extension::deepseek-v4-flash::prm-5.15.0-roadmap::staged_v4::rep5,deepseek_extension,prm-5.15.0-roadmap,prm,TypeScript,deepseek-v4-flash,staged_v4,deepseek_extension::deepseek-v4-flash::prm-5.15.0-roadmap::staged_v4,5,0,0,0,0,0,stage1_plan_failed,stage_state_too_many_existing_files,stage1_plan_failed,2026-07-10T09:22:35.696109Z,ca862153ea0ef5faf8b605c8
deepseek_extension::deepseek-v4-flash::prm-5.15.0-roadmap::staged_v4::rep6,deepseek_extension,prm-5.15.0-roadmap,prm,TypeScript,deepseek-v4-flash,staged_v4,deepseek_extension::deepseek-v4-flash::prm-5.15.0-roadmap::staged_v4,6,0,0,0,0,0,stage2_contract_failed,stage2_too_many_edit_ops,stage2_contract_failed,2026-07-10T09:23:01.161541Z,7f606096728c3e5ee626aa9e
deepseek_extension::deepseek-v4-flash::prm-5.15.0-roadmap::staged_v4::rep7,deepseek_extension,prm-5.15.0-roadmap,prm,TypeScript,deepseek-v4-flash,staged_v4,deepseek_extension::deepseek-v4-flash::prm-5.15.0-roadmap::staged_v4,7,0,0,0,0,0,stage1_plan_failed,stage_state_too_many_existing_files,stage1_plan_failed,2026-07-10T09:22:37.538854Z,6897e6f843c0d5b96625828a
deepseek_extension::deepseek-v4-flash::prm-6.16.0-roadmap::single_shot_v3::rep0,deepseek_extension,prm-6.16.0-roadmap,prm,TypeScript,deepseek-v4-flash,single_shot_v3,deepseek_extension::deepseek-v4-flash::prm-6.16.0-roadmap::single_shot_v3,0,1,1,1,1,0,test_failed,,,2026-07-10T10:07:27.640362Z,8dcb43780fad9f56064d0372
deepseek_extension::deepseek-v4-flash::prm-6.16.0-roadmap::single_shot_v3::rep1,deepseek_extension,prm-6.16.0-roadmap,prm,TypeScript,deepseek-v4-flash,single_shot_v3,deepseek_extension::deepseek-v4-flash::prm-6.16.0-roadmap::single_shot_v3,1,1,1,1,1,0,test_failed,,,2026-07-10T10:07:44.509077Z,a52294c694db14f25280b285
deepseek_extension::deepseek-v4-flash::prm-6.16.0-roadmap::single_shot_v3::rep2,deepseek_extension,prm-6.16.0-roadmap,prm,TypeScript,deepseek-v4-flash,single_shot_v3,deepseek_extension::deepseek-v4-flash::prm-6.16.0-roadmap::single_shot_v3,2,1,1,1,1,0,test_failed,,,2026-07-10T10:08:01.425393Z,4b3ceb1fb7753a07c3c3bbb6
deepseek_extension::deepseek-v4-flash::prm-6.16.0-roadmap::single_shot_v3::rep3,deepseek_extension,prm-6.16.0-roadmap,prm,TypeScript,deepseek-v4-flash,single_shot_v3,deepseek_extension::deepseek-v4-flash::prm-6.16.0-roadmap::single_shot_v3,3,1,1,1,1,0,test_failed,,,2026-07-10T10:08:16.919309Z,d62406bbd7830e84d340587c
deepseek_extension::deepseek-v4-flash::prm-6.16.0-roadmap::single_shot_v3::rep4,deepseek_extension,prm-6.16.0-roadmap,prm,TypeScript,deepseek-v4-flash,single_shot_v3,deepseek_extension::deepseek-v4-flash::prm-6.16.0-roadmap::single_shot_v3,4,1,1,1,1,0,test_failed,,,2026-07-10T10:08:32.075267Z,412ba9887ec9272b38f7a478
deepseek_extension::deepseek-v4-flash::prm-6.16.0-roadmap::single_shot_v3::rep5,deepseek_extension,prm-6.16.0-roadmap,prm,TypeScript,deepseek-v4-flash,single_shot_v3,deepseek_extension::deepseek-v4-flash::prm-6.16.0-roadmap::single_shot_v3,5,1,1,1,1,0,test_failed,,,2026-07-10T10:08:47.213123Z,d2e6eee356b21965caee5b9e
deepseek_extension::deepseek-v4-flash::prm-6.16.0-roadmap::single_shot_v3::rep6,deepseek_extension,prm-6.16.0-roadmap,prm,TypeScript,deepseek-v4-flash,single_shot_v3,deepseek_extension::deepseek-v4-flash::prm-6.16.0-roadmap::single_shot_v3,6,1,1,1,1,0,test_failed,,,2026-07-10T10:09:02.459310Z,aff6f9dd293f6d0db2bba29e
deepseek_extension::deepseek-v4-flash::prm-6.16.0-roadmap::single_shot_v3::rep7,deepseek_extension,prm-6.16.0-roadmap,prm,TypeScript,deepseek-v4-flash,single_shot_v3,deepseek_extension::deepseek-v4-flash::prm-6.16.0-roadmap::single_shot_v3,7,1,1,1,1,0,test_failed,,,2026-07-10T10:09:17.623668Z,3683102cbd980c904b960449
deepseek_extension::deepseek-v4-flash::prm-6.16.0-roadmap::staged_v4::rep0,deepseek_extension,prm-6.16.0-roadmap,prm,TypeScript,deepseek-v4-flash,staged_v4,deepseek_extension::deepseek-v4-flash::prm-6.16.0-roadmap::staged_v4,0,0,0,0,0,0,stage2_contract_failed,stage2_too_many_edit_ops,stage2_contract_failed,2026-07-10T09:24:42.415344Z,533c36871c31598edd7ad4a3
deepseek_extension::deepseek-v4-flash::prm-6.16.0-roadmap::staged_v4::rep1,deepseek_extension,prm-6.16.0-roadmap,prm,TypeScript,deepseek-v4-flash,staged_v4,deepseek_extension::deepseek-v4-flash::prm-6.16.0-roadmap::staged_v4,1,0,0,0,0,0,stage1_plan_failed,stage_state_forbidden_terms,stage1_plan_failed,2026-07-10T09:23:05.509485Z,f9dcb01388fcdcf42daa13b6
deepseek_extension::deepseek-v4-flash::prm-6.16.0-roadmap::staged_v4::rep2,deepseek_extension,prm-6.16.0-roadmap,prm,TypeScript,deepseek-v4-flash,staged_v4,deepseek_extension::deepseek-v4-flash::prm-6.16.0-roadmap::staged_v4,2,0,0,0,0,0,stage1_plan_failed,stage_state_forbidden_terms,stage1_plan_failed,2026-07-10T09:23:10.292695Z,55fdb9624b4cb5f20fc21778
deepseek_extension::deepseek-v4-flash::prm-6.16.0-roadmap::staged_v4::rep3,deepseek_extension,prm-6.16.0-roadmap,prm,TypeScript,deepseek-v4-flash,staged_v4,deepseek_extension::deepseek-v4-flash::prm-6.16.0-roadmap::staged_v4,3,0,0,0,0,0,stage1_plan_failed,stage_state_forbidden_terms,stage1_plan_failed,2026-07-10T09:23:19.657499Z,f2faaa90068f6d7aef9332d1
deepseek_extension::deepseek-v4-flash::prm-6.16.0-roadmap::staged_v4::rep4,deepseek_extension,prm-6.16.0-roadmap,prm,TypeScript,deepseek-v4-flash,staged_v4,deepseek_extension::deepseek-v4-flash::prm-6.16.0-roadmap::staged_v4,4,0,0,0,0,0,stage2_contract_failed,stage2_edit_outside_stage_state,stage2_contract_failed,2026-07-10T09:23:44.070442Z,af039c9851908015ecaa2599
deepseek_extension::deepseek-v4-flash::prm-6.16.0-roadmap::staged_v4::rep5,deepseek_extension,prm-6.16.0-roadmap,prm,TypeScript,deepseek-v4-flash,staged_v4,deepseek_extension::deepseek-v4-flash::prm-6.16.0-roadmap::staged_v4,5,0,0,0,0,0,stage1_plan_failed,stage_state_forbidden_terms,stage1_plan_failed,2026-07-10T09:23:31.724669Z,1e9281bd465cb2bb6e9b8d10
deepseek_extension::deepseek-v4-flash::prm-6.16.0-roadmap::staged_v4::rep6,deepseek_extension,prm-6.16.0-roadmap,prm,TypeScript,deepseek-v4-flash,staged_v4,deepseek_extension::deepseek-v4-flash::prm-6.16.0-roadmap::staged_v4,6,0,0,0,0,0,stage1_plan_failed,stage_state_forbidden_terms,stage1_plan_failed,2026-07-10T09:23:32.802816Z,046cbe626c81c6dd2849b4f0
deepseek_extension::deepseek-v4-flash::prm-6.16.0-roadmap::staged_v4::rep7,deepseek_extension,prm-6.16.0-roadmap,prm,TypeScript,deepseek-v4-flash,staged_v4,deepseek_extension::deepseek-v4-flash::prm-6.16.0-roadmap::staged_v4,7,0,0,0,0,0,stage2_contract_failed,stage2_edit_outside_stage_state,stage2_contract_failed,2026-07-10T09:23:53.669141Z,db0116cb9afc00db3b9a09b2
deepseek_extension::deepseek-v4-flash::pyg-2.2.0-roadmap::single_shot_v3::rep0,deepseek_extension,pyg-2.2.0-roadmap,pyg,Python,deepseek-v4-flash,single_shot_v3,deepseek_extension::deepseek-v4-flash::pyg-2.2.0-roadmap::single_shot_v3,0,0,0,0,0,0,edit_apply_failed,edit_apply_failed,edit_apply_failed,2026-07-10T09:25:21.631964Z,5b86f925b7a3b43a68cd2715
deepseek_extension::deepseek-v4-flash::pyg-2.2.0-roadmap::single_shot_v3::rep1,deepseek_extension,pyg-2.2.0-roadmap,pyg,Python,deepseek-v4-flash,single_shot_v3,deepseek_extension::deepseek-v4-flash::pyg-2.2.0-roadmap::single_shot_v3,1,0,0,0,0,0,edit_apply_failed,edit_apply_failed,edit_apply_failed,2026-07-10T09:24:33.506484Z,aa9f6be587b3be802ee8c835
deepseek_extension::deepseek-v4-flash::pyg-2.2.0-roadmap::single_shot_v3::rep2,deepseek_extension,pyg-2.2.0-roadmap,pyg,Python,deepseek-v4-flash,single_shot_v3,deepseek_extension::deepseek-v4-flash::pyg-2.2.0-roadmap::single_shot_v3,2,0,0,0,0,0,edit_apply_failed,edit_apply_failed,edit_apply_failed,2026-07-10T09:25:27.511327Z,5319a3a60a506cfcb56a41bc
deepseek_extension::deepseek-v4-flash::pyg-2.2.0-roadmap::single_shot_v3::rep3,deepseek_extension,pyg-2.2.0-roadmap,pyg,Python,deepseek-v4-flash,single_shot_v3,deepseek_extension::deepseek-v4-flash::pyg-2.2.0-roadmap::single_shot_v3,3,0,0,0,0,0,edit_apply_failed,edit_apply_failed,edit_apply_failed,2026-07-10T09:25:33.931894Z,7f0acb1e2efebdaa4b976f47
deepseek_extension::deepseek-v4-flash::pyg-2.2.0-roadmap::single_shot_v3::rep4,deepseek_extension,pyg-2.2.0-roadmap,pyg,Python,deepseek-v4-flash,single_shot_v3,deepseek_extension::deepseek-v4-flash::pyg-2.2.0-roadmap::single_shot_v3,4,0,0,0,0,0,edit_apply_failed,edit_apply_failed,edit_apply_failed,2026-07-10T09:25:12.523237Z,aa8b22f09c3fe8f343060238
deepseek_extension::deepseek-v4-flash::pyg-2.2.0-roadmap::single_shot_v3::rep5,deepseek_extension,pyg-2.2.0-roadmap,pyg,Python,deepseek-v4-flash,single_shot_v3,deepseek_extension::deepseek-v4-flash::pyg-2.2.0-roadmap::single_shot_v3,5,0,0,0,0,0,edit_apply_failed,edit_apply_failed,edit_apply_failed,2026-07-10T09:25:08.792250Z,5699c9911697c5d844b0d9d8
deepseek_extension::deepseek-v4-flash::pyg-2.2.0-roadmap::single_shot_v3::rep6,deepseek_extension,pyg-2.2.0-roadmap,pyg,Python,deepseek-v4-flash,single_shot_v3,deepseek_extension::deepseek-v4-flash::pyg-2.2.0-roadmap::single_shot_v3,6,0,0,0,0,0,edit_apply_failed,edit_apply_failed,edit_apply_failed,2026-07-10T09:25:07.676723Z,4cdf9193ea2ef78c4921cdbb
deepseek_extension::deepseek-v4-flash::pyg-2.2.0-roadmap::single_shot_v3::rep7,deepseek_extension,pyg-2.2.0-roadmap,pyg,Python,deepseek-v4-flash,single_shot_v3,deepseek_extension::deepseek-v4-flash::pyg-2.2.0-roadmap::single_shot_v3,7,0,0,0,0,0,edit_apply_failed,edit_apply_failed,edit_apply_failed,2026-07-10T09:25:17.450191Z,69dc8d3f44b639e90f4b8ac9
deepseek_extension::deepseek-v4-flash::pyg-2.2.0-roadmap::staged_v4::rep0,deepseek_extension,pyg-2.2.0-roadmap,pyg,Python,deepseek-v4-flash,staged_v4,deepseek_extension::deepseek-v4-flash::pyg-2.2.0-roadmap::staged_v4,0,0,0,0,0,0,stage2_contract_failed,stage2_too_many_edit_ops,stage2_contract_failed,2026-07-10T09:25:38.904804Z,ca8e64a763ade71f98437a2a
deepseek_extension::deepseek-v4-flash::pyg-2.2.0-roadmap::staged_v4::rep1,deepseek_extension,pyg-2.2.0-roadmap,pyg,Python,deepseek-v4-flash,staged_v4,deepseek_extension::deepseek-v4-flash::pyg-2.2.0-roadmap::staged_v4,1,0,0,0,0,0,stage2_contract_failed,stage2_edit_outside_stage_state,stage2_contract_failed,2026-07-10T09:25:29.942020Z,f47ef0b59efd3082e877be5f
deepseek_extension::deepseek-v4-flash::pyg-2.2.0-roadmap::staged_v4::rep2,deepseek_extension,pyg-2.2.0-roadmap,pyg,Python,deepseek-v4-flash,staged_v4,deepseek_extension::deepseek-v4-flash::pyg-2.2.0-roadmap::staged_v4,2,0,0,0,0,0,stage2_contract_failed,stage2_edit_outside_stage_state,stage2_contract_failed,2026-07-10T09:25:37.664921Z,3496485337c4eb88459e8a7a
deepseek_extension::deepseek-v4-flash::pyg-2.2.0-roadmap::staged_v4::rep3,deepseek_extension,pyg-2.2.0-roadmap,pyg,Python,deepseek-v4-flash,staged_v4,deepseek_extension::deepseek-v4-flash::pyg-2.2.0-roadmap::staged_v4,3,0,0,0,0,0,stage2_contract_failed,stage2_edit_outside_stage_state,stage2_contract_failed,2026-07-10T09:26:02.631202Z,751498ed95371e9ee012169e
deepseek_extension::deepseek-v4-flash::pyg-2.2.0-roadmap::staged_v4::rep4,deepseek_extension,pyg-2.2.0-roadmap,pyg,Python,deepseek-v4-flash,staged_v4,deepseek_extension::deepseek-v4-flash::pyg-2.2.0-roadmap::staged_v4,4,0,0,0,0,0,edit_path_disallowed,edit_path_disallowed,edit_path_disallowed,2026-07-10T09:25:46.448238Z,21328ab9c93f70b6db9df04e
deepseek_extension::deepseek-v4-flash::pyg-2.2.0-roadmap::staged_v4::rep5,deepseek_extension,pyg-2.2.0-roadmap,pyg,Python,deepseek-v4-flash,staged_v4,deepseek_extension::deepseek-v4-flash::pyg-2.2.0-roadmap::staged_v4,5,0,0,0,0,0,edit_path_disallowed,edit_path_disallowed,edit_path_disallowed,2026-07-10T09:25:51.888362Z,27d4c24a8d4ab1ae299c53c0
deepseek_extension::deepseek-v4-flash::pyg-2.2.0-roadmap::staged_v4::rep6,deepseek_extension,pyg-2.2.0-roadmap,pyg,Python,deepseek-v4-flash,staged_v4,deepseek_extension::deepseek-v4-flash::pyg-2.2.0-roadmap::staged_v4,6,0,0,0,0,0,stage2_contract_failed,stage2_edit_outside_stage_state,stage2_contract_failed,2026-07-10T09:25:58.611761Z,f4fc7573086cd048f3a1bfbd
deepseek_extension::deepseek-v4-flash::pyg-2.2.0-roadmap::staged_v4::rep7,deepseek_extension,pyg-2.2.0-roadmap,pyg,Python,deepseek-v4-flash,staged_v4,deepseek_extension::deepseek-v4-flash::pyg-2.2.0-roadmap::staged_v4,7,0,0,0,0,0,stage2_contract_failed,candidate_edit_ops_invalid,stage2_contract_failed,2026-07-10T09:26:24.711371Z,9af70775bc329bb187593245
deepseek_extension::deepseek-v4-flash::pyg-2.4.0-roadmap::single_shot_v3::rep0,deepseek_extension,pyg-2.4.0-roadmap,pyg,Python,deepseek-v4-flash,single_shot_v3,deepseek_extension::deepseek-v4-flash::pyg-2.4.0-roadmap::single_shot_v3,0,1,1,1,1,0,test_failed,,,2026-07-10T10:10:17.969830Z,c4b7f9cd801061ba003931d1
deepseek_extension::deepseek-v4-flash::pyg-2.4.0-roadmap::single_shot_v3::rep1,deepseek_extension,pyg-2.4.0-roadmap,pyg,Python,deepseek-v4-flash,single_shot_v3,deepseek_extension::deepseek-v4-flash::pyg-2.4.0-roadmap::single_shot_v3,1,1,1,1,1,0,test_failed,,,2026-07-10T10:10:45.412731Z,090fbd7e0a925aa2dc8aa48a
deepseek_extension::deepseek-v4-flash::pyg-2.4.0-roadmap::single_shot_v3::rep2,deepseek_extension,pyg-2.4.0-roadmap,pyg,Python,deepseek-v4-flash,single_shot_v3,deepseek_extension::deepseek-v4-flash::pyg-2.4.0-roadmap::single_shot_v3,2,1,1,1,1,0,test_failed,,,2026-07-10T10:11:12.045702Z,29591476c70f0a5724e4f32c
deepseek_extension::deepseek-v4-flash::pyg-2.4.0-roadmap::single_shot_v3::rep3,deepseek_extension,pyg-2.4.0-roadmap,pyg,Python,deepseek-v4-flash,single_shot_v3,deepseek_extension::deepseek-v4-flash::pyg-2.4.0-roadmap::single_shot_v3,3,1,1,1,1,0,test_failed,,,2026-07-10T10:11:38.027660Z,969a5358f69ac5dc08db3bf2
deepseek_extension::deepseek-v4-flash::pyg-2.4.0-roadmap::single_shot_v3::rep4,deepseek_extension,pyg-2.4.0-roadmap,pyg,Python,deepseek-v4-flash,single_shot_v3,deepseek_extension::deepseek-v4-flash::pyg-2.4.0-roadmap::single_shot_v3,4,1,1,1,1,0,test_failed,,,2026-07-10T10:12:03.304387Z,93c1da4bc02c1f31e7841eec
deepseek_extension::deepseek-v4-flash::pyg-2.4.0-roadmap::single_shot_v3::rep5,deepseek_extension,pyg-2.4.0-roadmap,pyg,Python,deepseek-v4-flash,single_shot_v3,deepseek_extension::deepseek-v4-flash::pyg-2.4.0-roadmap::single_shot_v3,5,1,1,1,1,0,test_failed,,,2026-07-10T10:12:29.080372Z,6152b9c72826331e7486e136
deepseek_extension::deepseek-v4-flash::pyg-2.4.0-roadmap::single_shot_v3::rep6,deepseek_extension,pyg-2.4.0-roadmap,pyg,Python,deepseek-v4-flash,single_shot_v3,deepseek_extension::deepseek-v4-flash::pyg-2.4.0-roadmap::single_shot_v3,6,1,1,1,1,0,test_failed,,,2026-07-10T10:12:55.702079Z,91a105fe5b4ee0f003e89c54
deepseek_extension::deepseek-v4-flash::pyg-2.4.0-roadmap::single_shot_v3::rep7,deepseek_extension,pyg-2.4.0-roadmap,pyg,Python,deepseek-v4-flash,single_shot_v3,deepseek_extension::deepseek-v4-flash::pyg-2.4.0-roadmap::single_shot_v3,7,1,1,1,1,0,test_failed,,,2026-07-10T10:13:18.245587Z,46e9308df96be6cc955b2b2e
deepseek_extension::deepseek-v4-flash::pyg-2.4.0-roadmap::staged_v4::rep0,deepseek_extension,pyg-2.4.0-roadmap,pyg,Python,deepseek-v4-flash,staged_v4,deepseek_extension::deepseek-v4-flash::pyg-2.4.0-roadmap::staged_v4,0,0,0,0,0,0,stage2_contract_failed,stage2_too_many_edit_ops,stage2_contract_failed,2026-07-10T09:26:36.465511Z,0484abf796f6a91700bad490
deepseek_extension::deepseek-v4-flash::pyg-2.4.0-roadmap::staged_v4::rep1,deepseek_extension,pyg-2.4.0-roadmap,pyg,Python,deepseek-v4-flash,staged_v4,deepseek_extension::deepseek-v4-flash::pyg-2.4.0-roadmap::staged_v4,1,1,1,1,1,0,test_failed,,,2026-07-10T10:13:42.655767Z,c1eb8f6ac31f3a6f32fa5996
deepseek_extension::deepseek-v4-flash::pyg-2.4.0-roadmap::staged_v4::rep2,deepseek_extension,pyg-2.4.0-roadmap,pyg,Python,deepseek-v4-flash,staged_v4,deepseek_extension::deepseek-v4-flash::pyg-2.4.0-roadmap::staged_v4,2,0,0,0,0,0,stage2_contract_failed,stage2_too_many_edit_ops,stage2_contract_failed,2026-07-10T09:27:06.389822Z,9cc862ad95546f5fbab7cd56
deepseek_extension::deepseek-v4-flash::pyg-2.4.0-roadmap::staged_v4::rep3,deepseek_extension,pyg-2.4.0-roadmap,pyg,Python,deepseek-v4-flash,staged_v4,deepseek_extension::deepseek-v4-flash::pyg-2.4.0-roadmap::staged_v4,3,0,0,0,0,0,stage2_contract_failed,stage2_edit_outside_stage_state,stage2_contract_failed,2026-07-10T09:27:17.831499Z,2d7fb403c7aab2ae9b9c71b8
deepseek_extension::deepseek-v4-flash::pyg-2.4.0-roadmap::staged_v4::rep4,deepseek_extension,pyg-2.4.0-roadmap,pyg,Python,deepseek-v4-flash,staged_v4,deepseek_extension::deepseek-v4-flash::pyg-2.4.0-roadmap::staged_v4,4,0,0,0,0,0,stage2_contract_failed,stage2_too_many_edit_ops,stage2_contract_failed,2026-07-10T09:27:13.190857Z,a819bc7215bab9a01dc8b86b
deepseek_extension::deepseek-v4-flash::pyg-2.4.0-roadmap::staged_v4::rep5,deepseek_extension,pyg-2.4.0-roadmap,pyg,Python,deepseek-v4-flash,staged_v4,deepseek_extension::deepseek-v4-flash::pyg-2.4.0-roadmap::staged_v4,5,1,1,1,1,0,test_failed,,,2026-07-10T10:14:05.981982Z,ef60e54b7d373618d513ba6a
deepseek_extension::deepseek-v4-flash::pyg-2.4.0-roadmap::staged_v4::rep6,deepseek_extension,pyg-2.4.0-roadmap,pyg,Python,deepseek-v4-flash,staged_v4,deepseek_extension::deepseek-v4-flash::pyg-2.4.0-roadmap::staged_v4,6,1,1,1,1,0,test_failed,,,2026-07-10T10:14:29.541098Z,9f20b66a406559d685d2959b
deepseek_extension::deepseek-v4-flash::pyg-2.4.0-roadmap::staged_v4::rep7,deepseek_extension,pyg-2.4.0-roadmap,pyg,Python,deepseek-v4-flash,staged_v4,deepseek_extension::deepseek-v4-flash::pyg-2.4.0-roadmap::staged_v4,7,0,0,0,0,0,stage2_contract_failed,stage2_too_many_edit_ops,stage2_contract_failed,2026-07-10T09:27:15.064779Z,26135b6aff8cd2d8ee9c08aa
deepseek_extension::deepseek-v4-flash::pyg-2.7.0-roadmap::single_shot_v3::rep0,deepseek_extension,pyg-2.7.0-roadmap,pyg,Python,deepseek-v4-flash,single_shot_v3,deepseek_extension::deepseek-v4-flash::pyg-2.7.0-roadmap::single_shot_v3,0,0,0,0,0,0,finish_reason_length,edit_json_invalid,finish_reason_length,2026-07-10T09:29:55.978141Z,a486b8fefc375d1911e5699b
deepseek_extension::deepseek-v4-flash::pyg-2.7.0-roadmap::single_shot_v3::rep1,deepseek_extension,pyg-2.7.0-roadmap,pyg,Python,deepseek-v4-flash,single_shot_v3,deepseek_extension::deepseek-v4-flash::pyg-2.7.0-roadmap::single_shot_v3,1,0,0,0,0,0,finish_reason_length,edit_json_invalid,finish_reason_length,2026-07-10T09:29:47.859235Z,7221f84658621c403b8d2db7
deepseek_extension::deepseek-v4-flash::pyg-2.7.0-roadmap::single_shot_v3::rep2,deepseek_extension,pyg-2.7.0-roadmap,pyg,Python,deepseek-v4-flash,single_shot_v3,deepseek_extension::deepseek-v4-flash::pyg-2.7.0-roadmap::single_shot_v3,2,0,0,0,0,0,edit_json_invalid,edit_json_invalid,edit_json_invalid,2026-07-10T09:29:11.745613Z,c01608a7e32ee9918e6e4192
deepseek_extension::deepseek-v4-flash::pyg-2.7.0-roadmap::single_shot_v3::rep3,deepseek_extension,pyg-2.7.0-roadmap,pyg,Python,deepseek-v4-flash,single_shot_v3,deepseek_extension::deepseek-v4-flash::pyg-2.7.0-roadmap::single_shot_v3,3,0,0,0,0,0,edit_json_invalid,edit_json_invalid,edit_json_invalid,2026-07-10T09:29:04.959293Z,5d4dfb21004a3d7423c5d89b
deepseek_extension::deepseek-v4-flash::pyg-2.7.0-roadmap::single_shot_v3::rep4,deepseek_extension,pyg-2.7.0-roadmap,pyg,Python,deepseek-v4-flash,single_shot_v3,deepseek_extension::deepseek-v4-flash::pyg-2.7.0-roadmap::single_shot_v3,4,0,0,0,0,0,edit_json_invalid,edit_json_invalid,edit_json_invalid,2026-07-10T09:29:10.574667Z,1ea53f51115e23b9af4c803b
deepseek_extension::deepseek-v4-flash::pyg-2.7.0-roadmap::single_shot_v3::rep5,deepseek_extension,pyg-2.7.0-roadmap,pyg,Python,deepseek-v4-flash,single_shot_v3,deepseek_extension::deepseek-v4-flash::pyg-2.7.0-roadmap::single_shot_v3,5,0,0,0,0,0,edit_path_disallowed,edit_path_disallowed,edit_path_disallowed,2026-07-10T09:29:09.370781Z,3bd0651c262eed402f45a09a
deepseek_extension::deepseek-v4-flash::pyg-2.7.0-roadmap::single_shot_v3::rep6,deepseek_extension,pyg-2.7.0-roadmap,pyg,Python,deepseek-v4-flash,single_shot_v3,deepseek_extension::deepseek-v4-flash::pyg-2.7.0-roadmap::single_shot_v3,6,0,0,0,0,0,edit_json_invalid,edit_json_invalid,edit_json_invalid,2026-07-10T09:28:37.195457Z,fe52556939e6ed97162ff384
deepseek_extension::deepseek-v4-flash::pyg-2.7.0-roadmap::single_shot_v3::rep7,deepseek_extension,pyg-2.7.0-roadmap,pyg,Python,deepseek-v4-flash,single_shot_v3,deepseek_extension::deepseek-v4-flash::pyg-2.7.0-roadmap::single_shot_v3,7,0,0,0,0,0,edit_path_disallowed,edit_path_disallowed,edit_path_disallowed,2026-07-10T09:28:25.718044Z,440a00fe82cd2776f1dca256
deepseek_extension::deepseek-v4-flash::pyg-2.7.0-roadmap::staged_v4::rep0,deepseek_extension,pyg-2.7.0-roadmap,pyg,Python,deepseek-v4-flash,staged_v4,deepseek_extension::deepseek-v4-flash::pyg-2.7.0-roadmap::staged_v4,0,0,0,0,0,0,edit_apply_failed,edit_apply_failed,edit_apply_failed,2026-07-10T09:29:13.909618Z,73e838994ba8fc074df69df0
deepseek_extension::deepseek-v4-flash::pyg-2.7.0-roadmap::staged_v4::rep1,deepseek_extension,pyg-2.7.0-roadmap,pyg,Python,deepseek-v4-flash,staged_v4,deepseek_extension::deepseek-v4-flash::pyg-2.7.0-roadmap::staged_v4,1,0,0,0,0,0,edit_apply_failed,edit_apply_failed,edit_apply_failed,2026-07-10T09:29:13.390112Z,f3804a414cee10a41314a7d0
deepseek_extension::deepseek-v4-flash::pyg-2.7.0-roadmap::staged_v4::rep2,deepseek_extension,pyg-2.7.0-roadmap,pyg,Python,deepseek-v4-flash,staged_v4,deepseek_extension::deepseek-v4-flash::pyg-2.7.0-roadmap::staged_v4,2,0,0,0,0,0,edit_apply_failed,edit_apply_failed,edit_apply_failed,2026-07-10T09:30:26.397092Z,5240b872af91dd1a5dbceabc
deepseek_extension::deepseek-v4-flash::pyg-2.7.0-roadmap::staged_v4::rep3,deepseek_extension,pyg-2.7.0-roadmap,pyg,Python,deepseek-v4-flash,staged_v4,deepseek_extension::deepseek-v4-flash::pyg-2.7.0-roadmap::staged_v4,3,0,0,0,0,0,edit_apply_failed,edit_apply_failed,edit_apply_failed,2026-07-10T09:29:55.659737Z,04d9fd611021bfc79a741a64
deepseek_extension::deepseek-v4-flash::pyg-2.7.0-roadmap::staged_v4::rep4,deepseek_extension,pyg-2.7.0-roadmap,pyg,Python,deepseek-v4-flash,staged_v4,deepseek_extension::deepseek-v4-flash::pyg-2.7.0-roadmap::staged_v4,4,0,0,0,0,0,stage1_plan_failed,stage_state_too_many_planned_new_files,stage1_plan_failed,2026-07-10T09:29:09.833616Z,b8fdde4d744304b3b5ae3ac3
deepseek_extension::deepseek-v4-flash::pyg-2.7.0-roadmap::staged_v4::rep5,deepseek_extension,pyg-2.7.0-roadmap,pyg,Python,deepseek-v4-flash,staged_v4,deepseek_extension::deepseek-v4-flash::pyg-2.7.0-roadmap::staged_v4,5,0,0,0,0,0,stage2_contract_failed,candidate_edit_ops_invalid,stage2_contract_failed,2026-07-10T09:31:14.988154Z,5e9f0525e777f64a66790de7
deepseek_extension::deepseek-v4-flash::pyg-2.7.0-roadmap::staged_v4::rep6,deepseek_extension,pyg-2.7.0-roadmap,pyg,Python,deepseek-v4-flash,staged_v4,deepseek_extension::deepseek-v4-flash::pyg-2.7.0-roadmap::staged_v4,6,0,0,0,0,0,stage2_contract_failed,stage2_too_many_edit_ops,stage2_contract_failed,2026-07-10T09:30:55.251533Z,44fd7cbbde7df4eb5bbf4878
deepseek_extension::deepseek-v4-flash::pyg-2.7.0-roadmap::staged_v4::rep7,deepseek_extension,pyg-2.7.0-roadmap,pyg,Python,deepseek-v4-flash,staged_v4,deepseek_extension::deepseek-v4-flash::pyg-2.7.0-roadmap::staged_v4,7,0,0,0,0,0,edit_apply_failed,edit_apply_failed,edit_apply_failed,2026-07-10T09:31:10.734376Z,4a4dc84b5be0b77e4ce89b02
deepseek_extension::deepseek-v4-flash::rat-0.27.0-roadmap::single_shot_v3::rep0,deepseek_extension,rat-0.27.0-roadmap,rat,Rust,deepseek-v4-flash,single_shot_v3,deepseek_extension::deepseek-v4-flash::rat-0.27.0-roadmap::single_shot_v3,0,0,0,0,0,0,edit_apply_failed,edit_apply_failed,edit_apply_failed,2026-07-10T09:29:47.968768Z,ebba8f4e632d6469cff59fbb
deepseek_extension::deepseek-v4-flash::rat-0.27.0-roadmap::single_shot_v3::rep1,deepseek_extension,rat-0.27.0-roadmap,rat,Rust,deepseek-v4-flash,single_shot_v3,deepseek_extension::deepseek-v4-flash::rat-0.27.0-roadmap::single_shot_v3,1,0,0,0,0,0,edit_apply_failed,edit_apply_failed,edit_apply_failed,2026-07-10T09:29:50.431105Z,a60013b3b21f69e70737b1fc
deepseek_extension::deepseek-v4-flash::rat-0.27.0-roadmap::single_shot_v3::rep2,deepseek_extension,rat-0.27.0-roadmap,rat,Rust,deepseek-v4-flash,single_shot_v3,deepseek_extension::deepseek-v4-flash::rat-0.27.0-roadmap::single_shot_v3,2,0,0,0,0,0,edit_apply_failed,edit_apply_failed,edit_apply_failed,2026-07-10T09:29:50.012684Z,4bf4498e4a2472420b17c856
deepseek_extension::deepseek-v4-flash::rat-0.27.0-roadmap::single_shot_v3::rep3,deepseek_extension,rat-0.27.0-roadmap,rat,Rust,deepseek-v4-flash,single_shot_v3,deepseek_extension::deepseek-v4-flash::rat-0.27.0-roadmap::single_shot_v3,3,0,0,0,0,0,edit_apply_failed,edit_apply_failed,edit_apply_failed,2026-07-10T09:30:19.696294Z,6cd159e1affaaa8d08dc17af
deepseek_extension::deepseek-v4-flash::rat-0.27.0-roadmap::single_shot_v3::rep4,deepseek_extension,rat-0.27.0-roadmap,rat,Rust,deepseek-v4-flash,single_shot_v3,deepseek_extension::deepseek-v4-flash::rat-0.27.0-roadmap::single_shot_v3,4,0,0,0,0,0,edit_apply_failed,edit_apply_failed,edit_apply_failed,2026-07-10T09:30:23.080147Z,8cfa2c58d01762ab3d874f71
deepseek_extension::deepseek-v4-flash::rat-0.27.0-roadmap::single_shot_v3::rep5,deepseek_extension,rat-0.27.0-roadmap,rat,Rust,deepseek-v4-flash,single_shot_v3,deepseek_extension::deepseek-v4-flash::rat-0.27.0-roadmap::single_shot_v3,5,0,0,0,0,0,edit_apply_failed,edit_apply_failed,edit_apply_failed,2026-07-10T09:30:25.685663Z,335f47437691e3967e8dcc20
deepseek_extension::deepseek-v4-flash::rat-0.27.0-roadmap::single_shot_v3::rep6,deepseek_extension,rat-0.27.0-roadmap,rat,Rust,deepseek-v4-flash,single_shot_v3,deepseek_extension::deepseek-v4-flash::rat-0.27.0-roadmap::single_shot_v3,6,1,1,1,1,0,test_failed,,,2026-07-10T10:14:30.273139Z,84693cf87e389fdcdc3f2106
deepseek_extension::deepseek-v4-flash::rat-0.27.0-roadmap::single_shot_v3::rep7,deepseek_extension,rat-0.27.0-roadmap,rat,Rust,deepseek-v4-flash,single_shot_v3,deepseek_extension::deepseek-v4-flash::rat-0.27.0-roadmap::single_shot_v3,7,0,0,0,0,0,edit_apply_failed,edit_apply_failed,edit_apply_failed,2026-07-10T09:30:30.307928Z,4e90ad9cf51714026a0addb8
deepseek_extension::deepseek-v4-flash::rat-0.27.0-roadmap::staged_v4::rep0,deepseek_extension,rat-0.27.0-roadmap,rat,Rust,deepseek-v4-flash,staged_v4,deepseek_extension::deepseek-v4-flash::rat-0.27.0-roadmap::staged_v4,0,0,0,0,0,0,stage2_contract_failed,stage2_too_many_edit_ops,stage2_contract_failed,2026-07-10T09:31:00.427996Z,94bc9d1511d650f0495e9fac
deepseek_extension::deepseek-v4-flash::rat-0.27.0-roadmap::staged_v4::rep1,deepseek_extension,rat-0.27.0-roadmap,rat,Rust,deepseek-v4-flash,staged_v4,deepseek_extension::deepseek-v4-flash::rat-0.27.0-roadmap::staged_v4,1,0,0,0,0,0,stage1_plan_failed,stage_state_too_many_edit_targets,stage1_plan_failed,2026-07-10T09:30:23.241172Z,5204aef19e9ac3c09b3f52dd
deepseek_extension::deepseek-v4-flash::rat-0.27.0-roadmap::staged_v4::rep2,deepseek_extension,rat-0.27.0-roadmap,rat,Rust,deepseek-v4-flash,staged_v4,deepseek_extension::deepseek-v4-flash::rat-0.27.0-roadmap::staged_v4,2,0,0,0,0,0,stage1_plan_failed,stage_state_too_many_edit_targets,stage1_plan_failed,2026-07-10T09:30:26.730963Z,0a5982c0f4b056192fd37536
deepseek_extension::deepseek-v4-flash::rat-0.27.0-roadmap::staged_v4::rep3,deepseek_extension,rat-0.27.0-roadmap,rat,Rust,deepseek-v4-flash,staged_v4,deepseek_extension::deepseek-v4-flash::rat-0.27.0-roadmap::staged_v4,3,0,0,0,0,0,stage1_plan_failed,stage_state_too_many_edit_targets,stage1_plan_failed,2026-07-10T09:30:26.485786Z,b6498ee397a66f28facf0911
deepseek_extension::deepseek-v4-flash::rat-0.27.0-roadmap::staged_v4::rep4,deepseek_extension,rat-0.27.0-roadmap,rat,Rust,deepseek-v4-flash,staged_v4,deepseek_extension::deepseek-v4-flash::rat-0.27.0-roadmap::staged_v4,4,0,0,0,0,0,stage1_plan_failed,stage_state_too_many_edit_targets,stage1_plan_failed,2026-07-10T09:30:29.380914Z,5a2b6fbca97c7bf15101ebd1
deepseek_extension::deepseek-v4-flash::rat-0.27.0-roadmap::staged_v4::rep5,deepseek_extension,rat-0.27.0-roadmap,rat,Rust,deepseek-v4-flash,staged_v4,deepseek_extension::deepseek-v4-flash::rat-0.27.0-roadmap::staged_v4,5,0,0,0,0,0,stage2_contract_failed,stage2_too_many_edit_ops,stage2_contract_failed,2026-07-10T09:31:30.256130Z,5580614b85be96fd9c0258fe
deepseek_extension::deepseek-v4-flash::rat-0.27.0-roadmap::staged_v4::rep6,deepseek_extension,rat-0.27.0-roadmap,rat,Rust,deepseek-v4-flash,staged_v4,deepseek_extension::deepseek-v4-flash::rat-0.27.0-roadmap::staged_v4,6,0,0,0,0,0,stage1_plan_failed,stage_state_too_many_edit_targets,stage1_plan_failed,2026-07-10T09:30:29.946346Z,6fe9c55040f4c4c8687a3dc6
deepseek_extension::deepseek-v4-flash::rat-0.27.0-roadmap::staged_v4::rep7,deepseek_extension,rat-0.27.0-roadmap,rat,Rust,deepseek-v4-flash,staged_v4,deepseek_extension::deepseek-v4-flash::rat-0.27.0-roadmap::staged_v4,7,0,0,0,0,0,stage1_plan_failed,stage_state_too_many_existing_files,stage1_plan_failed,2026-07-10T09:30:30.473557Z,bc2ac36f1d38884dd89d2832
deepseek_extension::deepseek-v4-flash::ruf-0.2.0-roadmap::single_shot_v3::rep0,deepseek_extension,ruf-0.2.0-roadmap,ruf,Rust,deepseek-v4-flash,single_shot_v3,deepseek_extension::deepseek-v4-flash::ruf-0.2.0-roadmap::single_shot_v3,0,0,0,0,0,0,edit_path_disallowed,edit_path_disallowed,edit_path_disallowed,2026-07-10T09:31:20.254753Z,91c7a1e9bdf6bb06b896eebc
deepseek_extension::deepseek-v4-flash::ruf-0.2.0-roadmap::single_shot_v3::rep1,deepseek_extension,ruf-0.2.0-roadmap,ruf,Rust,deepseek-v4-flash,single_shot_v3,deepseek_extension::deepseek-v4-flash::ruf-0.2.0-roadmap::single_shot_v3,1,0,0,0,0,0,edit_path_disallowed,edit_path_disallowed,edit_path_disallowed,2026-07-10T09:31:24.039018Z,5ad061cc6fde344a50e8e3f1
deepseek_extension::deepseek-v4-flash::ruf-0.2.0-roadmap::single_shot_v3::rep2,deepseek_extension,ruf-0.2.0-roadmap,ruf,Rust,deepseek-v4-flash,single_shot_v3,deepseek_extension::deepseek-v4-flash::ruf-0.2.0-roadmap::single_shot_v3,2,0,0,0,0,0,edit_path_disallowed,edit_path_disallowed,edit_path_disallowed,2026-07-10T09:31:20.817973Z,4269f87d723e71c53c408d99
deepseek_extension::deepseek-v4-flash::ruf-0.2.0-roadmap::single_shot_v3::rep3,deepseek_extension,ruf-0.2.0-roadmap,ruf,Rust,deepseek-v4-flash,single_shot_v3,deepseek_extension::deepseek-v4-flash::ruf-0.2.0-roadmap::single_shot_v3,3,0,0,0,0,0,edit_path_disallowed,edit_path_disallowed,edit_path_disallowed,2026-07-10T09:31:21.681054Z,3f295d5227dbc6b37c4e2434
deepseek_extension::deepseek-v4-flash::ruf-0.2.0-roadmap::single_shot_v3::rep4,deepseek_extension,ruf-0.2.0-roadmap,ruf,Rust,deepseek-v4-flash,single_shot_v3,deepseek_extension::deepseek-v4-flash::ruf-0.2.0-roadmap::single_shot_v3,4,0,0,0,0,0,edit_path_disallowed,edit_path_disallowed,edit_path_disallowed,2026-07-10T09:31:21.244572Z,f7155e72e64b300b3d0bf056
deepseek_extension::deepseek-v4-flash::ruf-0.2.0-roadmap::single_shot_v3::rep5,deepseek_extension,ruf-0.2.0-roadmap,ruf,Rust,deepseek-v4-flash,single_shot_v3,deepseek_extension::deepseek-v4-flash::ruf-0.2.0-roadmap::single_shot_v3,5,0,0,0,0,0,edit_path_disallowed,edit_path_disallowed,edit_path_disallowed,2026-07-10T09:31:41.016023Z,1af8994345866ab122c3109b
deepseek_extension::deepseek-v4-flash::ruf-0.2.0-roadmap::single_shot_v3::rep6,deepseek_extension,ruf-0.2.0-roadmap,ruf,Rust,deepseek-v4-flash,single_shot_v3,deepseek_extension::deepseek-v4-flash::ruf-0.2.0-roadmap::single_shot_v3,6,0,0,0,0,0,edit_path_disallowed,edit_path_disallowed,edit_path_disallowed,2026-07-10T09:31:44.868935Z,58b06db443944fce8b25551e
deepseek_extension::deepseek-v4-flash::ruf-0.2.0-roadmap::single_shot_v3::rep7,deepseek_extension,ruf-0.2.0-roadmap,ruf,Rust,deepseek-v4-flash,single_shot_v3,deepseek_extension::deepseek-v4-flash::ruf-0.2.0-roadmap::single_shot_v3,7,0,0,0,0,0,edit_path_disallowed,edit_path_disallowed,edit_path_disallowed,2026-07-10T09:31:55.191272Z,14b804848f48ffcfc3b56a98
deepseek_extension::deepseek-v4-flash::ruf-0.2.0-roadmap::staged_v4::rep0,deepseek_extension,ruf-0.2.0-roadmap,ruf,Rust,deepseek-v4-flash,staged_v4,deepseek_extension::deepseek-v4-flash::ruf-0.2.0-roadmap::staged_v4,0,0,0,0,0,0,edit_path_disallowed,edit_path_disallowed,edit_path_disallowed,2026-07-10T09:31:53.614804Z,dc24847b54a14e2b35b6a866
deepseek_extension::deepseek-v4-flash::ruf-0.2.0-roadmap::staged_v4::rep1,deepseek_extension,ruf-0.2.0-roadmap,ruf,Rust,deepseek-v4-flash,staged_v4,deepseek_extension::deepseek-v4-flash::ruf-0.2.0-roadmap::staged_v4,1,0,0,0,0,0,edit_path_disallowed,edit_path_disallowed,edit_path_disallowed,2026-07-10T09:31:51.352962Z,2af42b4ac9bf5045b01c59a3
deepseek_extension::deepseek-v4-flash::ruf-0.2.0-roadmap::staged_v4::rep2,deepseek_extension,ruf-0.2.0-roadmap,ruf,Rust,deepseek-v4-flash,staged_v4,deepseek_extension::deepseek-v4-flash::ruf-0.2.0-roadmap::staged_v4,2,0,0,0,0,0,edit_path_disallowed,edit_path_disallowed,edit_path_disallowed,2026-07-10T09:32:04.859454Z,736f9a53086a67d2ee35b453
deepseek_extension::deepseek-v4-flash::ruf-0.2.0-roadmap::staged_v4::rep3,deepseek_extension,ruf-0.2.0-roadmap,ruf,Rust,deepseek-v4-flash,staged_v4,deepseek_extension::deepseek-v4-flash::ruf-0.2.0-roadmap::staged_v4,3,0,0,0,0,0,edit_path_disallowed,edit_path_disallowed,edit_path_disallowed,2026-07-10T09:31:51.913093Z,3d0c13180151830ed4536566
deepseek_extension::deepseek-v4-flash::ruf-0.2.0-roadmap::staged_v4::rep4,deepseek_extension,ruf-0.2.0-roadmap,ruf,Rust,deepseek-v4-flash,staged_v4,deepseek_extension::deepseek-v4-flash::ruf-0.2.0-roadmap::staged_v4,4,0,0,0,0,0,edit_path_disallowed,edit_path_disallowed,edit_path_disallowed,2026-07-10T09:32:01.116705Z,fc8b19c0f050173c4d1f5902
deepseek_extension::deepseek-v4-flash::ruf-0.2.0-roadmap::staged_v4::rep5,deepseek_extension,ruf-0.2.0-roadmap,ruf,Rust,deepseek-v4-flash,staged_v4,deepseek_extension::deepseek-v4-flash::ruf-0.2.0-roadmap::staged_v4,5,0,0,0,0,0,edit_path_disallowed,edit_path_disallowed,edit_path_disallowed,2026-07-10T09:31:52.764947Z,1d0a88e59399cacb9536d7f7
deepseek_extension::deepseek-v4-flash::ruf-0.2.0-roadmap::staged_v4::rep6,deepseek_extension,ruf-0.2.0-roadmap,ruf,Rust,deepseek-v4-flash,staged_v4,deepseek_extension::deepseek-v4-flash::ruf-0.2.0-roadmap::staged_v4,6,0,0,0,0,0,edit_path_disallowed,edit_path_disallowed,edit_path_disallowed,2026-07-10T09:31:58.663550Z,1b7c039f8a4314aaecd52acf
deepseek_extension::deepseek-v4-flash::ruf-0.2.0-roadmap::staged_v4::rep7,deepseek_extension,ruf-0.2.0-roadmap,ruf,Rust,deepseek-v4-flash,staged_v4,deepseek_extension::deepseek-v4-flash::ruf-0.2.0-roadmap::staged_v4,7,0,0,0,0,0,edit_path_disallowed,edit_path_disallowed,edit_path_disallowed,2026-07-10T09:32:07.719717Z,88c5a3cbd2eb7717cd0e9d50
deepseek_extension::deepseek-v4-flash::ruf-0.3.0-roadmap::single_shot_v3::rep0,deepseek_extension,ruf-0.3.0-roadmap,ruf,Rust,deepseek-v4-flash,single_shot_v3,deepseek_extension::deepseek-v4-flash::ruf-0.3.0-roadmap::single_shot_v3,0,0,0,0,0,0,edit_apply_failed,edit_apply_failed,edit_apply_failed,2026-07-10T09:32:24.390986Z,b1b402678ca980b6fd851554
deepseek_extension::deepseek-v4-flash::ruf-0.3.0-roadmap::single_shot_v3::rep1,deepseek_extension,ruf-0.3.0-roadmap,ruf,Rust,deepseek-v4-flash,single_shot_v3,deepseek_extension::deepseek-v4-flash::ruf-0.3.0-roadmap::single_shot_v3,1,0,0,0,0,0,edit_apply_failed,edit_apply_failed,edit_apply_failed,2026-07-10T09:32:42.917903Z,23e6fc7e425214e017cf191d
deepseek_extension::deepseek-v4-flash::ruf-0.3.0-roadmap::single_shot_v3::rep2,deepseek_extension,ruf-0.3.0-roadmap,ruf,Rust,deepseek-v4-flash,single_shot_v3,deepseek_extension::deepseek-v4-flash::ruf-0.3.0-roadmap::single_shot_v3,2,0,0,0,0,0,edit_path_disallowed,edit_path_disallowed,edit_path_disallowed,2026-07-10T09:32:28.874241Z,00e71af124729212ca755ad2
deepseek_extension::deepseek-v4-flash::ruf-0.3.0-roadmap::single_shot_v3::rep3,deepseek_extension,ruf-0.3.0-roadmap,ruf,Rust,deepseek-v4-flash,single_shot_v3,deepseek_extension::deepseek-v4-flash::ruf-0.3.0-roadmap::single_shot_v3,3,0,0,0,0,0,edit_apply_failed,edit_apply_failed,edit_apply_failed,2026-07-10T09:32:29.444434Z,98721abdb898344716b4e840
deepseek_extension::deepseek-v4-flash::ruf-0.3.0-roadmap::single_shot_v3::rep4,deepseek_extension,ruf-0.3.0-roadmap,ruf,Rust,deepseek-v4-flash,single_shot_v3,deepseek_extension::deepseek-v4-flash::ruf-0.3.0-roadmap::single_shot_v3,4,0,0,0,0,0,edit_apply_failed,edit_apply_failed,edit_apply_failed,2026-07-10T09:32:21.166846Z,9ff430d9a3710920f2263ae0
deepseek_extension::deepseek-v4-flash::ruf-0.3.0-roadmap::single_shot_v3::rep5,deepseek_extension,ruf-0.3.0-roadmap,ruf,Rust,deepseek-v4-flash,single_shot_v3,deepseek_extension::deepseek-v4-flash::ruf-0.3.0-roadmap::single_shot_v3,5,0,0,0,0,0,edit_apply_failed,edit_apply_failed,edit_apply_failed,2026-07-10T09:32:13.559677Z,dfa648ae2e31f1e5d8028094
deepseek_extension::deepseek-v4-flash::ruf-0.3.0-roadmap::single_shot_v3::rep6,deepseek_extension,ruf-0.3.0-roadmap,ruf,Rust,deepseek-v4-flash,single_shot_v3,deepseek_extension::deepseek-v4-flash::ruf-0.3.0-roadmap::single_shot_v3,6,0,0,0,0,0,edit_apply_failed,edit_apply_failed,edit_apply_failed,2026-07-10T09:32:32.186095Z,f83a1bbd3aac804cb19dcd79
deepseek_extension::deepseek-v4-flash::ruf-0.3.0-roadmap::single_shot_v3::rep7,deepseek_extension,ruf-0.3.0-roadmap,ruf,Rust,deepseek-v4-flash,single_shot_v3,deepseek_extension::deepseek-v4-flash::ruf-0.3.0-roadmap::single_shot_v3,7,0,0,0,0,0,edit_apply_failed,edit_apply_failed,edit_apply_failed,2026-07-10T09:32:46.601431Z,a0d9d38ab46bccc3ad0557c9
deepseek_extension::deepseek-v4-flash::ruf-0.3.0-roadmap::staged_v4::rep0,deepseek_extension,ruf-0.3.0-roadmap,ruf,Rust,deepseek-v4-flash,staged_v4,deepseek_extension::deepseek-v4-flash::ruf-0.3.0-roadmap::staged_v4,0,0,0,0,0,0,edit_apply_failed,edit_apply_failed,edit_apply_failed,2026-07-10T09:32:49.511681Z,c2df9a5106460efbf72ef286
deepseek_extension::deepseek-v4-flash::ruf-0.3.0-roadmap::staged_v4::rep1,deepseek_extension,ruf-0.3.0-roadmap,ruf,Rust,deepseek-v4-flash,staged_v4,deepseek_extension::deepseek-v4-flash::ruf-0.3.0-roadmap::staged_v4,1,1,1,1,1,0,test_failed,,,2026-07-10T10:14:37.813709Z,e8d14e361116296090a10c54
deepseek_extension::deepseek-v4-flash::ruf-0.3.0-roadmap::staged_v4::rep2,deepseek_extension,ruf-0.3.0-roadmap,ruf,Rust,deepseek-v4-flash,staged_v4,deepseek_extension::deepseek-v4-flash::ruf-0.3.0-roadmap::staged_v4,2,0,0,0,0,0,edit_apply_failed,edit_apply_failed,edit_apply_failed,2026-07-10T09:33:00.345096Z,80e7db01d897c6a801991a92
deepseek_extension::deepseek-v4-flash::ruf-0.3.0-roadmap::staged_v4::rep3,deepseek_extension,ruf-0.3.0-roadmap,ruf,Rust,deepseek-v4-flash,staged_v4,deepseek_extension::deepseek-v4-flash::ruf-0.3.0-roadmap::staged_v4,3,0,0,0,0,0,edit_apply_failed,edit_apply_failed,edit_apply_failed,2026-07-10T09:33:07.184758Z,719bd3d484e471875c45d79b
deepseek_extension::deepseek-v4-flash::ruf-0.3.0-roadmap::staged_v4::rep4,deepseek_extension,ruf-0.3.0-roadmap,ruf,Rust,deepseek-v4-flash,staged_v4,deepseek_extension::deepseek-v4-flash::ruf-0.3.0-roadmap::staged_v4,4,0,0,0,0,0,edit_apply_failed,edit_apply_failed,edit_apply_failed,2026-07-10T09:33:11.571574Z,d8110124f654f58ab024a1e5
deepseek_extension::deepseek-v4-flash::ruf-0.3.0-roadmap::staged_v4::rep5,deepseek_extension,ruf-0.3.0-roadmap,ruf,Rust,deepseek-v4-flash,staged_v4,deepseek_extension::deepseek-v4-flash::ruf-0.3.0-roadmap::staged_v4,5,1,1,1,1,0,test_failed,,,2026-07-10T10:14:45.301616Z,17d0b3e68192f41920199bce
deepseek_extension::deepseek-v4-flash::ruf-0.3.0-roadmap::staged_v4::rep6,deepseek_extension,ruf-0.3.0-roadmap,ruf,Rust,deepseek-v4-flash,staged_v4,deepseek_extension::deepseek-v4-flash::ruf-0.3.0-roadmap::staged_v4,6,1,1,1,1,0,test_failed,,,2026-07-10T10:14:53.033011Z,fec84b55f91bdc8422f0849b
deepseek_extension::deepseek-v4-flash::ruf-0.3.0-roadmap::staged_v4::rep7,deepseek_extension,ruf-0.3.0-roadmap,ruf,Rust,deepseek-v4-flash,staged_v4,deepseek_extension::deepseek-v4-flash::ruf-0.3.0-roadmap::staged_v4,7,0,0,0,0,0,stage2_contract_failed,stage2_edit_outside_stage_state,stage2_contract_failed,2026-07-10T09:33:15.910969Z,4cd7153264cd488a0edf7088
deepseek_extension::deepseek-v4-flash::slt-1.14.0-roadmap::single_shot_v3::rep0,deepseek_extension,slt-1.14.0-roadmap,slt,Rust,deepseek-v4-flash,single_shot_v3,deepseek_extension::deepseek-v4-flash::slt-1.14.0-roadmap::single_shot_v3,0,0,0,0,0,0,edit_apply_failed,edit_apply_failed,edit_apply_failed,2026-07-10T09:33:12.111596Z,2c68d74225459385825d18a7
deepseek_extension::deepseek-v4-flash::slt-1.14.0-roadmap::single_shot_v3::rep1,deepseek_extension,slt-1.14.0-roadmap,slt,Rust,deepseek-v4-flash,single_shot_v3,deepseek_extension::deepseek-v4-flash::slt-1.14.0-roadmap::single_shot_v3,1,0,0,0,0,0,edit_apply_failed,edit_apply_failed,edit_apply_failed,2026-07-10T09:33:16.046959Z,8525e8ccb69bbaa62e9c5094
deepseek_extension::deepseek-v4-flash::slt-1.14.0-roadmap::single_shot_v3::rep2,deepseek_extension,slt-1.14.0-roadmap,slt,Rust,deepseek-v4-flash,single_shot_v3,deepseek_extension::deepseek-v4-flash::slt-1.14.0-roadmap::single_shot_v3,2,0,0,0,0,0,edit_json_invalid,edit_json_invalid,edit_json_invalid,2026-07-10T09:33:20.796057Z,03512efbb5a87ccc6d3cf8bc
deepseek_extension::deepseek-v4-flash::slt-1.14.0-roadmap::single_shot_v3::rep3,deepseek_extension,slt-1.14.0-roadmap,slt,Rust,deepseek-v4-flash,single_shot_v3,deepseek_extension::deepseek-v4-flash::slt-1.14.0-roadmap::single_shot_v3,3,0,0,0,0,0,edit_apply_failed,edit_apply_failed,edit_apply_failed,2026-07-10T09:33:31.764152Z,ba6d557880d05ee12cb2c076
deepseek_extension::deepseek-v4-flash::slt-1.14.0-roadmap::single_shot_v3::rep4,deepseek_extension,slt-1.14.0-roadmap,slt,Rust,deepseek-v4-flash,single_shot_v3,deepseek_extension::deepseek-v4-flash::slt-1.14.0-roadmap::single_shot_v3,4,0,0,0,0,0,edit_apply_failed,edit_apply_failed,edit_apply_failed,2026-07-10T09:33:29.415503Z,d0a569105bf6fe61c7f1c841
deepseek_extension::deepseek-v4-flash::slt-1.14.0-roadmap::single_shot_v3::rep5,deepseek_extension,slt-1.14.0-roadmap,slt,Rust,deepseek-v4-flash,single_shot_v3,deepseek_extension::deepseek-v4-flash::slt-1.14.0-roadmap::single_shot_v3,5,0,0,0,0,0,edit_apply_failed,edit_apply_failed,edit_apply_failed,2026-07-10T09:33:38.239605Z,3582112599838fe61da863fa
deepseek_extension::deepseek-v4-flash::slt-1.14.0-roadmap::single_shot_v3::rep6,deepseek_extension,slt-1.14.0-roadmap,slt,Rust,deepseek-v4-flash,single_shot_v3,deepseek_extension::deepseek-v4-flash::slt-1.14.0-roadmap::single_shot_v3,6,0,0,0,0,0,edit_apply_failed,edit_apply_failed,edit_apply_failed,2026-07-10T09:33:43.183651Z,9a978281ac1d3c3bb8ecd105
deepseek_extension::deepseek-v4-flash::slt-1.14.0-roadmap::single_shot_v3::rep7,deepseek_extension,slt-1.14.0-roadmap,slt,Rust,deepseek-v4-flash,single_shot_v3,deepseek_extension::deepseek-v4-flash::slt-1.14.0-roadmap::single_shot_v3,7,0,0,0,0,0,finish_reason_length,edit_json_invalid,finish_reason_length,2026-07-10T09:35:56.946806Z,7d6ba7a6b1857c39bb4da0bc
deepseek_extension::deepseek-v4-flash::slt-1.14.0-roadmap::staged_v4::rep0,deepseek_extension,slt-1.14.0-roadmap,slt,Rust,deepseek-v4-flash,staged_v4,deepseek_extension::deepseek-v4-flash::slt-1.14.0-roadmap::staged_v4,0,0,0,0,0,0,stage1_plan_failed,stage_state_existing_files_invalid,stage1_plan_failed,2026-07-10T09:33:15.689980Z,5d900c60cad3356e84aa3012
deepseek_extension::deepseek-v4-flash::slt-1.14.0-roadmap::staged_v4::rep1,deepseek_extension,slt-1.14.0-roadmap,slt,Rust,deepseek-v4-flash,staged_v4,deepseek_extension::deepseek-v4-flash::slt-1.14.0-roadmap::staged_v4,1,0,0,0,0,0,stage1_plan_failed,stage_state_existing_files_invalid,stage1_plan_failed,2026-07-10T09:33:19.690243Z,b8bc389d41b9a040730c4cb1
deepseek_extension::deepseek-v4-flash::slt-1.14.0-roadmap::staged_v4::rep2,deepseek_extension,slt-1.14.0-roadmap,slt,Rust,deepseek-v4-flash,staged_v4,deepseek_extension::deepseek-v4-flash::slt-1.14.0-roadmap::staged_v4,2,0,0,0,0,0,stage1_plan_failed,stage_state_existing_files_invalid,stage1_plan_failed,2026-07-10T09:33:19.713765Z,f2be2d8affa77cb03f51fb62
deepseek_extension::deepseek-v4-flash::slt-1.14.0-roadmap::staged_v4::rep3,deepseek_extension,slt-1.14.0-roadmap,slt,Rust,deepseek-v4-flash,staged_v4,deepseek_extension::deepseek-v4-flash::slt-1.14.0-roadmap::staged_v4,3,0,0,0,0,0,stage1_plan_failed,stage_state_existing_files_invalid,stage1_plan_failed,2026-07-10T09:33:19.662275Z,d253f0da04f3e2c62eda83e7
deepseek_extension::deepseek-v4-flash::slt-1.14.0-roadmap::staged_v4::rep4,deepseek_extension,slt-1.14.0-roadmap,slt,Rust,deepseek-v4-flash,staged_v4,deepseek_extension::deepseek-v4-flash::slt-1.14.0-roadmap::staged_v4,4,0,0,0,0,0,stage1_plan_failed,stage_state_existing_files_invalid,stage1_plan_failed,2026-07-10T09:33:21.337995Z,49cd9cfa5349c100e786a289
deepseek_extension::deepseek-v4-flash::slt-1.14.0-roadmap::staged_v4::rep5,deepseek_extension,slt-1.14.0-roadmap,slt,Rust,deepseek-v4-flash,staged_v4,deepseek_extension::deepseek-v4-flash::slt-1.14.0-roadmap::staged_v4,5,0,0,0,0,0,stage1_plan_failed,stage_state_existing_files_invalid,stage1_plan_failed,2026-07-10T09:33:23.460863Z,603f7ff0f7d838ef116311b4
deepseek_extension::deepseek-v4-flash::slt-1.14.0-roadmap::staged_v4::rep6,deepseek_extension,slt-1.14.0-roadmap,slt,Rust,deepseek-v4-flash,staged_v4,deepseek_extension::deepseek-v4-flash::slt-1.14.0-roadmap::staged_v4,6,0,0,0,0,0,stage1_plan_failed,stage_state_existing_files_invalid,stage1_plan_failed,2026-07-10T09:33:23.600991Z,b738ef1d24aa92d1dd78c720
deepseek_extension::deepseek-v4-flash::slt-1.14.0-roadmap::staged_v4::rep7,deepseek_extension,slt-1.14.0-roadmap,slt,Rust,deepseek-v4-flash,staged_v4,deepseek_extension::deepseek-v4-flash::slt-1.14.0-roadmap::staged_v4,7,0,0,0,0,0,stage1_plan_failed,stage_state_existing_files_invalid,stage1_plan_failed,2026-07-10T09:33:23.509943Z,518dcba1e05f7ae009f364b1
deepseek_extension::deepseek-v4-flash::spc-3.4.0-roadmap::single_shot_v3::rep0,deepseek_extension,spc-3.4.0-roadmap,spc,Python,deepseek-v4-flash,single_shot_v3,deepseek_extension::deepseek-v4-flash::spc-3.4.0-roadmap::single_shot_v3,0,0,0,0,0,0,edit_anchor_not_found,edit_anchor_not_found,edit_anchor_not_found,2026-07-10T09:33:44.567232Z,92e2a6f126ffbd5cd3de6e02
deepseek_extension::deepseek-v4-flash::spc-3.4.0-roadmap::single_shot_v3::rep1,deepseek_extension,spc-3.4.0-roadmap,spc,Python,deepseek-v4-flash,single_shot_v3,deepseek_extension::deepseek-v4-flash::spc-3.4.0-roadmap::single_shot_v3,1,0,0,0,0,0,edit_anchor_not_found,edit_anchor_not_found,edit_anchor_not_found,2026-07-10T09:33:38.490318Z,a7fda0fd7b26f6b1b83c5e01
deepseek_extension::deepseek-v4-flash::spc-3.4.0-roadmap::single_shot_v3::rep2,deepseek_extension,spc-3.4.0-roadmap,spc,Python,deepseek-v4-flash,single_shot_v3,deepseek_extension::deepseek-v4-flash::spc-3.4.0-roadmap::single_shot_v3,2,0,0,0,0,0,edit_anchor_not_found,edit_anchor_not_found,edit_anchor_not_found,2026-07-10T09:33:45.868878Z,e54f8718cf98603326f0da32
deepseek_extension::deepseek-v4-flash::spc-3.4.0-roadmap::single_shot_v3::rep3,deepseek_extension,spc-3.4.0-roadmap,spc,Python,deepseek-v4-flash,single_shot_v3,deepseek_extension::deepseek-v4-flash::spc-3.4.0-roadmap::single_shot_v3,3,0,0,0,0,0,edit_json_invalid,edit_json_invalid,edit_json_invalid,2026-07-10T09:33:49.070634Z,d7621b6ad16e761a27d42cd3
deepseek_extension::deepseek-v4-flash::spc-3.4.0-roadmap::single_shot_v3::rep4,deepseek_extension,spc-3.4.0-roadmap,spc,Python,deepseek-v4-flash,single_shot_v3,deepseek_extension::deepseek-v4-flash::spc-3.4.0-roadmap::single_shot_v3,4,0,0,0,0,0,edit_json_invalid,edit_json_invalid,edit_json_invalid,2026-07-10T09:33:43.420272Z,a4511af42848f8411f9ebc5a
deepseek_extension::deepseek-v4-flash::spc-3.4.0-roadmap::single_shot_v3::rep5,deepseek_extension,spc-3.4.0-roadmap,spc,Python,deepseek-v4-flash,single_shot_v3,deepseek_extension::deepseek-v4-flash::spc-3.4.0-roadmap::single_shot_v3,5,0,0,0,0,0,edit_json_invalid,edit_json_invalid,edit_json_invalid,2026-07-10T09:33:45.729217Z,cfa835136ba4ce62186552f5
deepseek_extension::deepseek-v4-flash::spc-3.4.0-roadmap::single_shot_v3::rep6,deepseek_extension,spc-3.4.0-roadmap,spc,Python,deepseek-v4-flash,single_shot_v3,deepseek_extension::deepseek-v4-flash::spc-3.4.0-roadmap::single_shot_v3,6,0,0,0,0,0,edit_apply_failed,edit_apply_failed,edit_apply_failed,2026-07-10T09:33:47.495668Z,bf9726c6dac7e813667479ba
deepseek_extension::deepseek-v4-flash::spc-3.4.0-roadmap::single_shot_v3::rep7,deepseek_extension,spc-3.4.0-roadmap,spc,Python,deepseek-v4-flash,single_shot_v3,deepseek_extension::deepseek-v4-flash::spc-3.4.0-roadmap::single_shot_v3,7,0,0,0,0,0,edit_apply_failed,edit_apply_failed,edit_apply_failed,2026-07-10T09:33:52.074809Z,b25bd1dea9983fb360e7efba
deepseek_extension::deepseek-v4-flash::spc-3.4.0-roadmap::staged_v4::rep0,deepseek_extension,spc-3.4.0-roadmap,spc,Python,deepseek-v4-flash,staged_v4,deepseek_extension::deepseek-v4-flash::spc-3.4.0-roadmap::staged_v4,0,0,0,0,0,0,stage1_plan_failed,stage_state_existing_files_invalid,stage1_plan_failed,2026-07-10T09:33:42.371842Z,e2046b0f48a7707ce9e8dfcb
deepseek_extension::deepseek-v4-flash::spc-3.4.0-roadmap::staged_v4::rep1,deepseek_extension,spc-3.4.0-roadmap,spc,Python,deepseek-v4-flash,staged_v4,deepseek_extension::deepseek-v4-flash::spc-3.4.0-roadmap::staged_v4,1,0,0,0,0,0,stage1_plan_failed,stage_state_existing_files_invalid,stage1_plan_failed,2026-07-10T09:33:45.588885Z,2de6c39af5baa6d2ec6e9595
deepseek_extension::deepseek-v4-flash::spc-3.4.0-roadmap::staged_v4::rep2,deepseek_extension,spc-3.4.0-roadmap,spc,Python,deepseek-v4-flash,staged_v4,deepseek_extension::deepseek-v4-flash::spc-3.4.0-roadmap::staged_v4,2,0,0,0,0,0,stage1_plan_failed,stage_state_existing_files_invalid,stage1_plan_failed,2026-07-10T09:33:46.676248Z,ce1f3ef617a68aaf96d1106a
deepseek_extension::deepseek-v4-flash::spc-3.4.0-roadmap::staged_v4::rep3,deepseek_extension,spc-3.4.0-roadmap,spc,Python,deepseek-v4-flash,staged_v4,deepseek_extension::deepseek-v4-flash::spc-3.4.0-roadmap::staged_v4,3,0,0,0,0,0,stage1_plan_failed,stage_state_existing_files_invalid,stage1_plan_failed,2026-07-10T09:33:46.653062Z,f28a28d0098eac8ed7c5b1d0
deepseek_extension::deepseek-v4-flash::spc-3.4.0-roadmap::staged_v4::rep4,deepseek_extension,spc-3.4.0-roadmap,spc,Python,deepseek-v4-flash,staged_v4,deepseek_extension::deepseek-v4-flash::spc-3.4.0-roadmap::staged_v4,4,0,0,0,0,0,stage1_plan_failed,stage_state_existing_files_invalid,stage1_plan_failed,2026-07-10T09:33:47.682347Z,326a06dc32e49cfad8c27d84
deepseek_extension::deepseek-v4-flash::spc-3.4.0-roadmap::staged_v4::rep5,deepseek_extension,spc-3.4.0-roadmap,spc,Python,deepseek-v4-flash,staged_v4,deepseek_extension::deepseek-v4-flash::spc-3.4.0-roadmap::staged_v4,5,0,0,0,0,0,stage1_plan_failed,stage_state_existing_files_invalid,stage1_plan_failed,2026-07-10T09:33:49.222331Z,8214e99ccb659025a240d3fa
deepseek_extension::deepseek-v4-flash::spc-3.4.0-roadmap::staged_v4::rep6,deepseek_extension,spc-3.4.0-roadmap,spc,Python,deepseek-v4-flash,staged_v4,deepseek_extension::deepseek-v4-flash::spc-3.4.0-roadmap::staged_v4,6,0,0,0,0,0,stage1_plan_failed,stage_state_existing_files_invalid,stage1_plan_failed,2026-07-10T09:33:49.203586Z,585b0710dfe2f1405c3c4edb
deepseek_extension::deepseek-v4-flash::spc-3.4.0-roadmap::staged_v4::rep7,deepseek_extension,spc-3.4.0-roadmap,spc,Python,deepseek-v4-flash,staged_v4,deepseek_extension::deepseek-v4-flash::spc-3.4.0-roadmap::staged_v4,7,0,0,0,0,0,stage1_plan_failed,stage_state_existing_files_invalid,stage1_plan_failed,2026-07-10T09:33:49.117498Z,5fd113f4e7036047a58a9ce0
deepseek_extension::deepseek-v4-pro::fbr-2.27.0-roadmap::single_shot_v3::rep0,deepseek_extension,fbr-2.27.0-roadmap,fbr,Go,deepseek-v4-pro,single_shot_v3,deepseek_extension::deepseek-v4-pro::fbr-2.27.0-roadmap::single_shot_v3,0,0,0,0,0,0,edit_apply_failed,edit_apply_failed,edit_apply_failed,2026-07-10T06:36:27.336947Z,1597b7363b7403955e0b2108
deepseek_extension::deepseek-v4-pro::fbr-2.27.0-roadmap::single_shot_v3::rep1,deepseek_extension,fbr-2.27.0-roadmap,fbr,Go,deepseek-v4-pro,single_shot_v3,deepseek_extension::deepseek-v4-pro::fbr-2.27.0-roadmap::single_shot_v3,1,0,0,0,0,0,edit_apply_failed,edit_apply_failed,edit_apply_failed,2026-07-10T06:36:33.850229Z,884a33df94e76bf86024dc3e
deepseek_extension::deepseek-v4-pro::fbr-2.27.0-roadmap::single_shot_v3::rep2,deepseek_extension,fbr-2.27.0-roadmap,fbr,Go,deepseek-v4-pro,single_shot_v3,deepseek_extension::deepseek-v4-pro::fbr-2.27.0-roadmap::single_shot_v3,2,0,0,0,0,0,edit_apply_failed,edit_apply_failed,edit_apply_failed,2026-07-10T06:36:34.813457Z,2f35d891305de681eae0139b
deepseek_extension::deepseek-v4-pro::fbr-2.27.0-roadmap::single_shot_v3::rep3,deepseek_extension,fbr-2.27.0-roadmap,fbr,Go,deepseek-v4-pro,single_shot_v3,deepseek_extension::deepseek-v4-pro::fbr-2.27.0-roadmap::single_shot_v3,3,0,0,0,0,0,edit_apply_failed,edit_apply_failed,edit_apply_failed,2026-07-10T06:36:37.656157Z,1da3529bec2b9837376c7cd9
deepseek_extension::deepseek-v4-pro::fbr-2.27.0-roadmap::single_shot_v3::rep4,deepseek_extension,fbr-2.27.0-roadmap,fbr,Go,deepseek-v4-pro,single_shot_v3,deepseek_extension::deepseek-v4-pro::fbr-2.27.0-roadmap::single_shot_v3,4,0,0,0,0,0,edit_apply_failed,edit_apply_failed,edit_apply_failed,2026-07-10T06:36:26.162624Z,f9684ffc3c14f5d615452e0d
deepseek_extension::deepseek-v4-pro::fbr-2.27.0-roadmap::single_shot_v3::rep5,deepseek_extension,fbr-2.27.0-roadmap,fbr,Go,deepseek-v4-pro,single_shot_v3,deepseek_extension::deepseek-v4-pro::fbr-2.27.0-roadmap::single_shot_v3,5,0,0,0,0,0,edit_apply_failed,edit_apply_failed,edit_apply_failed,2026-07-10T06:36:15.300828Z,ae6f5cb303e2cff0da80ff4e
deepseek_extension::deepseek-v4-pro::fbr-2.27.0-roadmap::single_shot_v3::rep6,deepseek_extension,fbr-2.27.0-roadmap,fbr,Go,deepseek-v4-pro,single_shot_v3,deepseek_extension::deepseek-v4-pro::fbr-2.27.0-roadmap::single_shot_v3,6,0,0,0,0,0,edit_apply_failed,edit_apply_failed,edit_apply_failed,2026-07-10T06:36:35.642615Z,50c5c9043d15d0cfeedfb70b
deepseek_extension::deepseek-v4-pro::fbr-2.27.0-roadmap::single_shot_v3::rep7,deepseek_extension,fbr-2.27.0-roadmap,fbr,Go,deepseek-v4-pro,single_shot_v3,deepseek_extension::deepseek-v4-pro::fbr-2.27.0-roadmap::single_shot_v3,7,0,0,0,0,0,edit_apply_failed,edit_apply_failed,edit_apply_failed,2026-07-10T06:36:03.371200Z,86a098b561a909f8091a193c
deepseek_extension::deepseek-v4-pro::fbr-2.27.0-roadmap::staged_v4::rep0,deepseek_extension,fbr-2.27.0-roadmap,fbr,Go,deepseek-v4-pro,staged_v4,deepseek_extension::deepseek-v4-pro::fbr-2.27.0-roadmap::staged_v4,0,0,0,0,0,0,stage1_plan_failed,stage_state_forbidden_terms,stage1_plan_failed,2026-07-10T06:34:40.781770Z,270736ddbee9507005a42c74
deepseek_extension::deepseek-v4-pro::fbr-2.27.0-roadmap::staged_v4::rep1,deepseek_extension,fbr-2.27.0-roadmap,fbr,Go,deepseek-v4-pro,staged_v4,deepseek_extension::deepseek-v4-pro::fbr-2.27.0-roadmap::staged_v4,1,0,0,0,0,0,stage1_plan_failed,stage_state_forbidden_terms,stage1_plan_failed,2026-07-10T06:34:40.472569Z,566c4e006d636bb0512da037
deepseek_extension::deepseek-v4-pro::fbr-2.27.0-roadmap::staged_v4::rep2,deepseek_extension,fbr-2.27.0-roadmap,fbr,Go,deepseek-v4-pro,staged_v4,deepseek_extension::deepseek-v4-pro::fbr-2.27.0-roadmap::staged_v4,2,0,0,0,0,0,stage1_plan_failed,stage_state_forbidden_terms,stage1_plan_failed,2026-07-10T06:34:46.617504Z,28425ef376fca4599c64872c
deepseek_extension::deepseek-v4-pro::fbr-2.27.0-roadmap::staged_v4::rep3,deepseek_extension,fbr-2.27.0-roadmap,fbr,Go,deepseek-v4-pro,staged_v4,deepseek_extension::deepseek-v4-pro::fbr-2.27.0-roadmap::staged_v4,3,0,0,0,0,0,stage1_plan_failed,stage_state_forbidden_terms,stage1_plan_failed,2026-07-10T06:34:47.036118Z,21dc34c3918729eed041b163
deepseek_extension::deepseek-v4-pro::fbr-2.27.0-roadmap::staged_v4::rep4,deepseek_extension,fbr-2.27.0-roadmap,fbr,Go,deepseek-v4-pro,staged_v4,deepseek_extension::deepseek-v4-pro::fbr-2.27.0-roadmap::staged_v4,4,0,0,0,0,0,stage1_plan_failed,stage_state_forbidden_terms,stage1_plan_failed,2026-07-10T06:34:52.816185Z,ff191d4416d3a951f5159b34
deepseek_extension::deepseek-v4-pro::fbr-2.27.0-roadmap::staged_v4::rep5,deepseek_extension,fbr-2.27.0-roadmap,fbr,Go,deepseek-v4-pro,staged_v4,deepseek_extension::deepseek-v4-pro::fbr-2.27.0-roadmap::staged_v4,5,0,0,0,0,0,stage1_plan_failed,stage_state_forbidden_terms,stage1_plan_failed,2026-07-10T06:34:52.953970Z,0c32fe8787e3b0eda719089f
deepseek_extension::deepseek-v4-pro::fbr-2.27.0-roadmap::staged_v4::rep6,deepseek_extension,fbr-2.27.0-roadmap,fbr,Go,deepseek-v4-pro,staged_v4,deepseek_extension::deepseek-v4-pro::fbr-2.27.0-roadmap::staged_v4,6,0,0,0,0,0,stage1_plan_failed,stage_state_forbidden_terms,stage1_plan_failed,2026-07-10T06:34:58.959409Z,0a625beaf5e4b33a2d0e56c7
deepseek_extension::deepseek-v4-pro::fbr-2.27.0-roadmap::staged_v4::rep7,deepseek_extension,fbr-2.27.0-roadmap,fbr,Go,deepseek-v4-pro,staged_v4,deepseek_extension::deepseek-v4-pro::fbr-2.27.0-roadmap::staged_v4,7,0,0,0,0,0,stage2_contract_failed,stage2_too_many_edit_ops,stage2_contract_failed,2026-07-10T06:37:32.349635Z,b80bf9f7f33665982535fc83
deepseek_extension::deepseek-v4-pro::fyn-2.5.0-roadmap::single_shot_v3::rep0,deepseek_extension,fyn-2.5.0-roadmap,fyn,Go,deepseek-v4-pro,single_shot_v3,deepseek_extension::deepseek-v4-pro::fyn-2.5.0-roadmap::single_shot_v3,0,0,0,0,0,0,edit_apply_failed,edit_apply_failed,edit_apply_failed,2026-07-10T06:37:54.138778Z,a585d2dad182982b1fa1bc1f
deepseek_extension::deepseek-v4-pro::fyn-2.5.0-roadmap::single_shot_v3::rep1,deepseek_extension,fyn-2.5.0-roadmap,fyn,Go,deepseek-v4-pro,single_shot_v3,deepseek_extension::deepseek-v4-pro::fyn-2.5.0-roadmap::single_shot_v3,1,0,0,0,0,0,edit_apply_failed,edit_apply_failed,edit_apply_failed,2026-07-10T06:38:12.616752Z,d804225835a08e5a9aaa9619
deepseek_extension::deepseek-v4-pro::fyn-2.5.0-roadmap::single_shot_v3::rep2,deepseek_extension,fyn-2.5.0-roadmap,fyn,Go,deepseek-v4-pro,single_shot_v3,deepseek_extension::deepseek-v4-pro::fyn-2.5.0-roadmap::single_shot_v3,2,0,0,0,0,0,edit_apply_failed,edit_apply_failed,edit_apply_failed,2026-07-10T06:36:50.089278Z,20d7c397a2aa0b2d4b5cb4d8
deepseek_extension::deepseek-v4-pro::fyn-2.5.0-roadmap::single_shot_v3::rep3,deepseek_extension,fyn-2.5.0-roadmap,fyn,Go,deepseek-v4-pro,single_shot_v3,deepseek_extension::deepseek-v4-pro::fyn-2.5.0-roadmap::single_shot_v3,3,0,0,0,0,0,edit_apply_failed,edit_apply_failed,edit_apply_failed,2026-07-10T06:37:46.490837Z,c86079588d750f28078f3ade
deepseek_extension::deepseek-v4-pro::fyn-2.5.0-roadmap::single_shot_v3::rep4,deepseek_extension,fyn-2.5.0-roadmap,fyn,Go,deepseek-v4-pro,single_shot_v3,deepseek_extension::deepseek-v4-pro::fyn-2.5.0-roadmap::single_shot_v3,4,0,0,0,0,0,edit_apply_failed,edit_apply_failed,edit_apply_failed,2026-07-10T06:39:05.875401Z,c35315f3295d9b39b8a7489a
deepseek_extension::deepseek-v4-pro::fyn-2.5.0-roadmap::single_shot_v3::rep5,deepseek_extension,fyn-2.5.0-roadmap,fyn,Go,deepseek-v4-pro,single_shot_v3,deepseek_extension::deepseek-v4-pro::fyn-2.5.0-roadmap::single_shot_v3,5,0,0,0,0,0,edit_apply_failed,edit_apply_failed,edit_apply_failed,2026-07-10T06:39:05.533388Z,7e9f88f713c090a029a2ee8f
deepseek_extension::deepseek-v4-pro::fyn-2.5.0-roadmap::single_shot_v3::rep6,deepseek_extension,fyn-2.5.0-roadmap,fyn,Go,deepseek-v4-pro,single_shot_v3,deepseek_extension::deepseek-v4-pro::fyn-2.5.0-roadmap::single_shot_v3,6,0,0,0,0,0,edit_apply_failed,edit_apply_failed,edit_apply_failed,2026-07-10T06:39:35.362652Z,0d4c275cf51f46274b8d6e4d
deepseek_extension::deepseek-v4-pro::fyn-2.5.0-roadmap::single_shot_v3::rep7,deepseek_extension,fyn-2.5.0-roadmap,fyn,Go,deepseek-v4-pro,single_shot_v3,deepseek_extension::deepseek-v4-pro::fyn-2.5.0-roadmap::single_shot_v3,7,0,0,0,0,0,edit_apply_failed,edit_apply_failed,edit_apply_failed,2026-07-10T06:38:59.534434Z,2bfb08ce1430e40315077eb5
deepseek_extension::deepseek-v4-pro::fyn-2.5.0-roadmap::staged_v4::rep0,deepseek_extension,fyn-2.5.0-roadmap,fyn,Go,deepseek-v4-pro,staged_v4,deepseek_extension::deepseek-v4-pro::fyn-2.5.0-roadmap::staged_v4,0,0,0,0,0,0,stage1_plan_failed,stage_state_planned_new_files_invalid,stage1_plan_failed,2026-07-10T06:36:44.543455Z,64950e8ad246151df49dd1e6
deepseek_extension::deepseek-v4-pro::fyn-2.5.0-roadmap::staged_v4::rep1,deepseek_extension,fyn-2.5.0-roadmap,fyn,Go,deepseek-v4-pro,staged_v4,deepseek_extension::deepseek-v4-pro::fyn-2.5.0-roadmap::staged_v4,1,0,0,0,0,0,stage1_plan_failed,stage_state_planned_new_files_invalid,stage1_plan_failed,2026-07-10T06:36:49.660761Z,f44641a2d54ee04606bdd89a
deepseek_extension::deepseek-v4-pro::fyn-2.5.0-roadmap::staged_v4::rep2,deepseek_extension,fyn-2.5.0-roadmap,fyn,Go,deepseek-v4-pro,staged_v4,deepseek_extension::deepseek-v4-pro::fyn-2.5.0-roadmap::staged_v4,2,0,0,0,0,0,stage1_plan_failed,stage_state_planned_new_files_invalid,stage1_plan_failed,2026-07-10T06:36:54.904122Z,945eb31fd7d95c4eac65d539
deepseek_extension::deepseek-v4-pro::fyn-2.5.0-roadmap::staged_v4::rep3,deepseek_extension,fyn-2.5.0-roadmap,fyn,Go,deepseek-v4-pro,staged_v4,deepseek_extension::deepseek-v4-pro::fyn-2.5.0-roadmap::staged_v4,3,0,0,0,0,0,stage1_plan_failed,stage_state_planned_new_files_invalid,stage1_plan_failed,2026-07-10T06:36:55.535987Z,0f13c012cba96aa3fca2db17
deepseek_extension::deepseek-v4-pro::fyn-2.5.0-roadmap::staged_v4::rep4,deepseek_extension,fyn-2.5.0-roadmap,fyn,Go,deepseek-v4-pro,staged_v4,deepseek_extension::deepseek-v4-pro::fyn-2.5.0-roadmap::staged_v4,4,0,0,0,0,0,stage1_plan_failed,stage_state_planned_new_files_invalid,stage1_plan_failed,2026-07-10T06:37:00.436249Z,2479704e20301d1a3c837ece
deepseek_extension::deepseek-v4-pro::fyn-2.5.0-roadmap::staged_v4::rep5,deepseek_extension,fyn-2.5.0-roadmap,fyn,Go,deepseek-v4-pro,staged_v4,deepseek_extension::deepseek-v4-pro::fyn-2.5.0-roadmap::staged_v4,5,0,0,0,0,0,stage1_plan_failed,stage_state_planned_new_files_invalid,stage1_plan_failed,2026-07-10T06:37:00.610681Z,796b8db8b1e8f88722b62bf2
deepseek_extension::deepseek-v4-pro::fyn-2.5.0-roadmap::staged_v4::rep6,deepseek_extension,fyn-2.5.0-roadmap,fyn,Go,deepseek-v4-pro,staged_v4,deepseek_extension::deepseek-v4-pro::fyn-2.5.0-roadmap::staged_v4,6,0,0,0,0,0,stage1_plan_failed,stage_state_planned_new_files_invalid,stage1_plan_failed,2026-07-10T06:37:05.681918Z,c3f621703927a1d2ba11c7b0
deepseek_extension::deepseek-v4-pro::fyn-2.5.0-roadmap::staged_v4::rep7,deepseek_extension,fyn-2.5.0-roadmap,fyn,Go,deepseek-v4-pro,staged_v4,deepseek_extension::deepseek-v4-pro::fyn-2.5.0-roadmap::staged_v4,7,0,0,0,0,0,stage1_plan_failed,stage_state_planned_new_files_invalid,stage1_plan_failed,2026-07-10T06:37:05.681804Z,5e4750ce87a6b0dfd93c016c
deepseek_extension::deepseek-v4-pro::glz-5.6.0-roadmap::single_shot_v3::rep0,deepseek_extension,glz-5.6.0-roadmap,glz,C++,deepseek-v4-pro,single_shot_v3,deepseek_extension::deepseek-v4-pro::glz-5.6.0-roadmap::single_shot_v3,0,0,0,0,0,0,edit_apply_failed,edit_apply_failed,edit_apply_failed,2026-07-10T06:38:28.512441Z,434d32a3aa3c876170616d59
deepseek_extension::deepseek-v4-pro::glz-5.6.0-roadmap::single_shot_v3::rep1,deepseek_extension,glz-5.6.0-roadmap,glz,C++,deepseek-v4-pro,single_shot_v3,deepseek_extension::deepseek-v4-pro::glz-5.6.0-roadmap::single_shot_v3,1,0,0,0,0,0,edit_apply_failed,edit_apply_failed,edit_apply_failed,2026-07-10T06:39:17.592509Z,a5cb7781e910a519e8b0996d
deepseek_extension::deepseek-v4-pro::glz-5.6.0-roadmap::single_shot_v3::rep2,deepseek_extension,glz-5.6.0-roadmap,glz,C++,deepseek-v4-pro,single_shot_v3,deepseek_extension::deepseek-v4-pro::glz-5.6.0-roadmap::single_shot_v3,2,0,0,0,0,0,edit_apply_failed,edit_apply_failed,edit_apply_failed,2026-07-10T06:38:13.644459Z,e0e341c3569645291cf15453
deepseek_extension::deepseek-v4-pro::glz-5.6.0-roadmap::single_shot_v3::rep3,deepseek_extension,glz-5.6.0-roadmap,glz,C++,deepseek-v4-pro,single_shot_v3,deepseek_extension::deepseek-v4-pro::glz-5.6.0-roadmap::single_shot_v3,3,0,0,0,0,0,edit_apply_failed,edit_apply_failed,edit_apply_failed,2026-07-10T06:39:17.568167Z,b27a239eab8c0e10ef271523
deepseek_extension::deepseek-v4-pro::glz-5.6.0-roadmap::single_shot_v3::rep4,deepseek_extension,glz-5.6.0-roadmap,glz,C++,deepseek-v4-pro,single_shot_v3,deepseek_extension::deepseek-v4-pro::glz-5.6.0-roadmap::single_shot_v3,4,0,0,0,0,0,edit_apply_failed,edit_apply_failed,edit_apply_failed,2026-07-10T06:38:50.080185Z,36bb821e3fc9f09b34944266
deepseek_extension::deepseek-v4-pro::glz-5.6.0-roadmap::single_shot_v3::rep5,deepseek_extension,glz-5.6.0-roadmap,glz,C++,deepseek-v4-pro,single_shot_v3,deepseek_extension::deepseek-v4-pro::glz-5.6.0-roadmap::single_shot_v3,5,0,0,0,0,0,edit_apply_failed,edit_apply_failed,edit_apply_failed,2026-07-10T06:39:54.192881Z,63b412a122f9cb00961f6b89
deepseek_extension::deepseek-v4-pro::glz-5.6.0-roadmap::single_shot_v3::rep6,deepseek_extension,glz-5.6.0-roadmap,glz,C++,deepseek-v4-pro,single_shot_v3,deepseek_extension::deepseek-v4-pro::glz-5.6.0-roadmap::single_shot_v3,6,0,0,0,0,0,finish_reason_length,edit_json_invalid,finish_reason_length,2026-07-10T06:43:00.058531Z,f1d314e1d18a72e7a3ec08cb
deepseek_extension::deepseek-v4-pro::glz-5.6.0-roadmap::single_shot_v3::rep7,deepseek_extension,glz-5.6.0-roadmap,glz,C++,deepseek-v4-pro,single_shot_v3,deepseek_extension::deepseek-v4-pro::glz-5.6.0-roadmap::single_shot_v3,7,0,0,0,0,0,edit_apply_failed,edit_apply_failed,edit_apply_failed,2026-07-10T06:40:36.816549Z,6d91d5ca5d9fa267cb9a4c5f
deepseek_extension::deepseek-v4-pro::glz-5.6.0-roadmap::staged_v4::rep0,deepseek_extension,glz-5.6.0-roadmap,glz,C++,deepseek-v4-pro,staged_v4,deepseek_extension::deepseek-v4-pro::glz-5.6.0-roadmap::staged_v4,0,0,1,1,0,0,test_failed,,,2026-07-10T07:50:25.542339Z,05163ef15c41a9197a7063f0
deepseek_extension::deepseek-v4-pro::glz-5.6.0-roadmap::staged_v4::rep1,deepseek_extension,glz-5.6.0-roadmap,glz,C++,deepseek-v4-pro,staged_v4,deepseek_extension::deepseek-v4-pro::glz-5.6.0-roadmap::staged_v4,1,0,1,1,0,0,test_failed,,,2026-07-10T07:50:56.143960Z,591f1f5149e81021f5853384
deepseek_extension::deepseek-v4-pro::glz-5.6.0-roadmap::staged_v4::rep2,deepseek_extension,glz-5.6.0-roadmap,glz,C++,deepseek-v4-pro,staged_v4,deepseek_extension::deepseek-v4-pro::glz-5.6.0-roadmap::staged_v4,2,1,1,1,1,0,test_failed,,,2026-07-10T07:51:19.065103Z,f046d7bf15af3ca4d8ed9d08
deepseek_extension::deepseek-v4-pro::glz-5.6.0-roadmap::staged_v4::rep3,deepseek_extension,glz-5.6.0-roadmap,glz,C++,deepseek-v4-pro,staged_v4,deepseek_extension::deepseek-v4-pro::glz-5.6.0-roadmap::staged_v4,3,1,1,1,1,0,test_failed,,,2026-07-10T07:51:53.306595Z,29aec5db505cfb441ba729e9
deepseek_extension::deepseek-v4-pro::glz-5.6.0-roadmap::staged_v4::rep4,deepseek_extension,glz-5.6.0-roadmap,glz,C++,deepseek-v4-pro,staged_v4,deepseek_extension::deepseek-v4-pro::glz-5.6.0-roadmap::staged_v4,4,0,0,0,0,0,stage1_plan_failed,stage_state_forbidden_terms,stage1_plan_failed,2026-07-10T06:39:25.296287Z,e59338a2ff33dbdd5bbcd783
deepseek_extension::deepseek-v4-pro::glz-5.6.0-roadmap::staged_v4::rep5,deepseek_extension,glz-5.6.0-roadmap,glz,C++,deepseek-v4-pro,staged_v4,deepseek_extension::deepseek-v4-pro::glz-5.6.0-roadmap::staged_v4,5,0,0,0,0,0,stage1_plan_failed,stage_state_forbidden_terms,stage1_plan_failed,2026-07-10T06:39:24.551567Z,d00623f1b3a09efa06249521
deepseek_extension::deepseek-v4-pro::glz-5.6.0-roadmap::staged_v4::rep6,deepseek_extension,glz-5.6.0-roadmap,glz,C++,deepseek-v4-pro,staged_v4,deepseek_extension::deepseek-v4-pro::glz-5.6.0-roadmap::staged_v4,6,0,0,0,0,0,stage1_plan_failed,stage_state_forbidden_terms,stage1_plan_failed,2026-07-10T06:39:31.974324Z,be61e6d85282d6a3377c4729
deepseek_extension::deepseek-v4-pro::glz-5.6.0-roadmap::staged_v4::rep7,deepseek_extension,glz-5.6.0-roadmap,glz,C++,deepseek-v4-pro,staged_v4,deepseek_extension::deepseek-v4-pro::glz-5.6.0-roadmap::staged_v4,7,0,0,0,0,0,stage1_plan_failed,stage_state_forbidden_terms,stage1_plan_failed,2026-07-10T06:39:32.570467Z,f073e2527c1c4ab9df65ec16
deepseek_extension::deepseek-v4-pro::glz-6.1.0-roadmap::single_shot_v3::rep0,deepseek_extension,glz-6.1.0-roadmap,glz,C++,deepseek-v4-pro,single_shot_v3,deepseek_extension::deepseek-v4-pro::glz-6.1.0-roadmap::single_shot_v3,0,0,0,0,0,0,finish_reason_length,edit_json_invalid,finish_reason_length,2026-07-10T06:43:51.668275Z,3b045f421894239b6d7d2fdb
deepseek_extension::deepseek-v4-pro::glz-6.1.0-roadmap::single_shot_v3::rep1,deepseek_extension,glz-6.1.0-roadmap,glz,C++,deepseek-v4-pro,single_shot_v3,deepseek_extension::deepseek-v4-pro::glz-6.1.0-roadmap::single_shot_v3,1,0,0,0,0,0,edit_apply_failed,edit_apply_failed,edit_apply_failed,2026-07-10T06:40:45.768878Z,44e7fbe2b8ae4083f69c3143
deepseek_extension::deepseek-v4-pro::glz-6.1.0-roadmap::single_shot_v3::rep2,deepseek_extension,glz-6.1.0-roadmap,glz,C++,deepseek-v4-pro,single_shot_v3,deepseek_extension::deepseek-v4-pro::glz-6.1.0-roadmap::single_shot_v3,2,0,0,0,0,0,edit_apply_failed,edit_apply_failed,edit_apply_failed,2026-07-10T06:40:48.211535Z,7084c611e03459f45d3fe871
deepseek_extension::deepseek-v4-pro::glz-6.1.0-roadmap::single_shot_v3::rep3,deepseek_extension,glz-6.1.0-roadmap,glz,C++,deepseek-v4-pro,single_shot_v3,deepseek_extension::deepseek-v4-pro::glz-6.1.0-roadmap::single_shot_v3,3,0,0,0,0,0,finish_reason_length,edit_json_invalid,finish_reason_length,2026-07-10T06:43:49.470805Z,fa31a1b35be06f2f68c70f02
deepseek_extension::deepseek-v4-pro::glz-6.1.0-roadmap::single_shot_v3::rep4,deepseek_extension,glz-6.1.0-roadmap,glz,C++,deepseek-v4-pro,single_shot_v3,deepseek_extension::deepseek-v4-pro::glz-6.1.0-roadmap::single_shot_v3,4,0,0,0,0,0,edit_apply_failed,edit_apply_failed,edit_apply_failed,2026-07-10T06:41:03.354408Z,becafaee530d0ce8b6eae1f4
deepseek_extension::deepseek-v4-pro::glz-6.1.0-roadmap::single_shot_v3::rep5,deepseek_extension,glz-6.1.0-roadmap,glz,C++,deepseek-v4-pro,single_shot_v3,deepseek_extension::deepseek-v4-pro::glz-6.1.0-roadmap::single_shot_v3,5,0,0,0,0,0,finish_reason_length,edit_json_invalid,finish_reason_length,2026-07-10T06:44:36.933514Z,5342630a6bf645c9263fed1a
deepseek_extension::deepseek-v4-pro::glz-6.1.0-roadmap::single_shot_v3::rep6,deepseek_extension,glz-6.1.0-roadmap,glz,C++,deepseek-v4-pro,single_shot_v3,deepseek_extension::deepseek-v4-pro::glz-6.1.0-roadmap::single_shot_v3,6,0,0,0,0,0,edit_path_disallowed,edit_path_disallowed,edit_path_disallowed,2026-07-10T06:41:29.286009Z,86cae430387dcfcfc3d9cd88
deepseek_extension::deepseek-v4-pro::glz-6.1.0-roadmap::single_shot_v3::rep7,deepseek_extension,glz-6.1.0-roadmap,glz,C++,deepseek-v4-pro,single_shot_v3,deepseek_extension::deepseek-v4-pro::glz-6.1.0-roadmap::single_shot_v3,7,0,0,0,0,0,finish_reason_length,edit_json_invalid,finish_reason_length,2026-07-10T06:45:02.008800Z,148bc70cafdac7000181e281
deepseek_extension::deepseek-v4-pro::glz-6.1.0-roadmap::staged_v4::rep0,deepseek_extension,glz-6.1.0-roadmap,glz,C++,deepseek-v4-pro,staged_v4,deepseek_extension::deepseek-v4-pro::glz-6.1.0-roadmap::staged_v4,0,0,0,0,0,0,stage1_plan_failed,stage_state_edit_targets_invalid,stage1_plan_failed,2026-07-10T06:40:43.652835Z,9f2a628d3c67ee10bb9a9e16
deepseek_extension::deepseek-v4-pro::glz-6.1.0-roadmap::staged_v4::rep1,deepseek_extension,glz-6.1.0-roadmap,glz,C++,deepseek-v4-pro,staged_v4,deepseek_extension::deepseek-v4-pro::glz-6.1.0-roadmap::staged_v4,1,0,0,0,0,0,stage1_plan_failed,stage_state_edit_targets_invalid,stage1_plan_failed,2026-07-10T06:40:50.210245Z,bf312f682e463b0efe5d7b6d
deepseek_extension::deepseek-v4-pro::glz-6.1.0-roadmap::staged_v4::rep2,deepseek_extension,glz-6.1.0-roadmap,glz,C++,deepseek-v4-pro,staged_v4,deepseek_extension::deepseek-v4-pro::glz-6.1.0-roadmap::staged_v4,2,0,0,0,0,0,stage1_plan_failed,stage_state_edit_targets_invalid,stage1_plan_failed,2026-07-10T06:40:52.035631Z,5ec0498f6099f86dc40d824e
deepseek_extension::deepseek-v4-pro::glz-6.1.0-roadmap::staged_v4::rep3,deepseek_extension,glz-6.1.0-roadmap,glz,C++,deepseek-v4-pro,staged_v4,deepseek_extension::deepseek-v4-pro::glz-6.1.0-roadmap::staged_v4,3,0,0,0,0,0,stage1_plan_failed,stage_state_edit_targets_invalid,stage1_plan_failed,2026-07-10T06:40:54.541622Z,0e9076de41b773e98091c1d8
deepseek_extension::deepseek-v4-pro::glz-6.1.0-roadmap::staged_v4::rep4,deepseek_extension,glz-6.1.0-roadmap,glz,C++,deepseek-v4-pro,staged_v4,deepseek_extension::deepseek-v4-pro::glz-6.1.0-roadmap::staged_v4,4,0,0,0,0,0,stage1_plan_failed,stage_state_edit_targets_invalid,stage1_plan_failed,2026-07-10T06:40:56.232160Z,cce13f1b2fd8e31b8fe7e4ee
deepseek_extension::deepseek-v4-pro::glz-6.1.0-roadmap::staged_v4::rep5,deepseek_extension,glz-6.1.0-roadmap,glz,C++,deepseek-v4-pro,staged_v4,deepseek_extension::deepseek-v4-pro::glz-6.1.0-roadmap::staged_v4,5,0,0,0,0,0,stage1_plan_failed,stage_state_edit_targets_invalid,stage1_plan_failed,2026-07-10T06:40:58.311834Z,bbcf48a6b774dcd5e05585bb
deepseek_extension::deepseek-v4-pro::glz-6.1.0-roadmap::staged_v4::rep6,deepseek_extension,glz-6.1.0-roadmap,glz,C++,deepseek-v4-pro,staged_v4,deepseek_extension::deepseek-v4-pro::glz-6.1.0-roadmap::staged_v4,6,0,0,0,0,0,stage1_plan_failed,stage_state_edit_targets_invalid,stage1_plan_failed,2026-07-10T06:41:00.872842Z,5f90e432e105e17162d45176
deepseek_extension::deepseek-v4-pro::glz-6.1.0-roadmap::staged_v4::rep7,deepseek_extension,glz-6.1.0-roadmap,glz,C++,deepseek-v4-pro,staged_v4,deepseek_extension::deepseek-v4-pro::glz-6.1.0-roadmap::staged_v4,7,0,0,0,0,0,stage1_plan_failed,stage_state_edit_targets_invalid,stage1_plan_failed,2026-07-10T06:41:03.223927Z,4eb5c5f462595c1208f5c73d
deepseek_extension::deepseek-v4-pro::glz-6.2.0-roadmap::single_shot_v3::rep0,deepseek_extension,glz-6.2.0-roadmap,glz,C++,deepseek-v4-pro,single_shot_v3,deepseek_extension::deepseek-v4-pro::glz-6.2.0-roadmap::single_shot_v3,0,0,0,0,0,0,edit_apply_failed,edit_apply_failed,edit_apply_failed,2026-07-10T06:41:43.048171Z,9b46e6ec0e3436c974d427ba
deepseek_extension::deepseek-v4-pro::glz-6.2.0-roadmap::single_shot_v3::rep1,deepseek_extension,glz-6.2.0-roadmap,glz,C++,deepseek-v4-pro,single_shot_v3,deepseek_extension::deepseek-v4-pro::glz-6.2.0-roadmap::single_shot_v3,1,0,0,0,0,0,edit_apply_failed,edit_apply_failed,edit_apply_failed,2026-07-10T06:42:33.489292Z,0a62fa507a828c67150ae573
deepseek_extension::deepseek-v4-pro::glz-6.2.0-roadmap::single_shot_v3::rep2,deepseek_extension,glz-6.2.0-roadmap,glz,C++,deepseek-v4-pro,single_shot_v3,deepseek_extension::deepseek-v4-pro::glz-6.2.0-roadmap::single_shot_v3,2,0,0,0,0,0,edit_apply_failed,edit_apply_failed,edit_apply_failed,2026-07-10T06:41:54.485660Z,a83b7a11743d5709abd94e45
deepseek_extension::deepseek-v4-pro::glz-6.2.0-roadmap::single_shot_v3::rep3,deepseek_extension,glz-6.2.0-roadmap,glz,C++,deepseek-v4-pro,single_shot_v3,deepseek_extension::deepseek-v4-pro::glz-6.2.0-roadmap::single_shot_v3,3,0,0,0,0,0,edit_apply_failed,edit_apply_failed,edit_apply_failed,2026-07-10T06:41:36.187941Z,48e437703aac6dd751ed8ef9
deepseek_extension::deepseek-v4-pro::glz-6.2.0-roadmap::single_shot_v3::rep4,deepseek_extension,glz-6.2.0-roadmap,glz,C++,deepseek-v4-pro,single_shot_v3,deepseek_extension::deepseek-v4-pro::glz-6.2.0-roadmap::single_shot_v3,4,0,0,0,0,0,edit_apply_failed,edit_apply_failed,edit_apply_failed,2026-07-10T06:42:00.458577Z,39443dcedd1b9f26a710452b
deepseek_extension::deepseek-v4-pro::glz-6.2.0-roadmap::single_shot_v3::rep5,deepseek_extension,glz-6.2.0-roadmap,glz,C++,deepseek-v4-pro,single_shot_v3,deepseek_extension::deepseek-v4-pro::glz-6.2.0-roadmap::single_shot_v3,5,0,0,0,0,0,edit_apply_failed,edit_apply_failed,edit_apply_failed,2026-07-10T06:42:12.493635Z,0f808412d9294aa76cf93dc2
deepseek_extension::deepseek-v4-pro::glz-6.2.0-roadmap::single_shot_v3::rep6,deepseek_extension,glz-6.2.0-roadmap,glz,C++,deepseek-v4-pro,single_shot_v3,deepseek_extension::deepseek-v4-pro::glz-6.2.0-roadmap::single_shot_v3,6,0,0,0,0,0,edit_apply_failed,edit_apply_failed,edit_apply_failed,2026-07-10T06:42:27.920105Z,0f09b582b96c4bf33603d696
deepseek_extension::deepseek-v4-pro::glz-6.2.0-roadmap::single_shot_v3::rep7,deepseek_extension,glz-6.2.0-roadmap,glz,C++,deepseek-v4-pro,single_shot_v3,deepseek_extension::deepseek-v4-pro::glz-6.2.0-roadmap::single_shot_v3,7,0,0,0,0,0,edit_apply_failed,edit_apply_failed,edit_apply_failed,2026-07-10T06:42:24.947724Z,b962e7aa3e7a162da4b9bf0b
deepseek_extension::deepseek-v4-pro::glz-6.2.0-roadmap::staged_v4::rep0,deepseek_extension,glz-6.2.0-roadmap,glz,C++,deepseek-v4-pro,staged_v4,deepseek_extension::deepseek-v4-pro::glz-6.2.0-roadmap::staged_v4,0,0,0,0,0,0,stage1_plan_failed,stage_state_forbidden_terms,stage1_plan_failed,2026-07-10T06:42:08.204446Z,fdf9c63a3c286c2e95360166
deepseek_extension::deepseek-v4-pro::glz-6.2.0-roadmap::staged_v4::rep1,deepseek_extension,glz-6.2.0-roadmap,glz,C++,deepseek-v4-pro,staged_v4,deepseek_extension::deepseek-v4-pro::glz-6.2.0-roadmap::staged_v4,1,0,0,0,0,0,stage1_plan_failed,stage_state_forbidden_terms,stage1_plan_failed,2026-07-10T06:42:16.076420Z,b291d2318a30b276851a360e
deepseek_extension::deepseek-v4-pro::glz-6.2.0-roadmap::staged_v4::rep2,deepseek_extension,glz-6.2.0-roadmap,glz,C++,deepseek-v4-pro,staged_v4,deepseek_extension::deepseek-v4-pro::glz-6.2.0-roadmap::staged_v4,2,0,0,0,0,0,stage1_plan_failed,stage_state_forbidden_terms,stage1_plan_failed,2026-07-10T06:42:20.128560Z,f73ef55b0fec6cbfa8cd8f19
deepseek_extension::deepseek-v4-pro::glz-6.2.0-roadmap::staged_v4::rep3,deepseek_extension,glz-6.2.0-roadmap,glz,C++,deepseek-v4-pro,staged_v4,deepseek_extension::deepseek-v4-pro::glz-6.2.0-roadmap::staged_v4,3,0,0,0,0,0,stage1_plan_failed,stage_state_forbidden_terms,stage1_plan_failed,2026-07-10T06:42:23.256806Z,80fd94aa01df033231e7c7a8
deepseek_extension::deepseek-v4-pro::glz-6.2.0-roadmap::staged_v4::rep4,deepseek_extension,glz-6.2.0-roadmap,glz,C++,deepseek-v4-pro,staged_v4,deepseek_extension::deepseek-v4-pro::glz-6.2.0-roadmap::staged_v4,4,0,0,0,0,0,stage1_plan_failed,stage_state_forbidden_terms,stage1_plan_failed,2026-07-10T06:42:28.806985Z,b1ed26d83a94d6eba48e0993
deepseek_extension::deepseek-v4-pro::glz-6.2.0-roadmap::staged_v4::rep5,deepseek_extension,glz-6.2.0-roadmap,glz,C++,deepseek-v4-pro,staged_v4,deepseek_extension::deepseek-v4-pro::glz-6.2.0-roadmap::staged_v4,5,0,0,0,0,0,stage1_plan_failed,stage_state_forbidden_terms,stage1_plan_failed,2026-07-10T06:42:32.072783Z,47220ef8b77d7fab55b26d80
deepseek_extension::deepseek-v4-pro::glz-6.2.0-roadmap::staged_v4::rep6,deepseek_extension,glz-6.2.0-roadmap,glz,C++,deepseek-v4-pro,staged_v4,deepseek_extension::deepseek-v4-pro::glz-6.2.0-roadmap::staged_v4,6,0,0,0,0,0,stage1_plan_failed,stage_state_forbidden_terms,stage1_plan_failed,2026-07-10T06:42:32.630204Z,ffb05ca5631366f12e097e1a
deepseek_extension::deepseek-v4-pro::glz-6.2.0-roadmap::staged_v4::rep7,deepseek_extension,glz-6.2.0-roadmap,glz,C++,deepseek-v4-pro,staged_v4,deepseek_extension::deepseek-v4-pro::glz-6.2.0-roadmap::staged_v4,7,0,0,0,0,0,stage1_plan_failed,stage_state_forbidden_terms,stage1_plan_failed,2026-07-10T06:42:36.180810Z,034dae57d8054a52c407cd93
deepseek_extension::deepseek-v4-pro::glz-7.0.1-roadmap::single_shot_v3::rep0,deepseek_extension,glz-7.0.1-roadmap,glz,C++,deepseek-v4-pro,single_shot_v3,deepseek_extension::deepseek-v4-pro::glz-7.0.1-roadmap::single_shot_v3,0,0,0,0,0,0,edit_apply_failed,edit_apply_failed,edit_apply_failed,2026-07-10T06:43:09.940438Z,4871aa5e894cb211542bb360
deepseek_extension::deepseek-v4-pro::glz-7.0.1-roadmap::single_shot_v3::rep1,deepseek_extension,glz-7.0.1-roadmap,glz,C++,deepseek-v4-pro,single_shot_v3,deepseek_extension::deepseek-v4-pro::glz-7.0.1-roadmap::single_shot_v3,1,1,1,1,1,0,test_failed,,,2026-07-10T07:52:08.561628Z,7c358614217091f2e8192b2e
deepseek_extension::deepseek-v4-pro::glz-7.0.1-roadmap::single_shot_v3::rep2,deepseek_extension,glz-7.0.1-roadmap,glz,C++,deepseek-v4-pro,single_shot_v3,deepseek_extension::deepseek-v4-pro::glz-7.0.1-roadmap::single_shot_v3,2,0,0,0,0,0,edit_apply_failed,edit_apply_failed,edit_apply_failed,2026-07-10T06:43:18.782182Z,6d86074c14076926370702db
deepseek_extension::deepseek-v4-pro::glz-7.0.1-roadmap::single_shot_v3::rep3,deepseek_extension,glz-7.0.1-roadmap,glz,C++,deepseek-v4-pro,single_shot_v3,deepseek_extension::deepseek-v4-pro::glz-7.0.1-roadmap::single_shot_v3,3,1,1,1,1,0,test_failed,,,2026-07-10T07:52:23.595976Z,6b58f8dbb494ccc9c979e8e5
deepseek_extension::deepseek-v4-pro::glz-7.0.1-roadmap::single_shot_v3::rep4,deepseek_extension,glz-7.0.1-roadmap,glz,C++,deepseek-v4-pro,single_shot_v3,deepseek_extension::deepseek-v4-pro::glz-7.0.1-roadmap::single_shot_v3,4,1,1,1,1,0,test_failed,,,2026-07-10T07:52:39.669992Z,1f76cc4d5ca27e346cad95fe
deepseek_extension::deepseek-v4-pro::glz-7.0.1-roadmap::single_shot_v3::rep5,deepseek_extension,glz-7.0.1-roadmap,glz,C++,deepseek-v4-pro,single_shot_v3,deepseek_extension::deepseek-v4-pro::glz-7.0.1-roadmap::single_shot_v3,5,1,1,1,1,0,test_failed,,,2026-07-10T07:52:54.976953Z,6999cfd1de0f0093802c0fe3
deepseek_extension::deepseek-v4-pro::glz-7.0.1-roadmap::single_shot_v3::rep6,deepseek_extension,glz-7.0.1-roadmap,glz,C++,deepseek-v4-pro,single_shot_v3,deepseek_extension::deepseek-v4-pro::glz-7.0.1-roadmap::single_shot_v3,6,0,0,0,0,0,edit_apply_failed,edit_apply_failed,edit_apply_failed,2026-07-10T06:43:47.783618Z,e0b823420548b90adae4d030
deepseek_extension::deepseek-v4-pro::glz-7.0.1-roadmap::single_shot_v3::rep7,deepseek_extension,glz-7.0.1-roadmap,glz,C++,deepseek-v4-pro,single_shot_v3,deepseek_extension::deepseek-v4-pro::glz-7.0.1-roadmap::single_shot_v3,7,0,0,0,0,0,edit_apply_failed,edit_apply_failed,edit_apply_failed,2026-07-10T06:43:50.819533Z,ae2e5d8ca3639bb46367e9f8
deepseek_extension::deepseek-v4-pro::glz-7.0.1-roadmap::staged_v4::rep0,deepseek_extension,glz-7.0.1-roadmap,glz,C++,deepseek-v4-pro,staged_v4,deepseek_extension::deepseek-v4-pro::glz-7.0.1-roadmap::staged_v4,0,1,1,1,1,0,test_failed,,,2026-07-10T07:53:10.565808Z,e1b7f9b87f17eceaa175e8ee
deepseek_extension::deepseek-v4-pro::glz-7.0.1-roadmap::staged_v4::rep1,deepseek_extension,glz-7.0.1-roadmap,glz,C++,deepseek-v4-pro,staged_v4,deepseek_extension::deepseek-v4-pro::glz-7.0.1-roadmap::staged_v4,1,0,0,0,0,0,edit_apply_failed,edit_apply_failed,edit_apply_failed,2026-07-10T06:44:49.000118Z,d57cdef627e2590a5136471d
deepseek_extension::deepseek-v4-pro::glz-7.0.1-roadmap::staged_v4::rep2,deepseek_extension,glz-7.0.1-roadmap,glz,C++,deepseek-v4-pro,staged_v4,deepseek_extension::deepseek-v4-pro::glz-7.0.1-roadmap::staged_v4,2,1,1,1,1,0,test_failed,,,2026-07-10T07:53:26.364874Z,ec5487f88edea09864e65507
deepseek_extension::deepseek-v4-pro::glz-7.0.1-roadmap::staged_v4::rep3,deepseek_extension,glz-7.0.1-roadmap,glz,C++,deepseek-v4-pro,staged_v4,deepseek_extension::deepseek-v4-pro::glz-7.0.1-roadmap::staged_v4,3,0,0,0,0,0,edit_apply_failed,edit_apply_failed,edit_apply_failed,2026-07-10T06:44:35.829265Z,fecc2061ca4466a05d75768c
deepseek_extension::deepseek-v4-pro::glz-7.0.1-roadmap::staged_v4::rep4,deepseek_extension,glz-7.0.1-roadmap,glz,C++,deepseek-v4-pro,staged_v4,deepseek_extension::deepseek-v4-pro::glz-7.0.1-roadmap::staged_v4,4,1,1,1,1,0,test_failed,,,2026-07-10T07:53:38.439866Z,b7104b306ff78029d806248a
deepseek_extension::deepseek-v4-pro::glz-7.0.1-roadmap::staged_v4::rep5,deepseek_extension,glz-7.0.1-roadmap,glz,C++,deepseek-v4-pro,staged_v4,deepseek_extension::deepseek-v4-pro::glz-7.0.1-roadmap::staged_v4,5,1,1,1,1,0,test_failed,,,2026-07-10T07:53:50.413844Z,089523791b587e9eebfbb0ff
deepseek_extension::deepseek-v4-pro::glz-7.0.1-roadmap::staged_v4::rep6,deepseek_extension,glz-7.0.1-roadmap,glz,C++,deepseek-v4-pro,staged_v4,deepseek_extension::deepseek-v4-pro::glz-7.0.1-roadmap::staged_v4,6,1,1,1,1,0,test_failed,,,2026-07-10T07:54:02.343583Z,a5ca12cc3b110f86723190e9
deepseek_extension::deepseek-v4-pro::glz-7.0.1-roadmap::staged_v4::rep7,deepseek_extension,glz-7.0.1-roadmap,glz,C++,deepseek-v4-pro,staged_v4,deepseek_extension::deepseek-v4-pro::glz-7.0.1-roadmap::staged_v4,7,1,1,1,1,0,test_failed,,,2026-07-10T07:54:14.572689Z,914d1fc416ad412d3f9d51bd
deepseek_extension::deepseek-v4-pro::ktx-0.12.0-roadmap::single_shot_v3::rep0,deepseek_extension,ktx-0.12.0-roadmap,ktx,Go,deepseek-v4-pro,single_shot_v3,deepseek_extension::deepseek-v4-pro::ktx-0.12.0-roadmap::single_shot_v3,0,0,0,0,0,0,finish_reason_length,edit_json_invalid,finish_reason_length,2026-07-10T06:48:51.732751Z,1fddccd9fcf11d728e87ea6c
deepseek_extension::deepseek-v4-pro::ktx-0.12.0-roadmap::single_shot_v3::rep1,deepseek_extension,ktx-0.12.0-roadmap,ktx,Go,deepseek-v4-pro,single_shot_v3,deepseek_extension::deepseek-v4-pro::ktx-0.12.0-roadmap::single_shot_v3,1,1,1,1,1,0,test_failed,,,2026-07-10T07:54:15.404150Z,f87a7ca5e5120bafdb7a79b2
deepseek_extension::deepseek-v4-pro::ktx-0.12.0-roadmap::single_shot_v3::rep2,deepseek_extension,ktx-0.12.0-roadmap,ktx,Go,deepseek-v4-pro,single_shot_v3,deepseek_extension::deepseek-v4-pro::ktx-0.12.0-roadmap::single_shot_v3,2,0,0,0,0,0,edit_apply_failed,edit_apply_failed,edit_apply_failed,2026-07-10T06:46:38.973231Z,79200dc3898204c7af15c9ec
deepseek_extension::deepseek-v4-pro::ktx-0.12.0-roadmap::single_shot_v3::rep3,deepseek_extension,ktx-0.12.0-roadmap,ktx,Go,deepseek-v4-pro,single_shot_v3,deepseek_extension::deepseek-v4-pro::ktx-0.12.0-roadmap::single_shot_v3,3,0,1,1,0,0,test_failed,,,2026-07-10T07:54:16.166179Z,160d3c9f4b4cc148c9b59cb0
deepseek_extension::deepseek-v4-pro::ktx-0.12.0-roadmap::single_shot_v3::rep4,deepseek_extension,ktx-0.12.0-roadmap,ktx,Go,deepseek-v4-pro,single_shot_v3,deepseek_extension::deepseek-v4-pro::ktx-0.12.0-roadmap::single_shot_v3,4,0,1,1,0,0,test_failed,,,2026-07-10T07:54:16.858452Z,3e597d7d82c8d0c33a169587
deepseek_extension::deepseek-v4-pro::ktx-0.12.0-roadmap::single_shot_v3::rep5,deepseek_extension,ktx-0.12.0-roadmap,ktx,Go,deepseek-v4-pro,single_shot_v3,deepseek_extension::deepseek-v4-pro::ktx-0.12.0-roadmap::single_shot_v3,5,0,0,0,0,0,finish_reason_length,edit_json_invalid,finish_reason_length,2026-07-10T06:49:27.059823Z,74033fdd3b03c9f5f9f1914b
deepseek_extension::deepseek-v4-pro::ktx-0.12.0-roadmap::single_shot_v3::rep6,deepseek_extension,ktx-0.12.0-roadmap,ktx,Go,deepseek-v4-pro,single_shot_v3,deepseek_extension::deepseek-v4-pro::ktx-0.12.0-roadmap::single_shot_v3,6,0,1,1,0,0,test_failed,,,2026-07-10T07:54:17.587727Z,9238e0a399c1c5202d710cfe
deepseek_extension::deepseek-v4-pro::ktx-0.12.0-roadmap::single_shot_v3::rep7,deepseek_extension,ktx-0.12.0-roadmap,ktx,Go,deepseek-v4-pro,single_shot_v3,deepseek_extension::deepseek-v4-pro::ktx-0.12.0-roadmap::single_shot_v3,7,0,1,1,0,0,test_failed,,,2026-07-10T07:54:18.313020Z,069c1fed67f22abbadde6f17
deepseek_extension::deepseek-v4-pro::ktx-0.12.0-roadmap::staged_v4::rep0,deepseek_extension,ktx-0.12.0-roadmap,ktx,Go,deepseek-v4-pro,staged_v4,deepseek_extension::deepseek-v4-pro::ktx-0.12.0-roadmap::staged_v4,0,0,0,0,0,0,stage1_plan_failed,stage_state_too_many_planned_new_files,stage1_plan_failed,2026-07-10T06:44:58.830924Z,6b46e31fec70144b41054a9a
deepseek_extension::deepseek-v4-pro::ktx-0.12.0-roadmap::staged_v4::rep1,deepseek_extension,ktx-0.12.0-roadmap,ktx,Go,deepseek-v4-pro,staged_v4,deepseek_extension::deepseek-v4-pro::ktx-0.12.0-roadmap::staged_v4,1,0,0,0,0,0,stage2_contract_failed,stage2_too_many_edit_ops,stage2_contract_failed,2026-07-10T06:47:04.451067Z,39c9e4712c0f85aeafcd3c21
deepseek_extension::deepseek-v4-pro::ktx-0.12.0-roadmap::staged_v4::rep2,deepseek_extension,ktx-0.12.0-roadmap,ktx,Go,deepseek-v4-pro,staged_v4,deepseek_extension::deepseek-v4-pro::ktx-0.12.0-roadmap::staged_v4,2,0,1,1,0,0,test_failed,,,2026-07-10T07:54:19.051137Z,5d148fb522eaf2f0d216b70c
deepseek_extension::deepseek-v4-pro::ktx-0.12.0-roadmap::staged_v4::rep3,deepseek_extension,ktx-0.12.0-roadmap,ktx,Go,deepseek-v4-pro,staged_v4,deepseek_extension::deepseek-v4-pro::ktx-0.12.0-roadmap::staged_v4,3,0,0,0,0,0,stage1_plan_failed,stage_state_too_many_planned_new_files,stage1_plan_failed,2026-07-10T06:45:37.892430Z,b8d4a88415d093f1bccb433a
deepseek_extension::deepseek-v4-pro::ktx-0.12.0-roadmap::staged_v4::rep4,deepseek_extension,ktx-0.12.0-roadmap,ktx,Go,deepseek-v4-pro,staged_v4,deepseek_extension::deepseek-v4-pro::ktx-0.12.0-roadmap::staged_v4,4,0,0,0,0,0,stage1_plan_failed,stage_state_too_many_planned_new_files,stage1_plan_failed,2026-07-10T06:45:47.461284Z,ac3c7f6da2ebd85f2c9d7315
deepseek_extension::deepseek-v4-pro::ktx-0.12.0-roadmap::staged_v4::rep5,deepseek_extension,ktx-0.12.0-roadmap,ktx,Go,deepseek-v4-pro,staged_v4,deepseek_extension::deepseek-v4-pro::ktx-0.12.0-roadmap::staged_v4,5,0,0,0,0,0,stage2_contract_failed,stage2_too_many_edit_ops,stage2_contract_failed,2026-07-10T06:48:43.198196Z,fef3c5ae41352fca31ec8b3a
deepseek_extension::deepseek-v4-pro::ktx-0.12.0-roadmap::staged_v4::rep6,deepseek_extension,ktx-0.12.0-roadmap,ktx,Go,deepseek-v4-pro,staged_v4,deepseek_extension::deepseek-v4-pro::ktx-0.12.0-roadmap::staged_v4,6,0,0,0,0,0,stage2_contract_failed,stage2_too_many_edit_ops,stage2_contract_failed,2026-07-10T06:48:14.730060Z,f3d99ff800f8fceb4fee501d
deepseek_extension::deepseek-v4-pro::ktx-0.12.0-roadmap::staged_v4::rep7,deepseek_extension,ktx-0.12.0-roadmap,ktx,Go,deepseek-v4-pro,staged_v4,deepseek_extension::deepseek-v4-pro::ktx-0.12.0-roadmap::staged_v4,7,1,1,1,1,0,test_failed,,,2026-07-10T07:54:19.771341Z,1e87b83b931a53cdf53247aa
deepseek_extension::deepseek-v4-pro::ktx-0.13.0-roadmap::single_shot_v3::rep0,deepseek_extension,ktx-0.13.0-roadmap,ktx,Go,deepseek-v4-pro,single_shot_v3,deepseek_extension::deepseek-v4-pro::ktx-0.13.0-roadmap::single_shot_v3,0,0,0,0,0,0,edit_apply_failed,edit_apply_failed,edit_apply_failed,2026-07-10T06:50:14.025181Z,2426fc2249d28bce7db2037c
deepseek_extension::deepseek-v4-pro::ktx-0.13.0-roadmap::single_shot_v3::rep1,deepseek_extension,ktx-0.13.0-roadmap,ktx,Go,deepseek-v4-pro,single_shot_v3,deepseek_extension::deepseek-v4-pro::ktx-0.13.0-roadmap::single_shot_v3,1,0,0,0,0,0,edit_apply_failed,edit_apply_failed,edit_apply_failed,2026-07-10T06:50:45.169793Z,2ec6ce87c2667386b5343452
deepseek_extension::deepseek-v4-pro::ktx-0.13.0-roadmap::single_shot_v3::rep2,deepseek_extension,ktx-0.13.0-roadmap,ktx,Go,deepseek-v4-pro,single_shot_v3,deepseek_extension::deepseek-v4-pro::ktx-0.13.0-roadmap::single_shot_v3,2,0,0,0,0,0,edit_apply_failed,edit_apply_failed,edit_apply_failed,2026-07-10T06:50:51.336862Z,0a023c0ae6adf77645729e5f
deepseek_extension::deepseek-v4-pro::ktx-0.13.0-roadmap::single_shot_v3::rep3,deepseek_extension,ktx-0.13.0-roadmap,ktx,Go,deepseek-v4-pro,single_shot_v3,deepseek_extension::deepseek-v4-pro::ktx-0.13.0-roadmap::single_shot_v3,3,0,0,0,0,0,edit_apply_failed,edit_apply_failed,edit_apply_failed,2026-07-10T06:50:00.869730Z,a753e119b0b0fe8d91317eb2
deepseek_extension::deepseek-v4-pro::ktx-0.13.0-roadmap::single_shot_v3::rep4,deepseek_extension,ktx-0.13.0-roadmap,ktx,Go,deepseek-v4-pro,single_shot_v3,deepseek_extension::deepseek-v4-pro::ktx-0.13.0-roadmap::single_shot_v3,4,0,0,0,0,0,edit_apply_failed,edit_apply_failed,edit_apply_failed,2026-07-10T06:49:57.175231Z,53781beae1a3b68fd6a1566e
deepseek_extension::deepseek-v4-pro::ktx-0.13.0-roadmap::single_shot_v3::rep5,deepseek_extension,ktx-0.13.0-roadmap,ktx,Go,deepseek-v4-pro,single_shot_v3,deepseek_extension::deepseek-v4-pro::ktx-0.13.0-roadmap::single_shot_v3,5,0,0,0,0,0,edit_apply_failed,edit_apply_failed,edit_apply_failed,2026-07-10T06:51:19.678675Z,2bcf5331b93c4bb0e54c8a9b
deepseek_extension::deepseek-v4-pro::ktx-0.13.0-roadmap::single_shot_v3::rep6,deepseek_extension,ktx-0.13.0-roadmap,ktx,Go,deepseek-v4-pro,single_shot_v3,deepseek_extension::deepseek-v4-pro::ktx-0.13.0-roadmap::single_shot_v3,6,0,0,0,0,0,edit_apply_failed,edit_apply_failed,edit_apply_failed,2026-07-10T06:50:59.350652Z,c117256e6ef569a3cc5112e2
deepseek_extension::deepseek-v4-pro::ktx-0.13.0-roadmap::single_shot_v3::rep7,deepseek_extension,ktx-0.13.0-roadmap,ktx,Go,deepseek-v4-pro,single_shot_v3,deepseek_extension::deepseek-v4-pro::ktx-0.13.0-roadmap::single_shot_v3,7,0,0,0,0,0,edit_apply_failed,edit_apply_failed,edit_apply_failed,2026-07-10T06:51:54.370678Z,960904d6e8871990e8a6007e
deepseek_extension::deepseek-v4-pro::ktx-0.13.0-roadmap::staged_v4::rep0,deepseek_extension,ktx-0.13.0-roadmap,ktx,Go,deepseek-v4-pro,staged_v4,deepseek_extension::deepseek-v4-pro::ktx-0.13.0-roadmap::staged_v4,0,0,0,0,0,0,stage2_contract_failed,stage2_too_many_edit_ops,stage2_contract_failed,2026-07-10T06:53:12.436819Z,6503e0f2ce6fdd31e473b022
deepseek_extension::deepseek-v4-pro::ktx-0.13.0-roadmap::staged_v4::rep1,deepseek_extension,ktx-0.13.0-roadmap,ktx,Go,deepseek-v4-pro,staged_v4,deepseek_extension::deepseek-v4-pro::ktx-0.13.0-roadmap::staged_v4,1,0,0,0,0,0,stage2_contract_failed,stage2_edit_outside_stage_state,stage2_contract_failed,2026-07-10T06:52:39.307314Z,ebdd505d2f025f27f5fd81e3
deepseek_extension::deepseek-v4-pro::ktx-0.13.0-roadmap::staged_v4::rep2,deepseek_extension,ktx-0.13.0-roadmap,ktx,Go,deepseek-v4-pro,staged_v4,deepseek_extension::deepseek-v4-pro::ktx-0.13.0-roadmap::staged_v4,2,0,0,0,0,0,stage2_contract_failed,stage2_too_many_edit_ops,stage2_contract_failed,2026-07-10T06:53:55.031726Z,f91397f038d3483b248052a7
deepseek_extension::deepseek-v4-pro::ktx-0.13.0-roadmap::staged_v4::rep3,deepseek_extension,ktx-0.13.0-roadmap,ktx,Go,deepseek-v4-pro,staged_v4,deepseek_extension::deepseek-v4-pro::ktx-0.13.0-roadmap::staged_v4,3,0,0,0,0,0,stage2_contract_failed,stage2_edit_outside_stage_state,stage2_contract_failed,2026-07-10T06:52:33.812010Z,6f3c2e61d32b15cb07a8de4a
deepseek_extension::deepseek-v4-pro::ktx-0.13.0-roadmap::staged_v4::rep4,deepseek_extension,ktx-0.13.0-roadmap,ktx,Go,deepseek-v4-pro,staged_v4,deepseek_extension::deepseek-v4-pro::ktx-0.13.0-roadmap::staged_v4,4,0,0,0,0,0,edit_apply_failed,edit_apply_failed,edit_apply_failed,2026-07-10T06:53:09.895839Z,e29bb6c08bf4e07943cf83a5
deepseek_extension::deepseek-v4-pro::ktx-0.13.0-roadmap::staged_v4::rep5,deepseek_extension,ktx-0.13.0-roadmap,ktx,Go,deepseek-v4-pro,staged_v4,deepseek_extension::deepseek-v4-pro::ktx-0.13.0-roadmap::staged_v4,5,0,0,0,0,0,stage2_contract_failed,stage2_too_many_edit_ops,stage2_contract_failed,2026-07-10T06:53:32.410047Z,3f40fcfb6a8272966bb807f9
deepseek_extension::deepseek-v4-pro::ktx-0.13.0-roadmap::staged_v4::rep6,deepseek_extension,ktx-0.13.0-roadmap,ktx,Go,deepseek-v4-pro,staged_v4,deepseek_extension::deepseek-v4-pro::ktx-0.13.0-roadmap::staged_v4,6,0,0,0,0,0,stage2_contract_failed,stage2_edit_outside_stage_state,stage2_contract_failed,2026-07-10T06:52:28.707146Z,6bc535ca5f437c618de0a57b
deepseek_extension::deepseek-v4-pro::ktx-0.13.0-roadmap::staged_v4::rep7,deepseek_extension,ktx-0.13.0-roadmap,ktx,Go,deepseek-v4-pro,staged_v4,deepseek_extension::deepseek-v4-pro::ktx-0.13.0-roadmap::staged_v4,7,0,0,0,0,0,stage2_contract_failed,stage2_edit_outside_stage_state,stage2_contract_failed,2026-07-10T06:54:11.602575Z,1567f4c78a1859e68cdadafe
deepseek_extension::deepseek-v4-pro::ktx-0.15.1-roadmap::single_shot_v3::rep0,deepseek_extension,ktx-0.15.1-roadmap,ktx,Go,deepseek-v4-pro,single_shot_v3,deepseek_extension::deepseek-v4-pro::ktx-0.15.1-roadmap::single_shot_v3,0,0,0,0,0,0,edit_apply_failed,edit_apply_failed,edit_apply_failed,2026-07-10T06:54:29.597425Z,6cfffc6121f7f210d14ea180
deepseek_extension::deepseek-v4-pro::ktx-0.15.1-roadmap::single_shot_v3::rep1,deepseek_extension,ktx-0.15.1-roadmap,ktx,Go,deepseek-v4-pro,single_shot_v3,deepseek_extension::deepseek-v4-pro::ktx-0.15.1-roadmap::single_shot_v3,1,1,1,1,1,0,test_failed,,,2026-07-10T07:54:20.553687Z,dc83ab0464af1ef6d4fa07be
deepseek_extension::deepseek-v4-pro::ktx-0.15.1-roadmap::single_shot_v3::rep2,deepseek_extension,ktx-0.15.1-roadmap,ktx,Go,deepseek-v4-pro,single_shot_v3,deepseek_extension::deepseek-v4-pro::ktx-0.15.1-roadmap::single_shot_v3,2,1,1,1,1,0,test_failed,,,2026-07-10T07:54:21.287542Z,6da17ec9fb064cbd6de607ff
deepseek_extension::deepseek-v4-pro::ktx-0.15.1-roadmap::single_shot_v3::rep3,deepseek_extension,ktx-0.15.1-roadmap,ktx,Go,deepseek-v4-pro,single_shot_v3,deepseek_extension::deepseek-v4-pro::ktx-0.15.1-roadmap::single_shot_v3,3,1,1,1,1,0,test_failed,,,2026-07-10T07:54:22.008555Z,b42bdf61789b80135a725d7b
deepseek_extension::deepseek-v4-pro::ktx-0.15.1-roadmap::single_shot_v3::rep4,deepseek_extension,ktx-0.15.1-roadmap,ktx,Go,deepseek-v4-pro,single_shot_v3,deepseek_extension::deepseek-v4-pro::ktx-0.15.1-roadmap::single_shot_v3,4,1,1,1,1,0,test_failed,,,2026-07-10T07:54:22.720186Z,37e942616684841a158d63c9
deepseek_extension::deepseek-v4-pro::ktx-0.15.1-roadmap::single_shot_v3::rep5,deepseek_extension,ktx-0.15.1-roadmap,ktx,Go,deepseek-v4-pro,single_shot_v3,deepseek_extension::deepseek-v4-pro::ktx-0.15.1-roadmap::single_shot_v3,5,1,1,1,1,0,test_failed,,,2026-07-10T07:54:23.410440Z,308ed8ee20ec5ac67663017e
deepseek_extension::deepseek-v4-pro::ktx-0.15.1-roadmap::single_shot_v3::rep6,deepseek_extension,ktx-0.15.1-roadmap,ktx,Go,deepseek-v4-pro,single_shot_v3,deepseek_extension::deepseek-v4-pro::ktx-0.15.1-roadmap::single_shot_v3,6,1,1,1,1,0,test_failed,,,2026-07-10T07:54:24.126732Z,8adf4ef8237061bf630c55dd
deepseek_extension::deepseek-v4-pro::ktx-0.15.1-roadmap::single_shot_v3::rep7,deepseek_extension,ktx-0.15.1-roadmap,ktx,Go,deepseek-v4-pro,single_shot_v3,deepseek_extension::deepseek-v4-pro::ktx-0.15.1-roadmap::single_shot_v3,7,1,1,1,1,0,test_failed,,,2026-07-10T07:54:24.841679Z,f9e1d554312c1bd01c106d1e
deepseek_extension::deepseek-v4-pro::ktx-0.15.1-roadmap::staged_v4::rep0,deepseek_extension,ktx-0.15.1-roadmap,ktx,Go,deepseek-v4-pro,staged_v4,deepseek_extension::deepseek-v4-pro::ktx-0.15.1-roadmap::staged_v4,0,0,0,0,0,0,stage2_contract_failed,stage2_too_many_edit_ops,stage2_contract_failed,2026-07-10T06:55:44.482373Z,e0a48c5e7dff1b800fe8745a
deepseek_extension::deepseek-v4-pro::ktx-0.15.1-roadmap::staged_v4::rep1,deepseek_extension,ktx-0.15.1-roadmap,ktx,Go,deepseek-v4-pro,staged_v4,deepseek_extension::deepseek-v4-pro::ktx-0.15.1-roadmap::staged_v4,1,0,0,0,0,0,stage2_contract_failed,stage2_too_many_edit_ops,stage2_contract_failed,2026-07-10T06:59:38.645798Z,bc1acc2f5b27368b0144da68
deepseek_extension::deepseek-v4-pro::ktx-0.15.1-roadmap::staged_v4::rep2,deepseek_extension,ktx-0.15.1-roadmap,ktx,Go,deepseek-v4-pro,staged_v4,deepseek_extension::deepseek-v4-pro::ktx-0.15.1-roadmap::staged_v4,2,0,0,0,0,0,stage2_contract_failed,stage2_too_many_edit_ops,stage2_contract_failed,2026-07-10T06:57:21.241528Z,923fe6337022724307cc8724
deepseek_extension::deepseek-v4-pro::ktx-0.15.1-roadmap::staged_v4::rep3,deepseek_extension,ktx-0.15.1-roadmap,ktx,Go,deepseek-v4-pro,staged_v4,deepseek_extension::deepseek-v4-pro::ktx-0.15.1-roadmap::staged_v4,3,0,0,0,0,0,stage2_contract_failed,stage2_too_many_edit_ops,stage2_contract_failed,2026-07-10T06:57:23.427084Z,be59e6a6b9f55b4a4accfef7
deepseek_extension::deepseek-v4-pro::ktx-0.15.1-roadmap::staged_v4::rep4,deepseek_extension,ktx-0.15.1-roadmap,ktx,Go,deepseek-v4-pro,staged_v4,deepseek_extension::deepseek-v4-pro::ktx-0.15.1-roadmap::staged_v4,4,0,0,0,0,0,stage2_contract_failed,stage2_too_many_edit_ops,stage2_contract_failed,2026-07-10T06:56:33.904806Z,6456b46be1d69672f62f4cc5
deepseek_extension::deepseek-v4-pro::ktx-0.15.1-roadmap::staged_v4::rep5,deepseek_extension,ktx-0.15.1-roadmap,ktx,Go,deepseek-v4-pro,staged_v4,deepseek_extension::deepseek-v4-pro::ktx-0.15.1-roadmap::staged_v4,5,0,0,0,0,0,stage2_contract_failed,stage2_too_many_edit_ops,stage2_contract_failed,2026-07-10T06:57:51.232148Z,8ff10590112a7b38ffb549be
deepseek_extension::deepseek-v4-pro::ktx-0.15.1-roadmap::staged_v4::rep6,deepseek_extension,ktx-0.15.1-roadmap,ktx,Go,deepseek-v4-pro,staged_v4,deepseek_extension::deepseek-v4-pro::ktx-0.15.1-roadmap::staged_v4,6,0,0,0,0,0,stage2_contract_failed,stage2_too_many_edit_ops,stage2_contract_failed,2026-07-10T06:58:20.541809Z,661cdfaa53cb336ac8093295
deepseek_extension::deepseek-v4-pro::ktx-0.15.1-roadmap::staged_v4::rep7,deepseek_extension,ktx-0.15.1-roadmap,ktx,Go,deepseek-v4-pro,staged_v4,deepseek_extension::deepseek-v4-pro::ktx-0.15.1-roadmap::staged_v4,7,0,0,0,0,0,stage2_contract_failed,stage2_too_many_edit_ops,stage2_contract_failed,2026-07-10T06:59:24.633157Z,dedd400e9f7c371ce4c7320a
deepseek_extension::deepseek-v4-pro::ktx-0.6.0-roadmap::single_shot_v3::rep0,deepseek_extension,ktx-0.6.0-roadmap,ktx,Go,deepseek-v4-pro,single_shot_v3,deepseek_extension::deepseek-v4-pro::ktx-0.6.0-roadmap::single_shot_v3,0,0,0,0,0,0,edit_apply_failed,edit_apply_failed,edit_apply_failed,2026-07-10T06:57:56.114941Z,af34677c2bcc288a530202d4
deepseek_extension::deepseek-v4-pro::ktx-0.6.0-roadmap::single_shot_v3::rep1,deepseek_extension,ktx-0.6.0-roadmap,ktx,Go,deepseek-v4-pro,single_shot_v3,deepseek_extension::deepseek-v4-pro::ktx-0.6.0-roadmap::single_shot_v3,1,0,0,0,0,0,edit_apply_failed,edit_apply_failed,edit_apply_failed,2026-07-10T06:57:44.462390Z,7e65427adf432b0c85dd9480
deepseek_extension::deepseek-v4-pro::ktx-0.6.0-roadmap::single_shot_v3::rep2,deepseek_extension,ktx-0.6.0-roadmap,ktx,Go,deepseek-v4-pro,single_shot_v3,deepseek_extension::deepseek-v4-pro::ktx-0.6.0-roadmap::single_shot_v3,2,0,0,0,0,0,edit_apply_failed,edit_apply_failed,edit_apply_failed,2026-07-10T06:58:31.923920Z,1a7fb295bc88631f5d5e97c2
deepseek_extension::deepseek-v4-pro::ktx-0.6.0-roadmap::single_shot_v3::rep3,deepseek_extension,ktx-0.6.0-roadmap,ktx,Go,deepseek-v4-pro,single_shot_v3,deepseek_extension::deepseek-v4-pro::ktx-0.6.0-roadmap::single_shot_v3,3,0,0,0,0,0,edit_apply_failed,edit_apply_failed,edit_apply_failed,2026-07-10T06:59:09.374843Z,174a7ee50b1283c94513a3be
deepseek_extension::deepseek-v4-pro::ktx-0.6.0-roadmap::single_shot_v3::rep4,deepseek_extension,ktx-0.6.0-roadmap,ktx,Go,deepseek-v4-pro,single_shot_v3,deepseek_extension::deepseek-v4-pro::ktx-0.6.0-roadmap::single_shot_v3,4,0,0,0,0,0,edit_apply_failed,edit_apply_failed,edit_apply_failed,2026-07-10T06:59:43.789798Z,60d9e6c2372dd6d1fb7e3497
deepseek_extension::deepseek-v4-pro::ktx-0.6.0-roadmap::single_shot_v3::rep5,deepseek_extension,ktx-0.6.0-roadmap,ktx,Go,deepseek-v4-pro,single_shot_v3,deepseek_extension::deepseek-v4-pro::ktx-0.6.0-roadmap::single_shot_v3,5,0,0,0,0,0,edit_apply_failed,edit_apply_failed,edit_apply_failed,2026-07-10T06:59:03.138214Z,810dae02b569773ad570b57e
deepseek_extension::deepseek-v4-pro::ktx-0.6.0-roadmap::single_shot_v3::rep6,deepseek_extension,ktx-0.6.0-roadmap,ktx,Go,deepseek-v4-pro,single_shot_v3,deepseek_extension::deepseek-v4-pro::ktx-0.6.0-roadmap::single_shot_v3,6,0,0,0,0,0,edit_apply_failed,edit_apply_failed,edit_apply_failed,2026-07-10T06:59:22.935668Z,cd4f910ed3cc2a4d0151b92b
deepseek_extension::deepseek-v4-pro::ktx-0.6.0-roadmap::single_shot_v3::rep7,deepseek_extension,ktx-0.6.0-roadmap,ktx,Go,deepseek-v4-pro,single_shot_v3,deepseek_extension::deepseek-v4-pro::ktx-0.6.0-roadmap::single_shot_v3,7,0,0,0,0,0,edit_apply_failed,edit_apply_failed,edit_apply_failed,2026-07-10T06:59:28.140059Z,07ed2dc72d45ec7cfc738d20
deepseek_extension::deepseek-v4-pro::ktx-0.6.0-roadmap::staged_v4::rep0,deepseek_extension,ktx-0.6.0-roadmap,ktx,Go,deepseek-v4-pro,staged_v4,deepseek_extension::deepseek-v4-pro::ktx-0.6.0-roadmap::staged_v4,0,0,0,0,0,0,stage2_contract_failed,stage2_edit_outside_stage_state,stage2_contract_failed,2026-07-10T06:59:10.635189Z,4e89b72a497f4f6048c3719d
deepseek_extension::deepseek-v4-pro::ktx-0.6.0-roadmap::staged_v4::rep1,deepseek_extension,ktx-0.6.0-roadmap,ktx,Go,deepseek-v4-pro,staged_v4,deepseek_extension::deepseek-v4-pro::ktx-0.6.0-roadmap::staged_v4,1,0,0,0,0,0,stage2_contract_failed,stage2_edit_outside_stage_state,stage2_contract_failed,2026-07-10T07:00:13.716271Z,7c3a562703208545bc4c18d0
deepseek_extension::deepseek-v4-pro::ktx-0.6.0-roadmap::staged_v4::rep2,deepseek_extension,ktx-0.6.0-roadmap,ktx,Go,deepseek-v4-pro,staged_v4,deepseek_extension::deepseek-v4-pro::ktx-0.6.0-roadmap::staged_v4,2,0,0,0,0,0,stage1_plan_failed,stage_state_too_many_planned_new_files,stage1_plan_failed,2026-07-10T06:58:41.949241Z,58ab1b03b0d001f6d1d51abc
deepseek_extension::deepseek-v4-pro::ktx-0.6.0-roadmap::staged_v4::rep3,deepseek_extension,ktx-0.6.0-roadmap,ktx,Go,deepseek-v4-pro,staged_v4,deepseek_extension::deepseek-v4-pro::ktx-0.6.0-roadmap::staged_v4,3,1,1,1,1,0,test_failed,,,2026-07-10T07:54:25.602153Z,b76a14228a2357440f4f0b31
deepseek_extension::deepseek-v4-pro::ktx-0.6.0-roadmap::staged_v4::rep4,deepseek_extension,ktx-0.6.0-roadmap,ktx,Go,deepseek-v4-pro,staged_v4,deepseek_extension::deepseek-v4-pro::ktx-0.6.0-roadmap::staged_v4,4,0,0,0,0,0,stage2_contract_failed,stage2_edit_outside_stage_state,stage2_contract_failed,2026-07-10T07:00:07.669287Z,e3467691831168624c8cc3f3
deepseek_extension::deepseek-v4-pro::ktx-0.6.0-roadmap::staged_v4::rep5,deepseek_extension,ktx-0.6.0-roadmap,ktx,Go,deepseek-v4-pro,staged_v4,deepseek_extension::deepseek-v4-pro::ktx-0.6.0-roadmap::staged_v4,5,0,0,0,0,0,stage2_contract_failed,stage2_too_many_edit_ops,stage2_contract_failed,2026-07-10T07:01:36.471691Z,441bd894e5ef7a4d42462b11
deepseek_extension::deepseek-v4-pro::ktx-0.6.0-roadmap::staged_v4::rep6,deepseek_extension,ktx-0.6.0-roadmap,ktx,Go,deepseek-v4-pro,staged_v4,deepseek_extension::deepseek-v4-pro::ktx-0.6.0-roadmap::staged_v4,6,0,0,0,0,0,stage2_contract_failed,stage2_too_many_edit_ops,stage2_contract_failed,2026-07-10T07:01:36.901226Z,f40371eba96e6d639b091ca3
deepseek_extension::deepseek-v4-pro::ktx-0.6.0-roadmap::staged_v4::rep7,deepseek_extension,ktx-0.6.0-roadmap,ktx,Go,deepseek-v4-pro,staged_v4,deepseek_extension::deepseek-v4-pro::ktx-0.6.0-roadmap::staged_v4,7,0,0,0,0,0,stage2_contract_failed,stage2_edit_outside_stage_state,stage2_contract_failed,2026-07-10T07:00:18.820985Z,6e45fa66fcf98f6677f5da04
deepseek_extension::deepseek-v4-pro::ktx-0.9.0-roadmap::single_shot_v3::rep0,deepseek_extension,ktx-0.9.0-roadmap,ktx,Go,deepseek-v4-pro,single_shot_v3,deepseek_extension::deepseek-v4-pro::ktx-0.9.0-roadmap::single_shot_v3,0,0,0,0,0,0,edit_apply_failed,edit_apply_failed,edit_apply_failed,2026-07-10T07:02:13.554873Z,9d4eac1cf21d33a2dc26e4a4
deepseek_extension::deepseek-v4-pro::ktx-0.9.0-roadmap::single_shot_v3::rep1,deepseek_extension,ktx-0.9.0-roadmap,ktx,Go,deepseek-v4-pro,single_shot_v3,deepseek_extension::deepseek-v4-pro::ktx-0.9.0-roadmap::single_shot_v3,1,0,0,0,0,0,edit_apply_failed,edit_apply_failed,edit_apply_failed,2026-07-10T07:02:15.478154Z,05c119849c22cdc6731797a3
deepseek_extension::deepseek-v4-pro::ktx-0.9.0-roadmap::single_shot_v3::rep2,deepseek_extension,ktx-0.9.0-roadmap,ktx,Go,deepseek-v4-pro,single_shot_v3,deepseek_extension::deepseek-v4-pro::ktx-0.9.0-roadmap::single_shot_v3,2,0,0,0,0,0,finish_reason_length,edit_json_invalid,finish_reason_length,2026-07-10T07:05:15.740262Z,48e046647ef005e1282d0c57
deepseek_extension::deepseek-v4-pro::ktx-0.9.0-roadmap::single_shot_v3::rep3,deepseek_extension,ktx-0.9.0-roadmap,ktx,Go,deepseek-v4-pro,single_shot_v3,deepseek_extension::deepseek-v4-pro::ktx-0.9.0-roadmap::single_shot_v3,3,0,0,0,0,0,edit_apply_failed,edit_apply_failed,edit_apply_failed,2026-07-10T07:02:20.937803Z,01e89d4772c062d19dcfbe29
deepseek_extension::deepseek-v4-pro::ktx-0.9.0-roadmap::single_shot_v3::rep4,deepseek_extension,ktx-0.9.0-roadmap,ktx,Go,deepseek-v4-pro,single_shot_v3,deepseek_extension::deepseek-v4-pro::ktx-0.9.0-roadmap::single_shot_v3,4,0,0,0,0,0,edit_apply_failed,edit_apply_failed,edit_apply_failed,2026-07-10T07:02:21.706770Z,9f7294f3df8ae89c5fd6e42a
deepseek_extension::deepseek-v4-pro::ktx-0.9.0-roadmap::single_shot_v3::rep5,deepseek_extension,ktx-0.9.0-roadmap,ktx,Go,deepseek-v4-pro,single_shot_v3,deepseek_extension::deepseek-v4-pro::ktx-0.9.0-roadmap::single_shot_v3,5,0,0,0,0,0,edit_apply_failed,edit_apply_failed,edit_apply_failed,2026-07-10T07:09:26.471528Z,e51dbf2bff1835de8f47dedb
deepseek_extension::deepseek-v4-pro::ktx-0.9.0-roadmap::single_shot_v3::rep6,deepseek_extension,ktx-0.9.0-roadmap,ktx,Go,deepseek-v4-pro,single_shot_v3,deepseek_extension::deepseek-v4-pro::ktx-0.9.0-roadmap::single_shot_v3,6,0,0,0,0,0,edit_apply_failed,edit_apply_failed,edit_apply_failed,2026-07-10T07:02:54.744525Z,514f7234e8824ade07b95867
deepseek_extension::deepseek-v4-pro::ktx-0.9.0-roadmap::single_shot_v3::rep7,deepseek_extension,ktx-0.9.0-roadmap,ktx,Go,deepseek-v4-pro,single_shot_v3,deepseek_extension::deepseek-v4-pro::ktx-0.9.0-roadmap::single_shot_v3,7,0,0,0,0,0,edit_apply_failed,edit_apply_failed,edit_apply_failed,2026-07-10T07:02:54.775309Z,5d5a870ad66857b183bc9cef
deepseek_extension::deepseek-v4-pro::ktx-0.9.0-roadmap::staged_v4::rep0,deepseek_extension,ktx-0.9.0-roadmap,ktx,Go,deepseek-v4-pro,staged_v4,deepseek_extension::deepseek-v4-pro::ktx-0.9.0-roadmap::staged_v4,0,0,0,0,0,0,stage2_contract_failed,stage2_too_many_edit_ops,stage2_contract_failed,2026-07-10T07:06:23.623715Z,319dc1d5cbef727d511cfdf6
deepseek_extension::deepseek-v4-pro::ktx-0.9.0-roadmap::staged_v4::rep1,deepseek_extension,ktx-0.9.0-roadmap,ktx,Go,deepseek-v4-pro,staged_v4,deepseek_extension::deepseek-v4-pro::ktx-0.9.0-roadmap::staged_v4,1,0,0,0,0,0,stage2_contract_failed,stage2_too_many_edit_ops,stage2_contract_failed,2026-07-10T07:05:24.421695Z,72397b9d0b1dcc66b5e25af3
deepseek_extension::deepseek-v4-pro::ktx-0.9.0-roadmap::staged_v4::rep2,deepseek_extension,ktx-0.9.0-roadmap,ktx,Go,deepseek-v4-pro,staged_v4,deepseek_extension::deepseek-v4-pro::ktx-0.9.0-roadmap::staged_v4,2,0,0,0,0,0,stage2_contract_failed,stage2_too_many_edit_ops,stage2_contract_failed,2026-07-10T07:04:37.223823Z,841e0b340236bc502e55fa03
deepseek_extension::deepseek-v4-pro::ktx-0.9.0-roadmap::staged_v4::rep3,deepseek_extension,ktx-0.9.0-roadmap,ktx,Go,deepseek-v4-pro,staged_v4,deepseek_extension::deepseek-v4-pro::ktx-0.9.0-roadmap::staged_v4,3,0,0,0,0,0,stage2_contract_failed,candidate_edit_ops_invalid,stage2_contract_failed,2026-07-10T07:10:31.958672Z,b7c57abdeb5b2cce158b9c35
deepseek_extension::deepseek-v4-pro::ktx-0.9.0-roadmap::staged_v4::rep4,deepseek_extension,ktx-0.9.0-roadmap,ktx,Go,deepseek-v4-pro,staged_v4,deepseek_extension::deepseek-v4-pro::ktx-0.9.0-roadmap::staged_v4,4,0,0,0,0,0,stage2_contract_failed,stage2_too_many_edit_ops,stage2_contract_failed,2026-07-10T07:07:09.223557Z,0426b707e093abcb97fbbf81
deepseek_extension::deepseek-v4-pro::ktx-0.9.0-roadmap::staged_v4::rep5,deepseek_extension,ktx-0.9.0-roadmap,ktx,Go,deepseek-v4-pro,staged_v4,deepseek_extension::deepseek-v4-pro::ktx-0.9.0-roadmap::staged_v4,5,0,0,0,0,0,stage2_contract_failed,stage2_too_many_edit_ops,stage2_contract_failed,2026-07-10T07:07:00.618708Z,664c063d961ff9f64650659b
deepseek_extension::deepseek-v4-pro::ktx-0.9.0-roadmap::staged_v4::rep6,deepseek_extension,ktx-0.9.0-roadmap,ktx,Go,deepseek-v4-pro,staged_v4,deepseek_extension::deepseek-v4-pro::ktx-0.9.0-roadmap::staged_v4,6,0,0,0,0,0,stage2_contract_failed,stage2_too_many_edit_ops,stage2_contract_failed,2026-07-10T07:05:16.317795Z,e31a36f9e34c1aa9dbaf57f6
deepseek_extension::deepseek-v4-pro::ktx-0.9.0-roadmap::staged_v4::rep7,deepseek_extension,ktx-0.9.0-roadmap,ktx,Go,deepseek-v4-pro,staged_v4,deepseek_extension::deepseek-v4-pro::ktx-0.9.0-roadmap::staged_v4,7,0,0,0,0,0,stage2_contract_failed,stage2_too_many_edit_ops,stage2_contract_failed,2026-07-10T07:05:16.029598Z,9ba09aa9d526796042775605
deepseek_extension::deepseek-v4-pro::mko-5.0.0-roadmap::single_shot_v3::rep0,deepseek_extension,mko-5.0.0-roadmap,mko,TypeScript,deepseek-v4-pro,single_shot_v3,deepseek_extension::deepseek-v4-pro::mko-5.0.0-roadmap::single_shot_v3,0,1,1,1,1,0,test_failed,,,2026-07-10T07:55:33.890182Z,a7094f42b45f8cba103c0512
deepseek_extension::deepseek-v4-pro::mko-5.0.0-roadmap::single_shot_v3::rep1,deepseek_extension,mko-5.0.0-roadmap,mko,TypeScript,deepseek-v4-pro,single_shot_v3,deepseek_extension::deepseek-v4-pro::mko-5.0.0-roadmap::single_shot_v3,1,1,1,1,1,0,test_failed,,,2026-07-10T07:56:41.273664Z,5f77387ecf699b22a8d53557
deepseek_extension::deepseek-v4-pro::mko-5.0.0-roadmap::single_shot_v3::rep2,deepseek_extension,mko-5.0.0-roadmap,mko,TypeScript,deepseek-v4-pro,single_shot_v3,deepseek_extension::deepseek-v4-pro::mko-5.0.0-roadmap::single_shot_v3,2,1,1,1,1,0,test_failed,,,2026-07-10T07:57:48.390328Z,310555f13cff0c49f6ddec6b
deepseek_extension::deepseek-v4-pro::mko-5.0.0-roadmap::single_shot_v3::rep3,deepseek_extension,mko-5.0.0-roadmap,mko,TypeScript,deepseek-v4-pro,single_shot_v3,deepseek_extension::deepseek-v4-pro::mko-5.0.0-roadmap::single_shot_v3,3,1,1,1,1,0,test_failed,,,2026-07-10T07:58:58.316603Z,d1f8cefa0f45162bf65590fa
deepseek_extension::deepseek-v4-pro::mko-5.0.0-roadmap::single_shot_v3::rep4,deepseek_extension,mko-5.0.0-roadmap,mko,TypeScript,deepseek-v4-pro,single_shot_v3,deepseek_extension::deepseek-v4-pro::mko-5.0.0-roadmap::single_shot_v3,4,1,1,1,1,0,test_failed,,,2026-07-10T08:00:07.771452Z,d4bffc34e63a2c8b8f6c6f53
deepseek_extension::deepseek-v4-pro::mko-5.0.0-roadmap::single_shot_v3::rep5,deepseek_extension,mko-5.0.0-roadmap,mko,TypeScript,deepseek-v4-pro,single_shot_v3,deepseek_extension::deepseek-v4-pro::mko-5.0.0-roadmap::single_shot_v3,5,1,1,1,1,0,test_failed,,,2026-07-10T08:01:19.585348Z,a473dccdb873a8d020a54571
deepseek_extension::deepseek-v4-pro::mko-5.0.0-roadmap::single_shot_v3::rep6,deepseek_extension,mko-5.0.0-roadmap,mko,TypeScript,deepseek-v4-pro,single_shot_v3,deepseek_extension::deepseek-v4-pro::mko-5.0.0-roadmap::single_shot_v3,6,0,0,0,0,0,edit_apply_failed,edit_apply_failed,edit_apply_failed,2026-07-10T07:09:02.944552Z,b54e967b3d61299448573dbb
deepseek_extension::deepseek-v4-pro::mko-5.0.0-roadmap::single_shot_v3::rep7,deepseek_extension,mko-5.0.0-roadmap,mko,TypeScript,deepseek-v4-pro,single_shot_v3,deepseek_extension::deepseek-v4-pro::mko-5.0.0-roadmap::single_shot_v3,7,1,1,1,1,0,test_failed,,,2026-07-10T08:02:31.596472Z,4fa44860a35656d22b7db5c7
deepseek_extension::deepseek-v4-pro::mko-5.0.0-roadmap::staged_v4::rep0,deepseek_extension,mko-5.0.0-roadmap,mko,TypeScript,deepseek-v4-pro,staged_v4,deepseek_extension::deepseek-v4-pro::mko-5.0.0-roadmap::staged_v4,0,0,0,0,0,0,stage2_contract_failed,stage2_too_many_edit_ops,stage2_contract_failed,2026-07-10T07:09:26.268589Z,1d5244b62f400b9d2716a98e
deepseek_extension::deepseek-v4-pro::mko-5.0.0-roadmap::staged_v4::rep1,deepseek_extension,mko-5.0.0-roadmap,mko,TypeScript,deepseek-v4-pro,staged_v4,deepseek_extension::deepseek-v4-pro::mko-5.0.0-roadmap::staged_v4,1,0,0,0,0,0,stage2_contract_failed,stage2_too_many_edit_ops,stage2_contract_failed,2026-07-10T07:12:44.068373Z,9f8b03b6d0aef2beea575165
deepseek_extension::deepseek-v4-pro::mko-5.0.0-roadmap::staged_v4::rep2,deepseek_extension,mko-5.0.0-roadmap,mko,TypeScript,deepseek-v4-pro,staged_v4,deepseek_extension::deepseek-v4-pro::mko-5.0.0-roadmap::staged_v4,2,0,0,0,0,0,stage2_contract_failed,stage2_too_many_edit_ops,stage2_contract_failed,2026-07-10T07:08:28.378439Z,30fc916050442cea5093d063
deepseek_extension::deepseek-v4-pro::mko-5.0.0-roadmap::staged_v4::rep3,deepseek_extension,mko-5.0.0-roadmap,mko,TypeScript,deepseek-v4-pro,staged_v4,deepseek_extension::deepseek-v4-pro::mko-5.0.0-roadmap::staged_v4,3,0,0,0,0,0,stage2_contract_failed,stage2_too_many_edit_ops,stage2_contract_failed,2026-07-10T07:08:32.425891Z,289f69f7de673c01004441b3
deepseek_extension::deepseek-v4-pro::mko-5.0.0-roadmap::staged_v4::rep4,deepseek_extension,mko-5.0.0-roadmap,mko,TypeScript,deepseek-v4-pro,staged_v4,deepseek_extension::deepseek-v4-pro::mko-5.0.0-roadmap::staged_v4,4,1,1,1,1,0,test_failed,,,2026-07-10T08:03:38.845557Z,fa94e07ab3a91417a83501dc
deepseek_extension::deepseek-v4-pro::mko-5.0.0-roadmap::staged_v4::rep5,deepseek_extension,mko-5.0.0-roadmap,mko,TypeScript,deepseek-v4-pro,staged_v4,deepseek_extension::deepseek-v4-pro::mko-5.0.0-roadmap::staged_v4,5,0,0,0,0,0,stage2_contract_failed,stage2_too_many_edit_ops,stage2_contract_failed,2026-07-10T07:09:30.559763Z,fa10ee885431c0dc6e9bf9b8
deepseek_extension::deepseek-v4-pro::mko-5.0.0-roadmap::staged_v4::rep6,deepseek_extension,mko-5.0.0-roadmap,mko,TypeScript,deepseek-v4-pro,staged_v4,deepseek_extension::deepseek-v4-pro::mko-5.0.0-roadmap::staged_v4,6,0,0,0,0,0,stage2_contract_failed,stage2_too_many_edit_ops,stage2_contract_failed,2026-07-10T07:09:42.348355Z,ca917a2d9d07c019a408ac1a
deepseek_extension::deepseek-v4-pro::mko-5.0.0-roadmap::staged_v4::rep7,deepseek_extension,mko-5.0.0-roadmap,mko,TypeScript,deepseek-v4-pro,staged_v4,deepseek_extension::deepseek-v4-pro::mko-5.0.0-roadmap::staged_v4,7,0,0,0,0,0,stage2_contract_failed,stage2_too_many_edit_ops,stage2_contract_failed,2026-07-10T07:09:33.677876Z,139b621b4d454cf59410efe5
deepseek_extension::deepseek-v4-pro::mko-6.5.0-roadmap::single_shot_v3::rep0,deepseek_extension,mko-6.5.0-roadmap,mko,TypeScript,deepseek-v4-pro,single_shot_v3,deepseek_extension::deepseek-v4-pro::mko-6.5.0-roadmap::single_shot_v3,0,0,0,0,0,0,edit_apply_failed,edit_apply_failed,edit_apply_failed,2026-07-10T07:09:35.519271Z,96022a90484976b12ff0a6b5
deepseek_extension::deepseek-v4-pro::mko-6.5.0-roadmap::single_shot_v3::rep1,deepseek_extension,mko-6.5.0-roadmap,mko,TypeScript,deepseek-v4-pro,single_shot_v3,deepseek_extension::deepseek-v4-pro::mko-6.5.0-roadmap::single_shot_v3,1,0,0,0,0,0,edit_apply_failed,edit_apply_failed,edit_apply_failed,2026-07-10T07:10:06.280991Z,558109a2c859728dfc3ba13b
deepseek_extension::deepseek-v4-pro::mko-6.5.0-roadmap::single_shot_v3::rep2,deepseek_extension,mko-6.5.0-roadmap,mko,TypeScript,deepseek-v4-pro,single_shot_v3,deepseek_extension::deepseek-v4-pro::mko-6.5.0-roadmap::single_shot_v3,2,0,0,0,0,0,edit_apply_failed,edit_apply_failed,edit_apply_failed,2026-07-10T07:10:23.756881Z,d0249cd44b4ce4f831a0ec41
deepseek_extension::deepseek-v4-pro::mko-6.5.0-roadmap::single_shot_v3::rep3,deepseek_extension,mko-6.5.0-roadmap,mko,TypeScript,deepseek-v4-pro,single_shot_v3,deepseek_extension::deepseek-v4-pro::mko-6.5.0-roadmap::single_shot_v3,3,0,0,0,0,0,edit_apply_failed,edit_apply_failed,edit_apply_failed,2026-07-10T07:10:22.349152Z,5c5ef745c8d1e529bda327a5
deepseek_extension::deepseek-v4-pro::mko-6.5.0-roadmap::single_shot_v3::rep4,deepseek_extension,mko-6.5.0-roadmap,mko,TypeScript,deepseek-v4-pro,single_shot_v3,deepseek_extension::deepseek-v4-pro::mko-6.5.0-roadmap::single_shot_v3,4,0,0,0,0,0,edit_apply_failed,edit_apply_failed,edit_apply_failed,2026-07-10T07:10:01.078177Z,5bffbcb69138c20be1dc01a3
deepseek_extension::deepseek-v4-pro::mko-6.5.0-roadmap::single_shot_v3::rep5,deepseek_extension,mko-6.5.0-roadmap,mko,TypeScript,deepseek-v4-pro,single_shot_v3,deepseek_extension::deepseek-v4-pro::mko-6.5.0-roadmap::single_shot_v3,5,0,0,0,0,0,edit_apply_failed,edit_apply_failed,edit_apply_failed,2026-07-10T07:10:29.932374Z,1e7a0859f5aafd610646ca65
deepseek_extension::deepseek-v4-pro::mko-6.5.0-roadmap::single_shot_v3::rep6,deepseek_extension,mko-6.5.0-roadmap,mko,TypeScript,deepseek-v4-pro,single_shot_v3,deepseek_extension::deepseek-v4-pro::mko-6.5.0-roadmap::single_shot_v3,6,0,0,0,0,0,edit_apply_failed,edit_apply_failed,edit_apply_failed,2026-07-10T07:11:20.617286Z,4f93d3b9d10a2289832f9e10
deepseek_extension::deepseek-v4-pro::mko-6.5.0-roadmap::single_shot_v3::rep7,deepseek_extension,mko-6.5.0-roadmap,mko,TypeScript,deepseek-v4-pro,single_shot_v3,deepseek_extension::deepseek-v4-pro::mko-6.5.0-roadmap::single_shot_v3,7,0,0,0,0,0,edit_apply_failed,edit_apply_failed,edit_apply_failed,2026-07-10T07:11:15.682664Z,3e2c06e5deb1f22315d00b8e
deepseek_extension::deepseek-v4-pro::mko-6.5.0-roadmap::staged_v4::rep0,deepseek_extension,mko-6.5.0-roadmap,mko,TypeScript,deepseek-v4-pro,staged_v4,deepseek_extension::deepseek-v4-pro::mko-6.5.0-roadmap::staged_v4,0,0,0,0,0,0,stage2_contract_failed,stage2_edit_outside_stage_state,stage2_contract_failed,2026-07-10T07:11:58.184697Z,820019e4d98f169b17d179b4
deepseek_extension::deepseek-v4-pro::mko-6.5.0-roadmap::staged_v4::rep1,deepseek_extension,mko-6.5.0-roadmap,mko,TypeScript,deepseek-v4-pro,staged_v4,deepseek_extension::deepseek-v4-pro::mko-6.5.0-roadmap::staged_v4,1,0,0,0,0,0,edit_apply_failed,edit_apply_failed,edit_apply_failed,2026-07-10T07:12:08.716359Z,e2444f05a6a30c4955402e07
deepseek_extension::deepseek-v4-pro::mko-6.5.0-roadmap::staged_v4::rep2,deepseek_extension,mko-6.5.0-roadmap,mko,TypeScript,deepseek-v4-pro,staged_v4,deepseek_extension::deepseek-v4-pro::mko-6.5.0-roadmap::staged_v4,2,0,0,0,0,0,edit_apply_failed,edit_apply_failed,edit_apply_failed,2026-07-10T07:12:26.183887Z,3f1396c324078b624d46061c
deepseek_extension::deepseek-v4-pro::mko-6.5.0-roadmap::staged_v4::rep3,deepseek_extension,mko-6.5.0-roadmap,mko,TypeScript,deepseek-v4-pro,staged_v4,deepseek_extension::deepseek-v4-pro::mko-6.5.0-roadmap::staged_v4,3,0,0,0,0,0,edit_apply_failed,edit_apply_failed,edit_apply_failed,2026-07-10T07:12:33.159099Z,1d3566bc5cf97edf2d44a655
deepseek_extension::deepseek-v4-pro::mko-6.5.0-roadmap::staged_v4::rep4,deepseek_extension,mko-6.5.0-roadmap,mko,TypeScript,deepseek-v4-pro,staged_v4,deepseek_extension::deepseek-v4-pro::mko-6.5.0-roadmap::staged_v4,4,0,0,0,0,0,edit_apply_failed,edit_apply_failed,edit_apply_failed,2026-07-10T07:12:29.874162Z,d4c1333d675ed0bcd9bc1a09
deepseek_extension::deepseek-v4-pro::mko-6.5.0-roadmap::staged_v4::rep5,deepseek_extension,mko-6.5.0-roadmap,mko,TypeScript,deepseek-v4-pro,staged_v4,deepseek_extension::deepseek-v4-pro::mko-6.5.0-roadmap::staged_v4,5,0,0,0,0,0,edit_apply_failed,edit_apply_failed,edit_apply_failed,2026-07-10T07:12:51.305880Z,d9193fcc9b6ba49b25446f97
deepseek_extension::deepseek-v4-pro::mko-6.5.0-roadmap::staged_v4::rep6,deepseek_extension,mko-6.5.0-roadmap,mko,TypeScript,deepseek-v4-pro,staged_v4,deepseek_extension::deepseek-v4-pro::mko-6.5.0-roadmap::staged_v4,6,0,0,0,0,0,edit_apply_failed,edit_apply_failed,edit_apply_failed,2026-07-10T07:12:34.925654Z,e735217e30301017cdd93980
deepseek_extension::deepseek-v4-pro::mko-6.5.0-roadmap::staged_v4::rep7,deepseek_extension,mko-6.5.0-roadmap,mko,TypeScript,deepseek-v4-pro,staged_v4,deepseek_extension::deepseek-v4-pro::mko-6.5.0-roadmap::staged_v4,7,0,0,0,0,0,edit_apply_failed,edit_apply_failed,edit_apply_failed,2026-07-10T07:13:24.357384Z,68a8c4115b97be0db37d887d
deepseek_extension::deepseek-v4-pro::mko-7.0.0-roadmap::single_shot_v3::rep0,deepseek_extension,mko-7.0.0-roadmap,mko,TypeScript,deepseek-v4-pro,single_shot_v3,deepseek_extension::deepseek-v4-pro::mko-7.0.0-roadmap::single_shot_v3,0,0,0,0,0,0,edit_apply_failed,edit_apply_failed,edit_apply_failed,2026-07-10T07:11:51.727584Z,2f636735aba2b72eb9890e18
deepseek_extension::deepseek-v4-pro::mko-7.0.0-roadmap::single_shot_v3::rep1,deepseek_extension,mko-7.0.0-roadmap,mko,TypeScript,deepseek-v4-pro,single_shot_v3,deepseek_extension::deepseek-v4-pro::mko-7.0.0-roadmap::single_shot_v3,1,0,0,0,0,0,edit_ops_empty,edit_ops_empty,edit_ops_empty,2026-07-10T07:12:30.099370Z,ebc09b1c701dabaf1d117a01
deepseek_extension::deepseek-v4-pro::mko-7.0.0-roadmap::single_shot_v3::rep2,deepseek_extension,mko-7.0.0-roadmap,mko,TypeScript,deepseek-v4-pro,single_shot_v3,deepseek_extension::deepseek-v4-pro::mko-7.0.0-roadmap::single_shot_v3,2,1,1,1,1,0,test_failed,,,2026-07-10T08:04:33.654267Z,ef0c6ed5fd9cb22d4a8ebcbc
deepseek_extension::deepseek-v4-pro::mko-7.0.0-roadmap::single_shot_v3::rep3,deepseek_extension,mko-7.0.0-roadmap,mko,TypeScript,deepseek-v4-pro,single_shot_v3,deepseek_extension::deepseek-v4-pro::mko-7.0.0-roadmap::single_shot_v3,3,0,0,0,0,0,edit_apply_failed,edit_apply_failed,edit_apply_failed,2026-07-10T07:12:51.623079Z,e3bed863192f3fdf6a2ddaee
deepseek_extension::deepseek-v4-pro::mko-7.0.0-roadmap::single_shot_v3::rep4,deepseek_extension,mko-7.0.0-roadmap,mko,TypeScript,deepseek-v4-pro,single_shot_v3,deepseek_extension::deepseek-v4-pro::mko-7.0.0-roadmap::single_shot_v3,4,0,0,0,0,0,edit_apply_failed,edit_apply_failed,edit_apply_failed,2026-07-10T07:12:46.981926Z,b4ae760d55680158aa469d3e
deepseek_extension::deepseek-v4-pro::mko-7.0.0-roadmap::single_shot_v3::rep5,deepseek_extension,mko-7.0.0-roadmap,mko,TypeScript,deepseek-v4-pro,single_shot_v3,deepseek_extension::deepseek-v4-pro::mko-7.0.0-roadmap::single_shot_v3,5,0,0,0,0,0,edit_ops_empty,edit_ops_empty,edit_ops_empty,2026-07-10T07:12:44.534590Z,025050c0afc9df014233550a
deepseek_extension::deepseek-v4-pro::mko-7.0.0-roadmap::single_shot_v3::rep6,deepseek_extension,mko-7.0.0-roadmap,mko,TypeScript,deepseek-v4-pro,single_shot_v3,deepseek_extension::deepseek-v4-pro::mko-7.0.0-roadmap::single_shot_v3,6,0,0,0,0,0,edit_ops_empty,edit_ops_empty,edit_ops_empty,2026-07-10T07:13:03.974285Z,22da458f0b6510fc93a6d61f
deepseek_extension::deepseek-v4-pro::mko-7.0.0-roadmap::single_shot_v3::rep7,deepseek_extension,mko-7.0.0-roadmap,mko,TypeScript,deepseek-v4-pro,single_shot_v3,deepseek_extension::deepseek-v4-pro::mko-7.0.0-roadmap::single_shot_v3,7,0,0,0,0,0,edit_apply_failed,edit_apply_failed,edit_apply_failed,2026-07-10T07:13:55.135122Z,84e808168b76a8fd6ee098c3
deepseek_extension::deepseek-v4-pro::mko-7.0.0-roadmap::staged_v4::rep0,deepseek_extension,mko-7.0.0-roadmap,mko,TypeScript,deepseek-v4-pro,staged_v4,deepseek_extension::deepseek-v4-pro::mko-7.0.0-roadmap::staged_v4,0,0,0,0,0,0,edit_apply_failed,edit_apply_failed,edit_apply_failed,2026-07-10T07:14:48.546668Z,d06cdcceb495aa85167d1181
deepseek_extension::deepseek-v4-pro::mko-7.0.0-roadmap::staged_v4::rep1,deepseek_extension,mko-7.0.0-roadmap,mko,TypeScript,deepseek-v4-pro,staged_v4,deepseek_extension::deepseek-v4-pro::mko-7.0.0-roadmap::staged_v4,1,0,0,0,0,0,stage1_plan_failed,stage_state_forbidden_terms,stage1_plan_failed,2026-07-10T07:12:51.532419Z,b9672f4ab9bd9802ec88e285
deepseek_extension::deepseek-v4-pro::mko-7.0.0-roadmap::staged_v4::rep2,deepseek_extension,mko-7.0.0-roadmap,mko,TypeScript,deepseek-v4-pro,staged_v4,deepseek_extension::deepseek-v4-pro::mko-7.0.0-roadmap::staged_v4,2,0,0,0,0,0,stage1_plan_failed,stage_state_forbidden_terms,stage1_plan_failed,2026-07-10T07:12:51.477736Z,f4aee4530e63db5249bd2be7
deepseek_extension::deepseek-v4-pro::mko-7.0.0-roadmap::staged_v4::rep3,deepseek_extension,mko-7.0.0-roadmap,mko,TypeScript,deepseek-v4-pro,staged_v4,deepseek_extension::deepseek-v4-pro::mko-7.0.0-roadmap::staged_v4,3,0,0,0,0,0,edit_apply_failed,edit_apply_failed,edit_apply_failed,2026-07-10T07:14:18.189384Z,edfa580fdc87dbb1c1d8ddaf
deepseek_extension::deepseek-v4-pro::mko-7.0.0-roadmap::staged_v4::rep4,deepseek_extension,mko-7.0.0-roadmap,mko,TypeScript,deepseek-v4-pro,staged_v4,deepseek_extension::deepseek-v4-pro::mko-7.0.0-roadmap::staged_v4,4,0,0,0,0,0,edit_apply_failed,edit_apply_failed,edit_apply_failed,2026-07-10T07:15:11.025486Z,7c2369132fedc57bf96dc65c
deepseek_extension::deepseek-v4-pro::mko-7.0.0-roadmap::staged_v4::rep5,deepseek_extension,mko-7.0.0-roadmap,mko,TypeScript,deepseek-v4-pro,staged_v4,deepseek_extension::deepseek-v4-pro::mko-7.0.0-roadmap::staged_v4,5,0,0,0,0,0,edit_apply_failed,edit_apply_failed,edit_apply_failed,2026-07-10T07:15:14.691650Z,10fcadaa8634e48e5eb74398
deepseek_extension::deepseek-v4-pro::mko-7.0.0-roadmap::staged_v4::rep6,deepseek_extension,mko-7.0.0-roadmap,mko,TypeScript,deepseek-v4-pro,staged_v4,deepseek_extension::deepseek-v4-pro::mko-7.0.0-roadmap::staged_v4,6,0,1,1,0,0,test_failed,,,2026-07-10T08:05:28.017971Z,73558d253b0f7f9ae590cd4b
deepseek_extension::deepseek-v4-pro::mko-7.0.0-roadmap::staged_v4::rep7,deepseek_extension,mko-7.0.0-roadmap,mko,TypeScript,deepseek-v4-pro,staged_v4,deepseek_extension::deepseek-v4-pro::mko-7.0.0-roadmap::staged_v4,7,0,0,0,0,0,edit_apply_failed,edit_apply_failed,edit_apply_failed,2026-07-10T07:14:46.798126Z,fabcbc6319727154451fbb81
deepseek_extension::deepseek-v4-pro::opt-4.0.0-roadmap::single_shot_v3::rep0,deepseek_extension,opt-4.0.0-roadmap,opt,Python,deepseek-v4-pro,single_shot_v3,deepseek_extension::deepseek-v4-pro::opt-4.0.0-roadmap::single_shot_v3,0,0,0,0,0,0,edit_path_disallowed,edit_path_disallowed,edit_path_disallowed,2026-07-10T07:16:03.934576Z,f6991c5e558efe5cecb71b05
deepseek_extension::deepseek-v4-pro::opt-4.0.0-roadmap::single_shot_v3::rep1,deepseek_extension,opt-4.0.0-roadmap,opt,Python,deepseek-v4-pro,single_shot_v3,deepseek_extension::deepseek-v4-pro::opt-4.0.0-roadmap::single_shot_v3,1,0,0,0,0,0,edit_apply_failed,edit_apply_failed,edit_apply_failed,2026-07-10T07:15:59.259262Z,92a71dbb1d865a18f260438e
deepseek_extension::deepseek-v4-pro::opt-4.0.0-roadmap::single_shot_v3::rep2,deepseek_extension,opt-4.0.0-roadmap,opt,Python,deepseek-v4-pro,single_shot_v3,deepseek_extension::deepseek-v4-pro::opt-4.0.0-roadmap::single_shot_v3,2,0,0,0,0,0,edit_apply_failed,edit_apply_failed,edit_apply_failed,2026-07-10T07:15:46.618417Z,f471ac5d20cb437a5dd5c4a8
deepseek_extension::deepseek-v4-pro::opt-4.0.0-roadmap::single_shot_v3::rep3,deepseek_extension,opt-4.0.0-roadmap,opt,Python,deepseek-v4-pro,single_shot_v3,deepseek_extension::deepseek-v4-pro::opt-4.0.0-roadmap::single_shot_v3,3,0,0,0,0,0,edit_apply_failed,edit_apply_failed,edit_apply_failed,2026-07-10T07:16:32.526116Z,e51544944494b54da36412c2
deepseek_extension::deepseek-v4-pro::opt-4.0.0-roadmap::single_shot_v3::rep4,deepseek_extension,opt-4.0.0-roadmap,opt,Python,deepseek-v4-pro,single_shot_v3,deepseek_extension::deepseek-v4-pro::opt-4.0.0-roadmap::single_shot_v3,4,0,0,0,0,0,edit_apply_failed,edit_apply_failed,edit_apply_failed,2026-07-10T07:16:45.534400Z,28ae7263e0a491dbfc941934
deepseek_extension::deepseek-v4-pro::opt-4.0.0-roadmap::single_shot_v3::rep5,deepseek_extension,opt-4.0.0-roadmap,opt,Python,deepseek-v4-pro,single_shot_v3,deepseek_extension::deepseek-v4-pro::opt-4.0.0-roadmap::single_shot_v3,5,0,0,0,0,0,edit_apply_failed,edit_apply_failed,edit_apply_failed,2026-07-10T07:16:55.522458Z,fa12c1b8b5f456043e34afd8
deepseek_extension::deepseek-v4-pro::opt-4.0.0-roadmap::single_shot_v3::rep6,deepseek_extension,opt-4.0.0-roadmap,opt,Python,deepseek-v4-pro,single_shot_v3,deepseek_extension::deepseek-v4-pro::opt-4.0.0-roadmap::single_shot_v3,6,0,0,0,0,0,edit_apply_failed,edit_apply_failed,edit_apply_failed,2026-07-10T07:17:10.514975Z,3f0eb332a2ea119fa42e5bea
deepseek_extension::deepseek-v4-pro::opt-4.0.0-roadmap::single_shot_v3::rep7,deepseek_extension,opt-4.0.0-roadmap,opt,Python,deepseek-v4-pro,single_shot_v3,deepseek_extension::deepseek-v4-pro::opt-4.0.0-roadmap::single_shot_v3,7,0,0,0,0,0,edit_apply_failed,edit_apply_failed,edit_apply_failed,2026-07-10T07:17:46.334439Z,0b6e6ac06a72256ad12d7f06
deepseek_extension::deepseek-v4-pro::opt-4.0.0-roadmap::staged_v4::rep0,deepseek_extension,opt-4.0.0-roadmap,opt,Python,deepseek-v4-pro,staged_v4,deepseek_extension::deepseek-v4-pro::opt-4.0.0-roadmap::staged_v4,0,0,0,0,0,0,stage2_contract_failed,stage2_edit_outside_stage_state,stage2_contract_failed,2026-07-10T07:16:46.048915Z,87c9818319e41cec7069553e
deepseek_extension::deepseek-v4-pro::opt-4.0.0-roadmap::staged_v4::rep1,deepseek_extension,opt-4.0.0-roadmap,opt,Python,deepseek-v4-pro,staged_v4,deepseek_extension::deepseek-v4-pro::opt-4.0.0-roadmap::staged_v4,1,0,0,0,0,0,stage2_contract_failed,stage2_edit_outside_stage_state,stage2_contract_failed,2026-07-10T07:16:58.885182Z,fe64ddd8ee55bf7c58d1759a
deepseek_extension::deepseek-v4-pro::opt-4.0.0-roadmap::staged_v4::rep2,deepseek_extension,opt-4.0.0-roadmap,opt,Python,deepseek-v4-pro,staged_v4,deepseek_extension::deepseek-v4-pro::opt-4.0.0-roadmap::staged_v4,2,0,0,0,0,0,stage2_contract_failed,stage2_edit_outside_stage_state,stage2_contract_failed,2026-07-10T07:17:05.453456Z,f9793e34ddbfba2afd935b46
deepseek_extension::deepseek-v4-pro::opt-4.0.0-roadmap::staged_v4::rep3,deepseek_extension,opt-4.0.0-roadmap,opt,Python,deepseek-v4-pro,staged_v4,deepseek_extension::deepseek-v4-pro::opt-4.0.0-roadmap::staged_v4,3,0,0,0,0,0,stage2_contract_failed,stage2_edit_outside_stage_state,stage2_contract_failed,2026-07-10T07:17:25.760986Z,aa7a46641ac38a376c518409
deepseek_extension::deepseek-v4-pro::opt-4.0.0-roadmap::staged_v4::rep4,deepseek_extension,opt-4.0.0-roadmap,opt,Python,deepseek-v4-pro,staged_v4,deepseek_extension::deepseek-v4-pro::opt-4.0.0-roadmap::staged_v4,4,0,0,0,0,0,stage2_contract_failed,stage2_edit_outside_stage_state,stage2_contract_failed,2026-07-10T07:17:25.425712Z,d7b58193b93146787e19d4ab
deepseek_extension::deepseek-v4-pro::opt-4.0.0-roadmap::staged_v4::rep5,deepseek_extension,opt-4.0.0-roadmap,opt,Python,deepseek-v4-pro,staged_v4,deepseek_extension::deepseek-v4-pro::opt-4.0.0-roadmap::staged_v4,5,0,0,0,0,0,stage2_contract_failed,stage2_too_many_edit_ops,stage2_contract_failed,2026-07-10T07:18:01.655333Z,09ca0cbcb47a2a908edb7538
deepseek_extension::deepseek-v4-pro::opt-4.0.0-roadmap::staged_v4::rep6,deepseek_extension,opt-4.0.0-roadmap,opt,Python,deepseek-v4-pro,staged_v4,deepseek_extension::deepseek-v4-pro::opt-4.0.0-roadmap::staged_v4,6,0,0,0,0,0,stage2_contract_failed,stage2_too_many_edit_ops,stage2_contract_failed,2026-07-10T07:18:22.919204Z,8501c597abf2edabb96d12be
deepseek_extension::deepseek-v4-pro::opt-4.0.0-roadmap::staged_v4::rep7,deepseek_extension,opt-4.0.0-roadmap,opt,Python,deepseek-v4-pro,staged_v4,deepseek_extension::deepseek-v4-pro::opt-4.0.0-roadmap::staged_v4,7,0,0,0,0,0,stage2_contract_failed,stage2_edit_outside_stage_state,stage2_contract_failed,2026-07-10T07:18:04.092574Z,ce01c31f077409ff5ff9e378
deepseek_extension::deepseek-v4-pro::opt-4.4.0-roadmap::single_shot_v3::rep0,deepseek_extension,opt-4.4.0-roadmap,opt,Python,deepseek-v4-pro,single_shot_v3,deepseek_extension::deepseek-v4-pro::opt-4.4.0-roadmap::single_shot_v3,0,0,0,0,0,0,edit_apply_failed,edit_apply_failed,edit_apply_failed,2026-07-10T07:18:05.824758Z,760050c05d2ae81be0c92b34
deepseek_extension::deepseek-v4-pro::opt-4.4.0-roadmap::single_shot_v3::rep1,deepseek_extension,opt-4.4.0-roadmap,opt,Python,deepseek-v4-pro,single_shot_v3,deepseek_extension::deepseek-v4-pro::opt-4.4.0-roadmap::single_shot_v3,1,0,0,0,0,0,edit_apply_failed,edit_apply_failed,edit_apply_failed,2026-07-10T07:18:29.760869Z,4ecdebb340d643c9938a2815
deepseek_extension::deepseek-v4-pro::opt-4.4.0-roadmap::single_shot_v3::rep2,deepseek_extension,opt-4.4.0-roadmap,opt,Python,deepseek-v4-pro,single_shot_v3,deepseek_extension::deepseek-v4-pro::opt-4.4.0-roadmap::single_shot_v3,2,0,0,0,0,0,edit_apply_failed,edit_apply_failed,edit_apply_failed,2026-07-10T07:18:02.643918Z,258dbc05e15f132bf7fb657e
deepseek_extension::deepseek-v4-pro::opt-4.4.0-roadmap::single_shot_v3::rep3,deepseek_extension,opt-4.4.0-roadmap,opt,Python,deepseek-v4-pro,single_shot_v3,deepseek_extension::deepseek-v4-pro::opt-4.4.0-roadmap::single_shot_v3,3,0,0,0,0,0,edit_apply_failed,edit_apply_failed,edit_apply_failed,2026-07-10T07:18:58.673785Z,cf9f5c3f3c277e666e8b08e5
deepseek_extension::deepseek-v4-pro::opt-4.4.0-roadmap::single_shot_v3::rep4,deepseek_extension,opt-4.4.0-roadmap,opt,Python,deepseek-v4-pro,single_shot_v3,deepseek_extension::deepseek-v4-pro::opt-4.4.0-roadmap::single_shot_v3,4,0,0,0,0,0,edit_apply_failed,edit_apply_failed,edit_apply_failed,2026-07-10T07:18:18.306220Z,6b77d636cf516b9e706108fb
deepseek_extension::deepseek-v4-pro::opt-4.4.0-roadmap::single_shot_v3::rep5,deepseek_extension,opt-4.4.0-roadmap,opt,Python,deepseek-v4-pro,single_shot_v3,deepseek_extension::deepseek-v4-pro::opt-4.4.0-roadmap::single_shot_v3,5,0,0,0,0,0,edit_apply_failed,edit_apply_failed,edit_apply_failed,2026-07-10T07:18:34.594566Z,3c92605f763940100fb6693d
deepseek_extension::deepseek-v4-pro::opt-4.4.0-roadmap::single_shot_v3::rep6,deepseek_extension,opt-4.4.0-roadmap,opt,Python,deepseek-v4-pro,single_shot_v3,deepseek_extension::deepseek-v4-pro::opt-4.4.0-roadmap::single_shot_v3,6,0,0,0,0,0,edit_apply_failed,edit_apply_failed,edit_apply_failed,2026-07-10T07:19:25.212954Z,33fc2d32078fff13b5de533e
deepseek_extension::deepseek-v4-pro::opt-4.4.0-roadmap::single_shot_v3::rep7,deepseek_extension,opt-4.4.0-roadmap,opt,Python,deepseek-v4-pro,single_shot_v3,deepseek_extension::deepseek-v4-pro::opt-4.4.0-roadmap::single_shot_v3,7,0,0,0,0,0,edit_apply_failed,edit_apply_failed,edit_apply_failed,2026-07-10T07:19:36.938098Z,ff306c5d10792b4c4c885ef6
deepseek_extension::deepseek-v4-pro::opt-4.4.0-roadmap::staged_v4::rep0,deepseek_extension,opt-4.4.0-roadmap,opt,Python,deepseek-v4-pro,staged_v4,deepseek_extension::deepseek-v4-pro::opt-4.4.0-roadmap::staged_v4,0,1,1,1,1,0,test_failed,,,2026-07-10T08:05:50.571890Z,41b711793b3f6055c18ca1cf
deepseek_extension::deepseek-v4-pro::opt-4.4.0-roadmap::staged_v4::rep1,deepseek_extension,opt-4.4.0-roadmap,opt,Python,deepseek-v4-pro,staged_v4,deepseek_extension::deepseek-v4-pro::opt-4.4.0-roadmap::staged_v4,1,1,1,1,1,0,test_failed,,,2026-07-10T08:06:41.131148Z,d0fc47614cbc5eeab1aca88d
deepseek_extension::deepseek-v4-pro::opt-4.4.0-roadmap::staged_v4::rep2,deepseek_extension,opt-4.4.0-roadmap,opt,Python,deepseek-v4-pro,staged_v4,deepseek_extension::deepseek-v4-pro::opt-4.4.0-roadmap::staged_v4,2,1,1,1,1,0,test_failed,,,2026-07-10T08:07:02.723186Z,a39b7f92a31bad68fc790653
deepseek_extension::deepseek-v4-pro::opt-4.4.0-roadmap::staged_v4::rep3,deepseek_extension,opt-4.4.0-roadmap,opt,Python,deepseek-v4-pro,staged_v4,deepseek_extension::deepseek-v4-pro::opt-4.4.0-roadmap::staged_v4,3,1,1,1,1,0,test_failed,,,2026-07-10T08:07:24.167158Z,81e168917c62f2f86d9e8f4a
deepseek_extension::deepseek-v4-pro::opt-4.4.0-roadmap::staged_v4::rep4,deepseek_extension,opt-4.4.0-roadmap,opt,Python,deepseek-v4-pro,staged_v4,deepseek_extension::deepseek-v4-pro::opt-4.4.0-roadmap::staged_v4,4,1,1,1,1,0,test_failed,,,2026-07-10T08:08:35.583332Z,f3bc2dd81a6d059e4ed3391c
deepseek_extension::deepseek-v4-pro::opt-4.4.0-roadmap::staged_v4::rep5,deepseek_extension,opt-4.4.0-roadmap,opt,Python,deepseek-v4-pro,staged_v4,deepseek_extension::deepseek-v4-pro::opt-4.4.0-roadmap::staged_v4,5,1,1,1,1,0,test_failed,,,2026-07-10T08:08:57.116115Z,4b335d7e05137ce7854e8794
deepseek_extension::deepseek-v4-pro::opt-4.4.0-roadmap::staged_v4::rep6,deepseek_extension,opt-4.4.0-roadmap,opt,Python,deepseek-v4-pro,staged_v4,deepseek_extension::deepseek-v4-pro::opt-4.4.0-roadmap::staged_v4,6,1,1,1,1,0,test_failed,,,2026-07-10T08:09:17.401593Z,c32608c9c59793f019860cbb
deepseek_extension::deepseek-v4-pro::opt-4.4.0-roadmap::staged_v4::rep7,deepseek_extension,opt-4.4.0-roadmap,opt,Python,deepseek-v4-pro,staged_v4,deepseek_extension::deepseek-v4-pro::opt-4.4.0-roadmap::staged_v4,7,0,0,0,0,0,stage1_plan_failed,stage_state_edit_targets_invalid,stage1_plan_failed,2026-07-10T07:19:06.313644Z,e9872cde38bb110c82de9ccc
deepseek_extension::deepseek-v4-pro::opt-4.5.0-roadmap::single_shot_v3::rep0,deepseek_extension,opt-4.5.0-roadmap,opt,Python,deepseek-v4-pro,single_shot_v3,deepseek_extension::deepseek-v4-pro::opt-4.5.0-roadmap::single_shot_v3,0,0,0,0,0,0,edit_apply_failed,edit_apply_failed,edit_apply_failed,2026-07-10T07:20:36.492445Z,cb8f3925861d4002798bbfc7
deepseek_extension::deepseek-v4-pro::opt-4.5.0-roadmap::single_shot_v3::rep1,deepseek_extension,opt-4.5.0-roadmap,opt,Python,deepseek-v4-pro,single_shot_v3,deepseek_extension::deepseek-v4-pro::opt-4.5.0-roadmap::single_shot_v3,1,0,0,0,0,0,edit_apply_failed,edit_apply_failed,edit_apply_failed,2026-07-10T07:21:44.441906Z,e476506675cc0d4211018b5f
deepseek_extension::deepseek-v4-pro::opt-4.5.0-roadmap::single_shot_v3::rep2,deepseek_extension,opt-4.5.0-roadmap,opt,Python,deepseek-v4-pro,single_shot_v3,deepseek_extension::deepseek-v4-pro::opt-4.5.0-roadmap::single_shot_v3,2,0,1,1,0,0,test_failed,,,2026-07-10T08:09:45.710261Z,c84b655aea72a255779914ba
deepseek_extension::deepseek-v4-pro::opt-4.5.0-roadmap::single_shot_v3::rep3,deepseek_extension,opt-4.5.0-roadmap,opt,Python,deepseek-v4-pro,single_shot_v3,deepseek_extension::deepseek-v4-pro::opt-4.5.0-roadmap::single_shot_v3,3,0,0,0,0,0,edit_apply_failed,edit_apply_failed,edit_apply_failed,2026-07-10T07:21:55.149732Z,377421806ad3f3419412618b
deepseek_extension::deepseek-v4-pro::opt-4.5.0-roadmap::single_shot_v3::rep4,deepseek_extension,opt-4.5.0-roadmap,opt,Python,deepseek-v4-pro,single_shot_v3,deepseek_extension::deepseek-v4-pro::opt-4.5.0-roadmap::single_shot_v3,4,0,0,0,0,0,finish_reason_length,edit_json_invalid,finish_reason_length,2026-07-10T07:24:09.611658Z,f2a83c84271b75bd906ecc30
deepseek_extension::deepseek-v4-pro::opt-4.5.0-roadmap::single_shot_v3::rep5,deepseek_extension,opt-4.5.0-roadmap,opt,Python,deepseek-v4-pro,single_shot_v3,deepseek_extension::deepseek-v4-pro::opt-4.5.0-roadmap::single_shot_v3,5,0,0,0,0,0,edit_apply_failed,edit_apply_failed,edit_apply_failed,2026-07-10T07:23:12.213321Z,28057daf5b5fd72c72efdb41
deepseek_extension::deepseek-v4-pro::opt-4.5.0-roadmap::single_shot_v3::rep6,deepseek_extension,opt-4.5.0-roadmap,opt,Python,deepseek-v4-pro,single_shot_v3,deepseek_extension::deepseek-v4-pro::opt-4.5.0-roadmap::single_shot_v3,6,0,0,0,0,0,edit_apply_failed,edit_apply_failed,edit_apply_failed,2026-07-10T07:21:27.656986Z,fd6f29b1d36e99aa358ca4ba
deepseek_extension::deepseek-v4-pro::opt-4.5.0-roadmap::single_shot_v3::rep7,deepseek_extension,opt-4.5.0-roadmap,opt,Python,deepseek-v4-pro,single_shot_v3,deepseek_extension::deepseek-v4-pro::opt-4.5.0-roadmap::single_shot_v3,7,0,0,0,0,0,finish_reason_length,edit_json_invalid,finish_reason_length,2026-07-10T07:24:24.639906Z,a0ab7de23ede6d5a6c4c7e44
deepseek_extension::deepseek-v4-pro::opt-4.5.0-roadmap::staged_v4::rep0,deepseek_extension,opt-4.5.0-roadmap,opt,Python,deepseek-v4-pro,staged_v4,deepseek_extension::deepseek-v4-pro::opt-4.5.0-roadmap::staged_v4,0,0,0,0,0,0,stage2_contract_failed,stage2_too_many_edit_ops,stage2_contract_failed,2026-07-10T07:22:21.094847Z,b91dafb2c8bd4bdadf097233
deepseek_extension::deepseek-v4-pro::opt-4.5.0-roadmap::staged_v4::rep1,deepseek_extension,opt-4.5.0-roadmap,opt,Python,deepseek-v4-pro,staged_v4,deepseek_extension::deepseek-v4-pro::opt-4.5.0-roadmap::staged_v4,1,0,0,0,0,0,edit_apply_failed,edit_apply_failed,edit_apply_failed,2026-07-10T07:22:24.703924Z,ddc6fdc017f06a02c8c49ef2
deepseek_extension::deepseek-v4-pro::opt-4.5.0-roadmap::staged_v4::rep2,deepseek_extension,opt-4.5.0-roadmap,opt,Python,deepseek-v4-pro,staged_v4,deepseek_extension::deepseek-v4-pro::opt-4.5.0-roadmap::staged_v4,2,1,1,1,1,0,test_failed,,,2026-07-10T08:10:03.047924Z,1e0044519955e9853d42c985
deepseek_extension::deepseek-v4-pro::opt-4.5.0-roadmap::staged_v4::rep3,deepseek_extension,opt-4.5.0-roadmap,opt,Python,deepseek-v4-pro,staged_v4,deepseek_extension::deepseek-v4-pro::opt-4.5.0-roadmap::staged_v4,3,0,0,0,0,0,edit_apply_failed,edit_apply_failed,edit_apply_failed,2026-07-10T07:22:58.958959Z,86f7cb6e5c7f8482da78fcdb
deepseek_extension::deepseek-v4-pro::opt-4.5.0-roadmap::staged_v4::rep4,deepseek_extension,opt-4.5.0-roadmap,opt,Python,deepseek-v4-pro,staged_v4,deepseek_extension::deepseek-v4-pro::opt-4.5.0-roadmap::staged_v4,4,1,1,1,1,0,test_failed,,,2026-07-10T08:10:23.400830Z,e5d4b64ac9e145c052518464
deepseek_extension::deepseek-v4-pro::opt-4.5.0-roadmap::staged_v4::rep5,deepseek_extension,opt-4.5.0-roadmap,opt,Python,deepseek-v4-pro,staged_v4,deepseek_extension::deepseek-v4-pro::opt-4.5.0-roadmap::staged_v4,5,1,1,1,1,0,test_failed,,,2026-07-10T08:10:38.861944Z,0e89cfb11c41fba0460a3c3b
deepseek_extension::deepseek-v4-pro::opt-4.5.0-roadmap::staged_v4::rep6,deepseek_extension,opt-4.5.0-roadmap,opt,Python,deepseek-v4-pro,staged_v4,deepseek_extension::deepseek-v4-pro::opt-4.5.0-roadmap::staged_v4,6,0,0,0,0,0,stage2_contract_failed,stage2_edit_outside_stage_state,stage2_contract_failed,2026-07-10T07:25:07.620809Z,86add103693c59a5fe1a5646
deepseek_extension::deepseek-v4-pro::opt-4.5.0-roadmap::staged_v4::rep7,deepseek_extension,opt-4.5.0-roadmap,opt,Python,deepseek-v4-pro,staged_v4,deepseek_extension::deepseek-v4-pro::opt-4.5.0-roadmap::staged_v4,7,1,1,1,1,0,test_failed,,,2026-07-10T08:10:54.377953Z,0aace3a23694a8148d9dc7a3
deepseek_extension::deepseek-v4-pro::opt-4.6.0-roadmap::single_shot_v3::rep0,deepseek_extension,opt-4.6.0-roadmap,opt,Python,deepseek-v4-pro,single_shot_v3,deepseek_extension::deepseek-v4-pro::opt-4.6.0-roadmap::single_shot_v3,0,0,0,0,0,0,edit_apply_failed,edit_apply_failed,edit_apply_failed,2026-07-10T07:23:52.361330Z,4e70dd2909ccaca9076bf7b3
deepseek_extension::deepseek-v4-pro::opt-4.6.0-roadmap::single_shot_v3::rep1,deepseek_extension,opt-4.6.0-roadmap,opt,Python,deepseek-v4-pro,single_shot_v3,deepseek_extension::deepseek-v4-pro::opt-4.6.0-roadmap::single_shot_v3,1,0,0,0,0,0,edit_apply_failed,edit_apply_failed,edit_apply_failed,2026-07-10T07:23:58.193558Z,82659eea0e8ee07b85548f88
deepseek_extension::deepseek-v4-pro::opt-4.6.0-roadmap::single_shot_v3::rep2,deepseek_extension,opt-4.6.0-roadmap,opt,Python,deepseek-v4-pro,single_shot_v3,deepseek_extension::deepseek-v4-pro::opt-4.6.0-roadmap::single_shot_v3,2,0,0,0,0,0,edit_apply_failed,edit_apply_failed,edit_apply_failed,2026-07-10T07:24:01.485919Z,4b8a659d0bcad9c0ba3fa14d
deepseek_extension::deepseek-v4-pro::opt-4.6.0-roadmap::single_shot_v3::rep3,deepseek_extension,opt-4.6.0-roadmap,opt,Python,deepseek-v4-pro,single_shot_v3,deepseek_extension::deepseek-v4-pro::opt-4.6.0-roadmap::single_shot_v3,3,0,0,0,0,0,edit_apply_failed,edit_apply_failed,edit_apply_failed,2026-07-10T07:24:13.619479Z,4ac244a6a204621045bbebfe
deepseek_extension::deepseek-v4-pro::opt-4.6.0-roadmap::single_shot_v3::rep4,deepseek_extension,opt-4.6.0-roadmap,opt,Python,deepseek-v4-pro,single_shot_v3,deepseek_extension::deepseek-v4-pro::opt-4.6.0-roadmap::single_shot_v3,4,0,0,0,0,0,edit_apply_failed,edit_apply_failed,edit_apply_failed,2026-07-10T07:24:19.640996Z,ad11aee3490ab1d2408c50c6
deepseek_extension::deepseek-v4-pro::opt-4.6.0-roadmap::single_shot_v3::rep5,deepseek_extension,opt-4.6.0-roadmap,opt,Python,deepseek-v4-pro,single_shot_v3,deepseek_extension::deepseek-v4-pro::opt-4.6.0-roadmap::single_shot_v3,5,1,1,1,1,0,test_failed,,,2026-07-10T08:11:10.756304Z,588a7a2d519a76f86938a036
deepseek_extension::deepseek-v4-pro::opt-4.6.0-roadmap::single_shot_v3::rep6,deepseek_extension,opt-4.6.0-roadmap,opt,Python,deepseek-v4-pro,single_shot_v3,deepseek_extension::deepseek-v4-pro::opt-4.6.0-roadmap::single_shot_v3,6,0,0,0,0,0,edit_apply_failed,edit_apply_failed,edit_apply_failed,2026-07-10T07:25:18.468763Z,94e35b75777a32569b390073
deepseek_extension::deepseek-v4-pro::opt-4.6.0-roadmap::single_shot_v3::rep7,deepseek_extension,opt-4.6.0-roadmap,opt,Python,deepseek-v4-pro,single_shot_v3,deepseek_extension::deepseek-v4-pro::opt-4.6.0-roadmap::single_shot_v3,7,0,0,0,0,0,edit_apply_failed,edit_apply_failed,edit_apply_failed,2026-07-10T07:25:29.657047Z,0ca1f63e132ee54dadef2cfd
deepseek_extension::deepseek-v4-pro::opt-4.6.0-roadmap::staged_v4::rep0,deepseek_extension,opt-4.6.0-roadmap,opt,Python,deepseek-v4-pro,staged_v4,deepseek_extension::deepseek-v4-pro::opt-4.6.0-roadmap::staged_v4,0,1,1,1,1,0,test_failed,,,2026-07-10T08:11:26.716539Z,6f744b6eab225191ccbf8548
deepseek_extension::deepseek-v4-pro::opt-4.6.0-roadmap::staged_v4::rep1,deepseek_extension,opt-4.6.0-roadmap,opt,Python,deepseek-v4-pro,staged_v4,deepseek_extension::deepseek-v4-pro::opt-4.6.0-roadmap::staged_v4,1,1,1,1,1,0,test_failed,,,2026-07-10T08:11:42.477661Z,eb1fc021cd05f852eaeb3792
deepseek_extension::deepseek-v4-pro::opt-4.6.0-roadmap::staged_v4::rep2,deepseek_extension,opt-4.6.0-roadmap,opt,Python,deepseek-v4-pro,staged_v4,deepseek_extension::deepseek-v4-pro::opt-4.6.0-roadmap::staged_v4,2,1,1,1,1,0,test_failed,,,2026-07-10T08:11:58.467160Z,380e6c8905ed723f246afb12
deepseek_extension::deepseek-v4-pro::opt-4.6.0-roadmap::staged_v4::rep3,deepseek_extension,opt-4.6.0-roadmap,opt,Python,deepseek-v4-pro,staged_v4,deepseek_extension::deepseek-v4-pro::opt-4.6.0-roadmap::staged_v4,3,1,1,1,1,0,test_failed,,,2026-07-10T08:12:15.655375Z,176bcf3c8c5abf13353375f5
deepseek_extension::deepseek-v4-pro::opt-4.6.0-roadmap::staged_v4::rep4,deepseek_extension,opt-4.6.0-roadmap,opt,Python,deepseek-v4-pro,staged_v4,deepseek_extension::deepseek-v4-pro::opt-4.6.0-roadmap::staged_v4,4,1,1,1,1,0,test_failed,,,2026-07-10T08:12:32.971226Z,e1d02f9c29f0f82b9cc5b450
deepseek_extension::deepseek-v4-pro::opt-4.6.0-roadmap::staged_v4::rep5,deepseek_extension,opt-4.6.0-roadmap,opt,Python,deepseek-v4-pro,staged_v4,deepseek_extension::deepseek-v4-pro::opt-4.6.0-roadmap::staged_v4,5,1,1,1,1,0,test_failed,,,2026-07-10T08:12:49.523038Z,43aea0089c9806aa44e0d6d4
deepseek_extension::deepseek-v4-pro::opt-4.6.0-roadmap::staged_v4::rep6,deepseek_extension,opt-4.6.0-roadmap,opt,Python,deepseek-v4-pro,staged_v4,deepseek_extension::deepseek-v4-pro::opt-4.6.0-roadmap::staged_v4,6,1,1,1,1,0,test_failed,,,2026-07-10T08:13:07.185027Z,82f79e664e1595750370e239
deepseek_extension::deepseek-v4-pro::opt-4.6.0-roadmap::staged_v4::rep7,deepseek_extension,opt-4.6.0-roadmap,opt,Python,deepseek-v4-pro,staged_v4,deepseek_extension::deepseek-v4-pro::opt-4.6.0-roadmap::staged_v4,7,1,1,1,1,0,test_failed,,,2026-07-10T08:13:23.165836Z,8543466f9596ab188a057613
deepseek_extension::deepseek-v4-pro::plr-1.10.0-roadmap::single_shot_v3::rep0,deepseek_extension,plr-1.10.0-roadmap,plr,Python,deepseek-v4-pro,single_shot_v3,deepseek_extension::deepseek-v4-pro::plr-1.10.0-roadmap::single_shot_v3,0,0,0,0,0,0,edit_apply_failed,edit_apply_failed,edit_apply_failed,2026-07-10T07:26:45.462855Z,9bc228f34fc3c8145b129896
deepseek_extension::deepseek-v4-pro::plr-1.10.0-roadmap::single_shot_v3::rep1,deepseek_extension,plr-1.10.0-roadmap,plr,Python,deepseek-v4-pro,single_shot_v3,deepseek_extension::deepseek-v4-pro::plr-1.10.0-roadmap::single_shot_v3,1,0,0,0,0,0,edit_apply_failed,edit_apply_failed,edit_apply_failed,2026-07-10T07:26:51.704622Z,22ce4bea11156379ab4ed848
deepseek_extension::deepseek-v4-pro::plr-1.10.0-roadmap::single_shot_v3::rep2,deepseek_extension,plr-1.10.0-roadmap,plr,Python,deepseek-v4-pro,single_shot_v3,deepseek_extension::deepseek-v4-pro::plr-1.10.0-roadmap::single_shot_v3,2,0,0,0,0,0,edit_apply_failed,edit_apply_failed,edit_apply_failed,2026-07-10T07:26:31.678329Z,be70deb7b82a44039a560cae
deepseek_extension::deepseek-v4-pro::plr-1.10.0-roadmap::single_shot_v3::rep3,deepseek_extension,plr-1.10.0-roadmap,plr,Python,deepseek-v4-pro,single_shot_v3,deepseek_extension::deepseek-v4-pro::plr-1.10.0-roadmap::single_shot_v3,3,0,0,0,0,0,edit_apply_failed,edit_apply_failed,edit_apply_failed,2026-07-10T07:27:08.182668Z,c5e360e8eb026e15acd67477
deepseek_extension::deepseek-v4-pro::plr-1.10.0-roadmap::single_shot_v3::rep4,deepseek_extension,plr-1.10.0-roadmap,plr,Python,deepseek-v4-pro,single_shot_v3,deepseek_extension::deepseek-v4-pro::plr-1.10.0-roadmap::single_shot_v3,4,0,0,0,0,0,edit_apply_failed,edit_apply_failed,edit_apply_failed,2026-07-10T07:26:59.906797Z,69eb79c1805f730ce912fc3c
deepseek_extension::deepseek-v4-pro::plr-1.10.0-roadmap::single_shot_v3::rep5,deepseek_extension,plr-1.10.0-roadmap,plr,Python,deepseek-v4-pro,single_shot_v3,deepseek_extension::deepseek-v4-pro::plr-1.10.0-roadmap::single_shot_v3,5,0,0,0,0,0,edit_apply_failed,edit_apply_failed,edit_apply_failed,2026-07-10T07:26:31.739780Z,2a85ba1075af35ab17b73677
deepseek_extension::deepseek-v4-pro::plr-1.10.0-roadmap::single_shot_v3::rep6,deepseek_extension,plr-1.10.0-roadmap,plr,Python,deepseek-v4-pro,single_shot_v3,deepseek_extension::deepseek-v4-pro::plr-1.10.0-roadmap::single_shot_v3,6,0,0,0,0,0,edit_apply_failed,edit_apply_failed,edit_apply_failed,2026-07-10T07:26:32.713143Z,d6eba294005f61d5896ffbdc
deepseek_extension::deepseek-v4-pro::plr-1.10.0-roadmap::single_shot_v3::rep7,deepseek_extension,plr-1.10.0-roadmap,plr,Python,deepseek-v4-pro,single_shot_v3,deepseek_extension::deepseek-v4-pro::plr-1.10.0-roadmap::single_shot_v3,7,0,0,0,0,0,edit_apply_failed,edit_apply_failed,edit_apply_failed,2026-07-10T07:27:22.904940Z,114d12b6f07031dda1293912
deepseek_extension::deepseek-v4-pro::plr-1.10.0-roadmap::staged_v4::rep0,deepseek_extension,plr-1.10.0-roadmap,plr,Python,deepseek-v4-pro,staged_v4,deepseek_extension::deepseek-v4-pro::plr-1.10.0-roadmap::staged_v4,0,0,0,0,0,0,edit_apply_failed,edit_apply_failed,edit_apply_failed,2026-07-10T07:27:27.855639Z,4f5c2fdeb51721a351745b7f
deepseek_extension::deepseek-v4-pro::plr-1.10.0-roadmap::staged_v4::rep1,deepseek_extension,plr-1.10.0-roadmap,plr,Python,deepseek-v4-pro,staged_v4,deepseek_extension::deepseek-v4-pro::plr-1.10.0-roadmap::staged_v4,1,1,1,1,1,0,test_failed,,,2026-07-10T08:13:28.902241Z,2fb3d27b7de4aedb1e4b0df1
deepseek_extension::deepseek-v4-pro::plr-1.10.0-roadmap::staged_v4::rep2,deepseek_extension,plr-1.10.0-roadmap,plr,Python,deepseek-v4-pro,staged_v4,deepseek_extension::deepseek-v4-pro::plr-1.10.0-roadmap::staged_v4,2,1,1,1,1,0,test_failed,,,2026-07-10T08:13:34.395186Z,148c03a3d900d1fbaf02c936
deepseek_extension::deepseek-v4-pro::plr-1.10.0-roadmap::staged_v4::rep3,deepseek_extension,plr-1.10.0-roadmap,plr,Python,deepseek-v4-pro,staged_v4,deepseek_extension::deepseek-v4-pro::plr-1.10.0-roadmap::staged_v4,3,0,0,0,0,0,edit_apply_failed,edit_apply_failed,edit_apply_failed,2026-07-10T07:28:00.121050Z,939ccbfbb2fca5ee82d734cf
deepseek_extension::deepseek-v4-pro::plr-1.10.0-roadmap::staged_v4::rep4,deepseek_extension,plr-1.10.0-roadmap,plr,Python,deepseek-v4-pro,staged_v4,deepseek_extension::deepseek-v4-pro::plr-1.10.0-roadmap::staged_v4,4,0,0,0,0,0,edit_apply_failed,edit_apply_failed,edit_apply_failed,2026-07-10T07:28:03.083824Z,d363db8af513e51d8802a8e8
deepseek_extension::deepseek-v4-pro::plr-1.10.0-roadmap::staged_v4::rep5,deepseek_extension,plr-1.10.0-roadmap,plr,Python,deepseek-v4-pro,staged_v4,deepseek_extension::deepseek-v4-pro::plr-1.10.0-roadmap::staged_v4,5,0,0,0,0,0,edit_apply_failed,edit_apply_failed,edit_apply_failed,2026-07-10T07:28:33.580066Z,6ab60ca5853fa67b89146a9f
deepseek_extension::deepseek-v4-pro::plr-1.10.0-roadmap::staged_v4::rep6,deepseek_extension,plr-1.10.0-roadmap,plr,Python,deepseek-v4-pro,staged_v4,deepseek_extension::deepseek-v4-pro::plr-1.10.0-roadmap::staged_v4,6,0,0,0,0,0,stage2_contract_failed,stage2_too_many_edit_ops,stage2_contract_failed,2026-07-10T07:28:26.412119Z,3eba53573065d3b6d3206228
deepseek_extension::deepseek-v4-pro::plr-1.10.0-roadmap::staged_v4::rep7,deepseek_extension,plr-1.10.0-roadmap,plr,Python,deepseek-v4-pro,staged_v4,deepseek_extension::deepseek-v4-pro::plr-1.10.0-roadmap::staged_v4,7,1,1,1,1,0,test_failed,,,2026-07-10T08:13:39.814048Z,9839a3c0512050cc1c7759cc
deepseek_extension::deepseek-v4-pro::plr-1.22.0-roadmap::single_shot_v3::rep0,deepseek_extension,plr-1.22.0-roadmap,plr,Python,deepseek-v4-pro,single_shot_v3,deepseek_extension::deepseek-v4-pro::plr-1.22.0-roadmap::single_shot_v3,0,0,0,0,0,0,edit_apply_failed,edit_apply_failed,edit_apply_failed,2026-07-10T07:28:09.714148Z,d793b984c98593e41b385249
deepseek_extension::deepseek-v4-pro::plr-1.22.0-roadmap::single_shot_v3::rep1,deepseek_extension,plr-1.22.0-roadmap,plr,Python,deepseek-v4-pro,single_shot_v3,deepseek_extension::deepseek-v4-pro::plr-1.22.0-roadmap::single_shot_v3,1,0,0,0,0,0,edit_apply_failed,edit_apply_failed,edit_apply_failed,2026-07-10T07:28:14.953685Z,37ed47fd36193cc5f6d9470a
deepseek_extension::deepseek-v4-pro::plr-1.22.0-roadmap::single_shot_v3::rep2,deepseek_extension,plr-1.22.0-roadmap,plr,Python,deepseek-v4-pro,single_shot_v3,deepseek_extension::deepseek-v4-pro::plr-1.22.0-roadmap::single_shot_v3,2,0,0,0,0,0,edit_apply_failed,edit_apply_failed,edit_apply_failed,2026-07-10T07:28:27.177302Z,edcb6f8887a87269189e2d3a
deepseek_extension::deepseek-v4-pro::plr-1.22.0-roadmap::single_shot_v3::rep3,deepseek_extension,plr-1.22.0-roadmap,plr,Python,deepseek-v4-pro,single_shot_v3,deepseek_extension::deepseek-v4-pro::plr-1.22.0-roadmap::single_shot_v3,3,1,1,1,1,0,test_failed,,,2026-07-10T08:13:44.570386Z,7e613bd39975722bc5055a8b
deepseek_extension::deepseek-v4-pro::plr-1.22.0-roadmap::single_shot_v3::rep4,deepseek_extension,plr-1.22.0-roadmap,plr,Python,deepseek-v4-pro,single_shot_v3,deepseek_extension::deepseek-v4-pro::plr-1.22.0-roadmap::single_shot_v3,4,0,0,0,0,0,edit_apply_failed,edit_apply_failed,edit_apply_failed,2026-07-10T07:29:29.320492Z,43ede7f4bfcfec62c683ce38
deepseek_extension::deepseek-v4-pro::plr-1.22.0-roadmap::single_shot_v3::rep5,deepseek_extension,plr-1.22.0-roadmap,plr,Python,deepseek-v4-pro,single_shot_v3,deepseek_extension::deepseek-v4-pro::plr-1.22.0-roadmap::single_shot_v3,5,1,1,1,1,0,test_failed,,,2026-07-10T08:13:48.795256Z,704b861d21b78301aa57f34b
deepseek_extension::deepseek-v4-pro::plr-1.22.0-roadmap::single_shot_v3::rep6,deepseek_extension,plr-1.22.0-roadmap,plr,Python,deepseek-v4-pro,single_shot_v3,deepseek_extension::deepseek-v4-pro::plr-1.22.0-roadmap::single_shot_v3,6,1,1,1,1,0,test_failed,,,2026-07-10T08:13:52.028191Z,b551df764f5eb6e810ebf042
deepseek_extension::deepseek-v4-pro::plr-1.22.0-roadmap::single_shot_v3::rep7,deepseek_extension,plr-1.22.0-roadmap,plr,Python,deepseek-v4-pro,single_shot_v3,deepseek_extension::deepseek-v4-pro::plr-1.22.0-roadmap::single_shot_v3,7,1,1,1,1,0,test_failed,,,2026-07-10T08:13:56.282575Z,1593ab716f489e956d316a60
deepseek_extension::deepseek-v4-pro::plr-1.22.0-roadmap::staged_v4::rep0,deepseek_extension,plr-1.22.0-roadmap,plr,Python,deepseek-v4-pro,staged_v4,deepseek_extension::deepseek-v4-pro::plr-1.22.0-roadmap::staged_v4,0,0,0,0,0,0,stage2_contract_failed,stage2_too_many_edit_ops,stage2_contract_failed,2026-07-10T07:29:42.510607Z,ac5252372addba1269a2f860
deepseek_extension::deepseek-v4-pro::plr-1.22.0-roadmap::staged_v4::rep1,deepseek_extension,plr-1.22.0-roadmap,plr,Python,deepseek-v4-pro,staged_v4,deepseek_extension::deepseek-v4-pro::plr-1.22.0-roadmap::staged_v4,1,0,0,0,0,0,stage2_contract_failed,stage2_too_many_edit_ops,stage2_contract_failed,2026-07-10T07:30:05.279062Z,5e1f5cb51c76e0daaab831b2
deepseek_extension::deepseek-v4-pro::plr-1.22.0-roadmap::staged_v4::rep2,deepseek_extension,plr-1.22.0-roadmap,plr,Python,deepseek-v4-pro,staged_v4,deepseek_extension::deepseek-v4-pro::plr-1.22.0-roadmap::staged_v4,2,0,0,0,0,0,stage2_contract_failed,stage2_too_many_edit_ops,stage2_contract_failed,2026-07-10T07:30:04.424603Z,46031ca0d8351e9646512516
deepseek_extension::deepseek-v4-pro::plr-1.22.0-roadmap::staged_v4::rep3,deepseek_extension,plr-1.22.0-roadmap,plr,Python,deepseek-v4-pro,staged_v4,deepseek_extension::deepseek-v4-pro::plr-1.22.0-roadmap::staged_v4,3,0,0,0,0,0,stage2_contract_failed,stage2_too_many_edit_ops,stage2_contract_failed,2026-07-10T07:30:08.817241Z,cd9545cc78de87b21efda00a
deepseek_extension::deepseek-v4-pro::plr-1.22.0-roadmap::staged_v4::rep4,deepseek_extension,plr-1.22.0-roadmap,plr,Python,deepseek-v4-pro,staged_v4,deepseek_extension::deepseek-v4-pro::plr-1.22.0-roadmap::staged_v4,4,0,0,0,0,0,stage2_contract_failed,stage2_too_many_edit_ops,stage2_contract_failed,2026-07-10T07:30:09.981951Z,0a3620a8842232f66bbba2e9
deepseek_extension::deepseek-v4-pro::plr-1.22.0-roadmap::staged_v4::rep5,deepseek_extension,plr-1.22.0-roadmap,plr,Python,deepseek-v4-pro,staged_v4,deepseek_extension::deepseek-v4-pro::plr-1.22.0-roadmap::staged_v4,5,0,0,0,0,0,stage2_contract_failed,stage2_too_many_edit_ops,stage2_contract_failed,2026-07-10T07:30:01.898352Z,2727085aa8272f55b4900aa5
deepseek_extension::deepseek-v4-pro::plr-1.22.0-roadmap::staged_v4::rep6,deepseek_extension,plr-1.22.0-roadmap,plr,Python,deepseek-v4-pro,staged_v4,deepseek_extension::deepseek-v4-pro::plr-1.22.0-roadmap::staged_v4,6,1,1,1,1,0,test_failed,,,2026-07-10T08:14:00.668912Z,a074a4bcbd7abb6ab685a1e6
deepseek_extension::deepseek-v4-pro::plr-1.22.0-roadmap::staged_v4::rep7,deepseek_extension,plr-1.22.0-roadmap,plr,Python,deepseek-v4-pro,staged_v4,deepseek_extension::deepseek-v4-pro::plr-1.22.0-roadmap::staged_v4,7,0,0,0,0,0,stage2_contract_failed,stage2_too_many_edit_ops,stage2_contract_failed,2026-07-10T07:30:30.012508Z,454cfa0fd18c3fa22548cae2
deepseek_extension::deepseek-v4-pro::prm-5.15.0-roadmap::single_shot_v3::rep0,deepseek_extension,prm-5.15.0-roadmap,prm,TypeScript,deepseek-v4-pro,single_shot_v3,deepseek_extension::deepseek-v4-pro::prm-5.15.0-roadmap::single_shot_v3,0,1,1,1,1,0,test_failed,,,2026-07-10T08:14:25.564474Z,462c1af6b9baf22224068984
deepseek_extension::deepseek-v4-pro::prm-5.15.0-roadmap::single_shot_v3::rep1,deepseek_extension,prm-5.15.0-roadmap,prm,TypeScript,deepseek-v4-pro,single_shot_v3,deepseek_extension::deepseek-v4-pro::prm-5.15.0-roadmap::single_shot_v3,1,1,1,1,1,1,test_passed,,,2026-07-10T08:14:49.595251Z,a403314d8b3c6b9ade983ac8
deepseek_extension::deepseek-v4-pro::prm-5.15.0-roadmap::single_shot_v3::rep2,deepseek_extension,prm-5.15.0-roadmap,prm,TypeScript,deepseek-v4-pro,single_shot_v3,deepseek_extension::deepseek-v4-pro::prm-5.15.0-roadmap::single_shot_v3,2,1,1,1,1,1,test_passed,,,2026-07-10T08:15:13.788320Z,4b3a279945053760b1aad4ec
deepseek_extension::deepseek-v4-pro::prm-5.15.0-roadmap::single_shot_v3::rep3,deepseek_extension,prm-5.15.0-roadmap,prm,TypeScript,deepseek-v4-pro,single_shot_v3,deepseek_extension::deepseek-v4-pro::prm-5.15.0-roadmap::single_shot_v3,3,1,1,1,1,1,test_passed,,,2026-07-10T08:15:37.576171Z,7594f2da343b85f14a0613c2
deepseek_extension::deepseek-v4-pro::prm-5.15.0-roadmap::single_shot_v3::rep4,deepseek_extension,prm-5.15.0-roadmap,prm,TypeScript,deepseek-v4-pro,single_shot_v3,deepseek_extension::deepseek-v4-pro::prm-5.15.0-roadmap::single_shot_v3,4,1,1,1,1,1,test_passed,,,2026-07-10T08:16:01.741550Z,26bff538a9cb572e0907491d
deepseek_extension::deepseek-v4-pro::prm-5.15.0-roadmap::single_shot_v3::rep5,deepseek_extension,prm-5.15.0-roadmap,prm,TypeScript,deepseek-v4-pro,single_shot_v3,deepseek_extension::deepseek-v4-pro::prm-5.15.0-roadmap::single_shot_v3,5,1,1,1,1,1,test_passed,,,2026-07-10T08:16:25.538165Z,d11f2219102f823b328b2804
deepseek_extension::deepseek-v4-pro::prm-5.15.0-roadmap::single_shot_v3::rep6,deepseek_extension,prm-5.15.0-roadmap,prm,TypeScript,deepseek-v4-pro,single_shot_v3,deepseek_extension::deepseek-v4-pro::prm-5.15.0-roadmap::single_shot_v3,6,1,1,1,1,1,test_passed,,,2026-07-10T08:16:49.371548Z,c663c6c0b6685aba2e12de3a
deepseek_extension::deepseek-v4-pro::prm-5.15.0-roadmap::single_shot_v3::rep7,deepseek_extension,prm-5.15.0-roadmap,prm,TypeScript,deepseek-v4-pro,single_shot_v3,deepseek_extension::deepseek-v4-pro::prm-5.15.0-roadmap::single_shot_v3,7,1,1,1,1,1,test_passed,,,2026-07-10T08:17:13.766033Z,9b1f7371879737521630495d
deepseek_extension::deepseek-v4-pro::prm-5.15.0-roadmap::staged_v4::rep0,deepseek_extension,prm-5.15.0-roadmap,prm,TypeScript,deepseek-v4-pro,staged_v4,deepseek_extension::deepseek-v4-pro::prm-5.15.0-roadmap::staged_v4,0,0,0,0,0,0,stage1_plan_failed,stage_state_too_many_planned_new_files,stage1_plan_failed,2026-07-10T07:30:15.251943Z,8daf19f83ab8f9ba4d6d8675
deepseek_extension::deepseek-v4-pro::prm-5.15.0-roadmap::staged_v4::rep1,deepseek_extension,prm-5.15.0-roadmap,prm,TypeScript,deepseek-v4-pro,staged_v4,deepseek_extension::deepseek-v4-pro::prm-5.15.0-roadmap::staged_v4,1,0,0,0,0,0,stage1_plan_failed,stage_state_too_many_planned_new_files,stage1_plan_failed,2026-07-10T07:30:18.301517Z,8ed1a626af8703a8cea8ac2a
deepseek_extension::deepseek-v4-pro::prm-5.15.0-roadmap::staged_v4::rep2,deepseek_extension,prm-5.15.0-roadmap,prm,TypeScript,deepseek-v4-pro,staged_v4,deepseek_extension::deepseek-v4-pro::prm-5.15.0-roadmap::staged_v4,2,0,0,0,0,0,stage2_contract_failed,stage2_too_many_edit_ops,stage2_contract_failed,2026-07-10T07:31:04.546063Z,6b1c63f79316ec8fc8b2a871
deepseek_extension::deepseek-v4-pro::prm-5.15.0-roadmap::staged_v4::rep3,deepseek_extension,prm-5.15.0-roadmap,prm,TypeScript,deepseek-v4-pro,staged_v4,deepseek_extension::deepseek-v4-pro::prm-5.15.0-roadmap::staged_v4,3,0,0,0,0,0,stage1_plan_failed,stage_state_too_many_planned_new_files,stage1_plan_failed,2026-07-10T07:30:17.142707Z,1226064bd2a036810c22fb30
deepseek_extension::deepseek-v4-pro::prm-5.15.0-roadmap::staged_v4::rep4,deepseek_extension,prm-5.15.0-roadmap,prm,TypeScript,deepseek-v4-pro,staged_v4,deepseek_extension::deepseek-v4-pro::prm-5.15.0-roadmap::staged_v4,4,0,0,0,0,0,stage2_contract_failed,stage2_edit_outside_stage_state,stage2_contract_failed,2026-07-10T07:30:57.661301Z,6d5770266874818f4e247404
deepseek_extension::deepseek-v4-pro::prm-5.15.0-roadmap::staged_v4::rep5,deepseek_extension,prm-5.15.0-roadmap,prm,TypeScript,deepseek-v4-pro,staged_v4,deepseek_extension::deepseek-v4-pro::prm-5.15.0-roadmap::staged_v4,5,0,0,0,0,0,stage1_plan_failed,stage_state_too_many_planned_new_files,stage1_plan_failed,2026-07-10T07:30:25.712168Z,f21e9fc5a3c746cafc3d8037
deepseek_extension::deepseek-v4-pro::prm-5.15.0-roadmap::staged_v4::rep6,deepseek_extension,prm-5.15.0-roadmap,prm,TypeScript,deepseek-v4-pro,staged_v4,deepseek_extension::deepseek-v4-pro::prm-5.15.0-roadmap::staged_v4,6,0,0,0,0,0,stage2_contract_failed,stage2_too_many_edit_ops,stage2_contract_failed,2026-07-10T07:30:57.743981Z,de2230748c5d13ff6d68f435
deepseek_extension::deepseek-v4-pro::prm-5.15.0-roadmap::staged_v4::rep7,deepseek_extension,prm-5.15.0-roadmap,prm,TypeScript,deepseek-v4-pro,staged_v4,deepseek_extension::deepseek-v4-pro::prm-5.15.0-roadmap::staged_v4,7,0,0,0,0,0,stage2_contract_failed,stage2_too_many_edit_ops,stage2_contract_failed,2026-07-10T07:31:13.426402Z,af6bfec01ef6768af4aeb491
deepseek_extension::deepseek-v4-pro::prm-6.16.0-roadmap::single_shot_v3::rep0,deepseek_extension,prm-6.16.0-roadmap,prm,TypeScript,deepseek-v4-pro,single_shot_v3,deepseek_extension::deepseek-v4-pro::prm-6.16.0-roadmap::single_shot_v3,0,1,1,1,1,0,test_failed,,,2026-07-10T08:17:30.385469Z,bb0270e099b1e1034df49460
deepseek_extension::deepseek-v4-pro::prm-6.16.0-roadmap::single_shot_v3::rep1,deepseek_extension,prm-6.16.0-roadmap,prm,TypeScript,deepseek-v4-pro,single_shot_v3,deepseek_extension::deepseek-v4-pro::prm-6.16.0-roadmap::single_shot_v3,1,1,1,1,1,0,test_failed,,,2026-07-10T08:17:47.148954Z,8f9ba5b7e9e0e9790398d8bc
deepseek_extension::deepseek-v4-pro::prm-6.16.0-roadmap::single_shot_v3::rep2,deepseek_extension,prm-6.16.0-roadmap,prm,TypeScript,deepseek-v4-pro,single_shot_v3,deepseek_extension::deepseek-v4-pro::prm-6.16.0-roadmap::single_shot_v3,2,1,1,1,1,0,test_failed,,,2026-07-10T08:18:04.004889Z,955b995016943d08abdeb2ef
deepseek_extension::deepseek-v4-pro::prm-6.16.0-roadmap::single_shot_v3::rep3,deepseek_extension,prm-6.16.0-roadmap,prm,TypeScript,deepseek-v4-pro,single_shot_v3,deepseek_extension::deepseek-v4-pro::prm-6.16.0-roadmap::single_shot_v3,3,1,1,1,1,0,test_failed,,,2026-07-10T08:18:20.574825Z,797eba788e3ffd2af524695b
deepseek_extension::deepseek-v4-pro::prm-6.16.0-roadmap::single_shot_v3::rep4,deepseek_extension,prm-6.16.0-roadmap,prm,TypeScript,deepseek-v4-pro,single_shot_v3,deepseek_extension::deepseek-v4-pro::prm-6.16.0-roadmap::single_shot_v3,4,1,1,1,1,0,test_failed,,,2026-07-10T08:18:37.421139Z,e3cc1e3abcaed1d12faf2830
deepseek_extension::deepseek-v4-pro::prm-6.16.0-roadmap::single_shot_v3::rep5,deepseek_extension,prm-6.16.0-roadmap,prm,TypeScript,deepseek-v4-pro,single_shot_v3,deepseek_extension::deepseek-v4-pro::prm-6.16.0-roadmap::single_shot_v3,5,1,1,1,1,0,test_failed,,,2026-07-10T08:18:54.058211Z,54af11063292f2e3b313f237
deepseek_extension::deepseek-v4-pro::prm-6.16.0-roadmap::single_shot_v3::rep6,deepseek_extension,prm-6.16.0-roadmap,prm,TypeScript,deepseek-v4-pro,single_shot_v3,deepseek_extension::deepseek-v4-pro::prm-6.16.0-roadmap::single_shot_v3,6,1,1,1,1,0,test_failed,,,2026-07-10T08:19:10.419909Z,bcfa29579b9e42e513ec2e9a
deepseek_extension::deepseek-v4-pro::prm-6.16.0-roadmap::single_shot_v3::rep7,deepseek_extension,prm-6.16.0-roadmap,prm,TypeScript,deepseek-v4-pro,single_shot_v3,deepseek_extension::deepseek-v4-pro::prm-6.16.0-roadmap::single_shot_v3,7,1,1,1,1,0,test_failed,,,2026-07-10T08:19:27.016677Z,0a292af11b631940ae4c1256
deepseek_extension::deepseek-v4-pro::prm-6.16.0-roadmap::staged_v4::rep0,deepseek_extension,prm-6.16.0-roadmap,prm,TypeScript,deepseek-v4-pro,staged_v4,deepseek_extension::deepseek-v4-pro::prm-6.16.0-roadmap::staged_v4,0,0,0,0,0,0,stage2_contract_failed,stage2_edit_outside_stage_state,stage2_contract_failed,2026-07-10T07:31:51.018036Z,805035b8b16ab8ce65a25267
deepseek_extension::deepseek-v4-pro::prm-6.16.0-roadmap::staged_v4::rep1,deepseek_extension,prm-6.16.0-roadmap,prm,TypeScript,deepseek-v4-pro,staged_v4,deepseek_extension::deepseek-v4-pro::prm-6.16.0-roadmap::staged_v4,1,0,0,0,0,0,stage2_contract_failed,stage2_edit_outside_stage_state,stage2_contract_failed,2026-07-10T07:31:55.812709Z,da287f54d2e78353e01f39b6
deepseek_extension::deepseek-v4-pro::prm-6.16.0-roadmap::staged_v4::rep2,deepseek_extension,prm-6.16.0-roadmap,prm,TypeScript,deepseek-v4-pro,staged_v4,deepseek_extension::deepseek-v4-pro::prm-6.16.0-roadmap::staged_v4,2,0,0,0,0,0,stage2_contract_failed,stage2_edit_outside_stage_state,stage2_contract_failed,2026-07-10T07:32:17.939597Z,c415173c9decae4ffd215eaa
deepseek_extension::deepseek-v4-pro::prm-6.16.0-roadmap::staged_v4::rep3,deepseek_extension,prm-6.16.0-roadmap,prm,TypeScript,deepseek-v4-pro,staged_v4,deepseek_extension::deepseek-v4-pro::prm-6.16.0-roadmap::staged_v4,3,0,0,0,0,0,stage2_contract_failed,stage2_edit_outside_stage_state,stage2_contract_failed,2026-07-10T07:32:18.971317Z,5c45ac36eacdeefb9118be22
deepseek_extension::deepseek-v4-pro::prm-6.16.0-roadmap::staged_v4::rep4,deepseek_extension,prm-6.16.0-roadmap,prm,TypeScript,deepseek-v4-pro,staged_v4,deepseek_extension::deepseek-v4-pro::prm-6.16.0-roadmap::staged_v4,4,0,0,0,0,0,stage2_contract_failed,stage2_edit_outside_stage_state,stage2_contract_failed,2026-07-10T07:32:20.187400Z,2433340108cfd4eaecd7fca9
deepseek_extension::deepseek-v4-pro::prm-6.16.0-roadmap::staged_v4::rep5,deepseek_extension,prm-6.16.0-roadmap,prm,TypeScript,deepseek-v4-pro,staged_v4,deepseek_extension::deepseek-v4-pro::prm-6.16.0-roadmap::staged_v4,5,0,0,0,0,0,stage2_contract_failed,stage2_too_many_edit_ops,stage2_contract_failed,2026-07-10T07:33:00.314328Z,d20fbe01eaec106c0fbae9d2
deepseek_extension::deepseek-v4-pro::prm-6.16.0-roadmap::staged_v4::rep6,deepseek_extension,prm-6.16.0-roadmap,prm,TypeScript,deepseek-v4-pro,staged_v4,deepseek_extension::deepseek-v4-pro::prm-6.16.0-roadmap::staged_v4,6,0,0,0,0,0,stage2_contract_failed,stage2_edit_outside_stage_state,stage2_contract_failed,2026-07-10T07:32:24.855424Z,316303effa01ff92f2a85e8b
deepseek_extension::deepseek-v4-pro::prm-6.16.0-roadmap::staged_v4::rep7,deepseek_extension,prm-6.16.0-roadmap,prm,TypeScript,deepseek-v4-pro,staged_v4,deepseek_extension::deepseek-v4-pro::prm-6.16.0-roadmap::staged_v4,7,0,0,0,0,0,stage2_contract_failed,stage2_edit_outside_stage_state,stage2_contract_failed,2026-07-10T07:32:25.878476Z,902f393dc8672b8bdd16ccf6
deepseek_extension::deepseek-v4-pro::pyg-2.2.0-roadmap::single_shot_v3::rep0,deepseek_extension,pyg-2.2.0-roadmap,pyg,Python,deepseek-v4-pro,single_shot_v3,deepseek_extension::deepseek-v4-pro::pyg-2.2.0-roadmap::single_shot_v3,0,0,0,0,0,0,edit_apply_failed,edit_apply_failed,edit_apply_failed,2026-07-10T07:35:30.590934Z,8b5800f7f52d33cb7b908ac2
deepseek_extension::deepseek-v4-pro::pyg-2.2.0-roadmap::single_shot_v3::rep1,deepseek_extension,pyg-2.2.0-roadmap,pyg,Python,deepseek-v4-pro,single_shot_v3,deepseek_extension::deepseek-v4-pro::pyg-2.2.0-roadmap::single_shot_v3,1,0,0,0,0,0,edit_apply_failed,edit_apply_failed,edit_apply_failed,2026-07-10T07:34:30.383350Z,c86dd0d0d6c4ab0f3d86f649
deepseek_extension::deepseek-v4-pro::pyg-2.2.0-roadmap::single_shot_v3::rep2,deepseek_extension,pyg-2.2.0-roadmap,pyg,Python,deepseek-v4-pro,single_shot_v3,deepseek_extension::deepseek-v4-pro::pyg-2.2.0-roadmap::single_shot_v3,2,0,0,0,0,0,edit_apply_failed,edit_apply_failed,edit_apply_failed,2026-07-10T07:35:52.790938Z,0cb1302f064695baa1da6e79
deepseek_extension::deepseek-v4-pro::pyg-2.2.0-roadmap::single_shot_v3::rep3,deepseek_extension,pyg-2.2.0-roadmap,pyg,Python,deepseek-v4-pro,single_shot_v3,deepseek_extension::deepseek-v4-pro::pyg-2.2.0-roadmap::single_shot_v3,3,0,0,0,0,0,edit_apply_failed,edit_apply_failed,edit_apply_failed,2026-07-10T07:35:30.978671Z,5bd0b83da78fff990e476cd5
deepseek_extension::deepseek-v4-pro::pyg-2.2.0-roadmap::single_shot_v3::rep4,deepseek_extension,pyg-2.2.0-roadmap,pyg,Python,deepseek-v4-pro,single_shot_v3,deepseek_extension::deepseek-v4-pro::pyg-2.2.0-roadmap::single_shot_v3,4,0,0,0,0,0,edit_apply_failed,edit_apply_failed,edit_apply_failed,2026-07-10T07:35:01.320514Z,e3875e7c8002e169bb662275
deepseek_extension::deepseek-v4-pro::pyg-2.2.0-roadmap::single_shot_v3::rep5,deepseek_extension,pyg-2.2.0-roadmap,pyg,Python,deepseek-v4-pro,single_shot_v3,deepseek_extension::deepseek-v4-pro::pyg-2.2.0-roadmap::single_shot_v3,5,0,0,0,0,0,edit_apply_failed,edit_apply_failed,edit_apply_failed,2026-07-10T07:34:17.289158Z,a78bf2a2ecb1919911d20179
deepseek_extension::deepseek-v4-pro::pyg-2.2.0-roadmap::single_shot_v3::rep6,deepseek_extension,pyg-2.2.0-roadmap,pyg,Python,deepseek-v4-pro,single_shot_v3,deepseek_extension::deepseek-v4-pro::pyg-2.2.0-roadmap::single_shot_v3,6,0,0,0,0,0,edit_apply_failed,edit_apply_failed,edit_apply_failed,2026-07-10T07:35:00.868902Z,98dedd3616bdef9f558c7941
deepseek_extension::deepseek-v4-pro::pyg-2.2.0-roadmap::single_shot_v3::rep7,deepseek_extension,pyg-2.2.0-roadmap,pyg,Python,deepseek-v4-pro,single_shot_v3,deepseek_extension::deepseek-v4-pro::pyg-2.2.0-roadmap::single_shot_v3,7,0,0,0,0,0,edit_apply_failed,edit_apply_failed,edit_apply_failed,2026-07-10T07:35:22.463821Z,2ed03c51257c61e714c2b652
deepseek_extension::deepseek-v4-pro::pyg-2.2.0-roadmap::staged_v4::rep0,deepseek_extension,pyg-2.2.0-roadmap,pyg,Python,deepseek-v4-pro,staged_v4,deepseek_extension::deepseek-v4-pro::pyg-2.2.0-roadmap::staged_v4,0,0,0,0,0,0,stage1_plan_failed,stage_state_too_many_planned_new_files,stage1_plan_failed,2026-07-10T07:32:32.894558Z,a7883878b0a2d6513d5b29ba
deepseek_extension::deepseek-v4-pro::pyg-2.2.0-roadmap::staged_v4::rep1,deepseek_extension,pyg-2.2.0-roadmap,pyg,Python,deepseek-v4-pro,staged_v4,deepseek_extension::deepseek-v4-pro::pyg-2.2.0-roadmap::staged_v4,1,1,1,1,1,0,test_failed,,,2026-07-10T08:19:51.811794Z,cd8e1bc25ed7121cf29b544e
deepseek_extension::deepseek-v4-pro::pyg-2.2.0-roadmap::staged_v4::rep2,deepseek_extension,pyg-2.2.0-roadmap,pyg,Python,deepseek-v4-pro,staged_v4,deepseek_extension::deepseek-v4-pro::pyg-2.2.0-roadmap::staged_v4,2,1,1,1,1,0,test_failed,,,2026-07-10T08:20:15.974095Z,b1d80d2f645eb016e38cf2c6
deepseek_extension::deepseek-v4-pro::pyg-2.2.0-roadmap::staged_v4::rep3,deepseek_extension,pyg-2.2.0-roadmap,pyg,Python,deepseek-v4-pro,staged_v4,deepseek_extension::deepseek-v4-pro::pyg-2.2.0-roadmap::staged_v4,3,0,0,0,0,0,stage2_contract_failed,stage2_edit_outside_stage_state,stage2_contract_failed,2026-07-10T07:34:24.655144Z,382f591c463ca04203050340
deepseek_extension::deepseek-v4-pro::pyg-2.2.0-roadmap::staged_v4::rep4,deepseek_extension,pyg-2.2.0-roadmap,pyg,Python,deepseek-v4-pro,staged_v4,deepseek_extension::deepseek-v4-pro::pyg-2.2.0-roadmap::staged_v4,4,0,0,0,0,0,stage1_plan_failed,stage_state_too_many_planned_new_files,stage1_plan_failed,2026-07-10T07:34:02.432331Z,fe719e04c860c8441e9eb60d
deepseek_extension::deepseek-v4-pro::pyg-2.2.0-roadmap::staged_v4::rep5,deepseek_extension,pyg-2.2.0-roadmap,pyg,Python,deepseek-v4-pro,staged_v4,deepseek_extension::deepseek-v4-pro::pyg-2.2.0-roadmap::staged_v4,5,0,0,0,0,0,stage1_plan_failed,stage_state_too_many_planned_new_files,stage1_plan_failed,2026-07-10T07:34:09.966717Z,2c15863cfae691fbe3edb7a8
deepseek_extension::deepseek-v4-pro::pyg-2.2.0-roadmap::staged_v4::rep6,deepseek_extension,pyg-2.2.0-roadmap,pyg,Python,deepseek-v4-pro,staged_v4,deepseek_extension::deepseek-v4-pro::pyg-2.2.0-roadmap::staged_v4,6,0,0,0,0,0,stage2_contract_failed,stage2_too_many_edit_ops,stage2_contract_failed,2026-07-10T07:36:11.957583Z,4060f1f2c9f5339913b77c16
deepseek_extension::deepseek-v4-pro::pyg-2.2.0-roadmap::staged_v4::rep7,deepseek_extension,pyg-2.2.0-roadmap,pyg,Python,deepseek-v4-pro,staged_v4,deepseek_extension::deepseek-v4-pro::pyg-2.2.0-roadmap::staged_v4,7,0,0,0,0,0,stage1_plan_failed,stage_state_too_many_planned_new_files,stage1_plan_failed,2026-07-10T07:34:24.408180Z,bba64cd1767b176d11b965c5
deepseek_extension::deepseek-v4-pro::pyg-2.4.0-roadmap::single_shot_v3::rep0,deepseek_extension,pyg-2.4.0-roadmap,pyg,Python,deepseek-v4-pro,single_shot_v3,deepseek_extension::deepseek-v4-pro::pyg-2.4.0-roadmap::single_shot_v3,0,1,1,1,1,0,test_failed,,,2026-07-10T08:20:49.537060Z,032159509565f19587aba175
deepseek_extension::deepseek-v4-pro::pyg-2.4.0-roadmap::single_shot_v3::rep1,deepseek_extension,pyg-2.4.0-roadmap,pyg,Python,deepseek-v4-pro,single_shot_v3,deepseek_extension::deepseek-v4-pro::pyg-2.4.0-roadmap::single_shot_v3,1,1,1,1,1,0,test_failed,,,2026-07-10T08:21:29.222873Z,0c2b2678e56e2a7eb0af59fd
deepseek_extension::deepseek-v4-pro::pyg-2.4.0-roadmap::single_shot_v3::rep2,deepseek_extension,pyg-2.4.0-roadmap,pyg,Python,deepseek-v4-pro,single_shot_v3,deepseek_extension::deepseek-v4-pro::pyg-2.4.0-roadmap::single_shot_v3,2,1,1,1,1,0,test_failed,,,2026-07-10T08:21:57.718720Z,290419fdea904134c38ae92b
deepseek_extension::deepseek-v4-pro::pyg-2.4.0-roadmap::single_shot_v3::rep3,deepseek_extension,pyg-2.4.0-roadmap,pyg,Python,deepseek-v4-pro,single_shot_v3,deepseek_extension::deepseek-v4-pro::pyg-2.4.0-roadmap::single_shot_v3,3,1,1,1,1,0,test_failed,,,2026-07-10T08:22:26.667886Z,e857ba515b2b6bd4fd0a866d
deepseek_extension::deepseek-v4-pro::pyg-2.4.0-roadmap::single_shot_v3::rep4,deepseek_extension,pyg-2.4.0-roadmap,pyg,Python,deepseek-v4-pro,single_shot_v3,deepseek_extension::deepseek-v4-pro::pyg-2.4.0-roadmap::single_shot_v3,4,0,0,0,0,0,edit_json_invalid,edit_json_invalid,edit_json_invalid,2026-07-10T07:36:47.446819Z,70223f79a2ad775faf82d49e
deepseek_extension::deepseek-v4-pro::pyg-2.4.0-roadmap::single_shot_v3::rep5,deepseek_extension,pyg-2.4.0-roadmap,pyg,Python,deepseek-v4-pro,single_shot_v3,deepseek_extension::deepseek-v4-pro::pyg-2.4.0-roadmap::single_shot_v3,5,1,1,1,1,0,test_failed,,,2026-07-10T08:22:55.306731Z,5af7ad00e8117597ceeae9de
deepseek_extension::deepseek-v4-pro::pyg-2.4.0-roadmap::single_shot_v3::rep6,deepseek_extension,pyg-2.4.0-roadmap,pyg,Python,deepseek-v4-pro,single_shot_v3,deepseek_extension::deepseek-v4-pro::pyg-2.4.0-roadmap::single_shot_v3,6,1,1,1,1,0,test_failed,,,2026-07-10T08:23:31.496028Z,4202116b2f64f988821754f0
deepseek_extension::deepseek-v4-pro::pyg-2.4.0-roadmap::single_shot_v3::rep7,deepseek_extension,pyg-2.4.0-roadmap,pyg,Python,deepseek-v4-pro,single_shot_v3,deepseek_extension::deepseek-v4-pro::pyg-2.4.0-roadmap::single_shot_v3,7,1,1,1,1,0,test_failed,,,2026-07-10T08:24:03.753028Z,85a20ec823fef882beb61fc8
deepseek_extension::deepseek-v4-pro::pyg-2.4.0-roadmap::staged_v4::rep0,deepseek_extension,pyg-2.4.0-roadmap,pyg,Python,deepseek-v4-pro,staged_v4,deepseek_extension::deepseek-v4-pro::pyg-2.4.0-roadmap::staged_v4,0,0,0,0,0,0,stage1_plan_failed,stage_state_too_many_planned_new_files,stage1_plan_failed,2026-07-10T07:36:00.757829Z,749963edae73d8e87ea9322b
deepseek_extension::deepseek-v4-pro::pyg-2.4.0-roadmap::staged_v4::rep1,deepseek_extension,pyg-2.4.0-roadmap,pyg,Python,deepseek-v4-pro,staged_v4,deepseek_extension::deepseek-v4-pro::pyg-2.4.0-roadmap::staged_v4,1,0,0,0,0,0,stage1_plan_failed,stage_state_too_many_planned_new_files,stage1_plan_failed,2026-07-10T07:36:07.980664Z,a9da2b6d453aa932be4b2c11
deepseek_extension::deepseek-v4-pro::pyg-2.4.0-roadmap::staged_v4::rep2,deepseek_extension,pyg-2.4.0-roadmap,pyg,Python,deepseek-v4-pro,staged_v4,deepseek_extension::deepseek-v4-pro::pyg-2.4.0-roadmap::staged_v4,2,0,0,0,0,0,stage1_plan_failed,stage_state_too_many_planned_new_files,stage1_plan_failed,2026-07-10T07:36:14.680647Z,bd581a2476eb82c997f98abc
deepseek_extension::deepseek-v4-pro::pyg-2.4.0-roadmap::staged_v4::rep3,deepseek_extension,pyg-2.4.0-roadmap,pyg,Python,deepseek-v4-pro,staged_v4,deepseek_extension::deepseek-v4-pro::pyg-2.4.0-roadmap::staged_v4,3,0,0,0,0,0,stage1_plan_failed,stage_state_too_many_planned_new_files,stage1_plan_failed,2026-07-10T07:36:18.555310Z,232ca6f2efc8f03b99a4a717
deepseek_extension::deepseek-v4-pro::pyg-2.4.0-roadmap::staged_v4::rep4,deepseek_extension,pyg-2.4.0-roadmap,pyg,Python,deepseek-v4-pro,staged_v4,deepseek_extension::deepseek-v4-pro::pyg-2.4.0-roadmap::staged_v4,4,0,0,0,0,0,stage1_plan_failed,stage_state_too_many_planned_new_files,stage1_plan_failed,2026-07-10T07:36:18.934146Z,0af8b8d209b9c11abf2fb740
deepseek_extension::deepseek-v4-pro::pyg-2.4.0-roadmap::staged_v4::rep5,deepseek_extension,pyg-2.4.0-roadmap,pyg,Python,deepseek-v4-pro,staged_v4,deepseek_extension::deepseek-v4-pro::pyg-2.4.0-roadmap::staged_v4,5,0,0,0,0,0,stage1_plan_failed,stage_state_too_many_planned_new_files,stage1_plan_failed,2026-07-10T07:36:21.733852Z,7b1774b03c952aca0c9874d1
deepseek_extension::deepseek-v4-pro::pyg-2.4.0-roadmap::staged_v4::rep6,deepseek_extension,pyg-2.4.0-roadmap,pyg,Python,deepseek-v4-pro,staged_v4,deepseek_extension::deepseek-v4-pro::pyg-2.4.0-roadmap::staged_v4,6,0,0,0,0,0,stage1_plan_failed,stage_state_too_many_planned_new_files,stage1_plan_failed,2026-07-10T07:36:22.349626Z,d966b0a60c17e2a6231357ae
deepseek_extension::deepseek-v4-pro::pyg-2.4.0-roadmap::staged_v4::rep7,deepseek_extension,pyg-2.4.0-roadmap,pyg,Python,deepseek-v4-pro,staged_v4,deepseek_extension::deepseek-v4-pro::pyg-2.4.0-roadmap::staged_v4,7,0,0,0,0,0,stage1_plan_failed,stage_state_too_many_planned_new_files,stage1_plan_failed,2026-07-10T07:36:25.241475Z,a788384ffdd1dccb58c19916
deepseek_extension::deepseek-v4-pro::pyg-2.7.0-roadmap::single_shot_v3::rep0,deepseek_extension,pyg-2.7.0-roadmap,pyg,Python,deepseek-v4-pro,single_shot_v3,deepseek_extension::deepseek-v4-pro::pyg-2.7.0-roadmap::single_shot_v3,0,0,0,0,0,0,edit_path_disallowed,edit_path_disallowed,edit_path_disallowed,2026-07-10T07:39:00.661377Z,6044b027760f4274b20ef02a
deepseek_extension::deepseek-v4-pro::pyg-2.7.0-roadmap::single_shot_v3::rep1,deepseek_extension,pyg-2.7.0-roadmap,pyg,Python,deepseek-v4-pro,single_shot_v3,deepseek_extension::deepseek-v4-pro::pyg-2.7.0-roadmap::single_shot_v3,1,0,0,0,0,0,edit_path_disallowed,edit_path_disallowed,edit_path_disallowed,2026-07-10T07:38:33.919613Z,f25e5efb16b2a5a1ff52517a
deepseek_extension::deepseek-v4-pro::pyg-2.7.0-roadmap::single_shot_v3::rep2,deepseek_extension,pyg-2.7.0-roadmap,pyg,Python,deepseek-v4-pro,single_shot_v3,deepseek_extension::deepseek-v4-pro::pyg-2.7.0-roadmap::single_shot_v3,2,0,0,0,0,0,edit_path_disallowed,edit_path_disallowed,edit_path_disallowed,2026-07-10T07:38:44.201672Z,b8ba08f10c5568eeff9363cd
deepseek_extension::deepseek-v4-pro::pyg-2.7.0-roadmap::single_shot_v3::rep3,deepseek_extension,pyg-2.7.0-roadmap,pyg,Python,deepseek-v4-pro,single_shot_v3,deepseek_extension::deepseek-v4-pro::pyg-2.7.0-roadmap::single_shot_v3,3,0,0,0,0,0,edit_apply_failed,edit_apply_failed,edit_apply_failed,2026-07-10T07:38:37.320865Z,9139d7bde9c5a248d9037416
deepseek_extension::deepseek-v4-pro::pyg-2.7.0-roadmap::single_shot_v3::rep4,deepseek_extension,pyg-2.7.0-roadmap,pyg,Python,deepseek-v4-pro,single_shot_v3,deepseek_extension::deepseek-v4-pro::pyg-2.7.0-roadmap::single_shot_v3,4,0,0,0,0,0,edit_apply_failed,edit_apply_failed,edit_apply_failed,2026-07-10T07:38:26.406864Z,9edab1209ea214a46ab8eba6
deepseek_extension::deepseek-v4-pro::pyg-2.7.0-roadmap::single_shot_v3::rep5,deepseek_extension,pyg-2.7.0-roadmap,pyg,Python,deepseek-v4-pro,single_shot_v3,deepseek_extension::deepseek-v4-pro::pyg-2.7.0-roadmap::single_shot_v3,5,0,0,0,0,0,edit_path_disallowed,edit_path_disallowed,edit_path_disallowed,2026-07-10T07:38:52.946096Z,f5ea49165496f9db2923fd7b
deepseek_extension::deepseek-v4-pro::pyg-2.7.0-roadmap::single_shot_v3::rep6,deepseek_extension,pyg-2.7.0-roadmap,pyg,Python,deepseek-v4-pro,single_shot_v3,deepseek_extension::deepseek-v4-pro::pyg-2.7.0-roadmap::single_shot_v3,6,0,0,0,0,0,edit_path_disallowed,edit_path_disallowed,edit_path_disallowed,2026-07-10T07:39:03.748267Z,2be579b6b13483070c24ce40
deepseek_extension::deepseek-v4-pro::pyg-2.7.0-roadmap::single_shot_v3::rep7,deepseek_extension,pyg-2.7.0-roadmap,pyg,Python,deepseek-v4-pro,single_shot_v3,deepseek_extension::deepseek-v4-pro::pyg-2.7.0-roadmap::single_shot_v3,7,0,0,0,0,0,edit_path_disallowed,edit_path_disallowed,edit_path_disallowed,2026-07-10T07:39:30.662353Z,b0067603ab08c4f32229bf77
deepseek_extension::deepseek-v4-pro::pyg-2.7.0-roadmap::staged_v4::rep0,deepseek_extension,pyg-2.7.0-roadmap,pyg,Python,deepseek-v4-pro,staged_v4,deepseek_extension::deepseek-v4-pro::pyg-2.7.0-roadmap::staged_v4,0,1,1,1,1,0,test_failed,,,2026-07-10T08:24:35.737152Z,81777157d00711bdba8ecee4
deepseek_extension::deepseek-v4-pro::pyg-2.7.0-roadmap::staged_v4::rep1,deepseek_extension,pyg-2.7.0-roadmap,pyg,Python,deepseek-v4-pro,staged_v4,deepseek_extension::deepseek-v4-pro::pyg-2.7.0-roadmap::staged_v4,1,0,0,0,0,0,edit_apply_failed,edit_apply_failed,edit_apply_failed,2026-07-10T07:40:11.793574Z,1e25af4fb668b1c4d4ee2691
deepseek_extension::deepseek-v4-pro::pyg-2.7.0-roadmap::staged_v4::rep2,deepseek_extension,pyg-2.7.0-roadmap,pyg,Python,deepseek-v4-pro,staged_v4,deepseek_extension::deepseek-v4-pro::pyg-2.7.0-roadmap::staged_v4,2,0,0,0,0,0,stage2_contract_failed,stage2_edit_outside_stage_state,stage2_contract_failed,2026-07-10T07:41:31.261744Z,c7184dcd66b72b050f466a33
deepseek_extension::deepseek-v4-pro::pyg-2.7.0-roadmap::staged_v4::rep3,deepseek_extension,pyg-2.7.0-roadmap,pyg,Python,deepseek-v4-pro,staged_v4,deepseek_extension::deepseek-v4-pro::pyg-2.7.0-roadmap::staged_v4,3,0,0,0,0,0,edit_apply_failed,edit_apply_failed,edit_apply_failed,2026-07-10T07:41:27.747253Z,6d7a81bf3f729d268f1b49b2
deepseek_extension::deepseek-v4-pro::pyg-2.7.0-roadmap::staged_v4::rep4,deepseek_extension,pyg-2.7.0-roadmap,pyg,Python,deepseek-v4-pro,staged_v4,deepseek_extension::deepseek-v4-pro::pyg-2.7.0-roadmap::staged_v4,4,1,1,1,1,0,test_failed,,,2026-07-10T08:25:02.155371Z,68d017b404dc83eb9ff4870c
deepseek_extension::deepseek-v4-pro::pyg-2.7.0-roadmap::staged_v4::rep5,deepseek_extension,pyg-2.7.0-roadmap,pyg,Python,deepseek-v4-pro,staged_v4,deepseek_extension::deepseek-v4-pro::pyg-2.7.0-roadmap::staged_v4,5,0,0,0,0,0,edit_apply_failed,edit_apply_failed,edit_apply_failed,2026-07-10T07:40:57.426241Z,d24511c16ef71303cdc31d50
deepseek_extension::deepseek-v4-pro::pyg-2.7.0-roadmap::staged_v4::rep6,deepseek_extension,pyg-2.7.0-roadmap,pyg,Python,deepseek-v4-pro,staged_v4,deepseek_extension::deepseek-v4-pro::pyg-2.7.0-roadmap::staged_v4,6,1,1,1,1,0,test_failed,,,2026-07-10T08:25:29.130407Z,09472036f4a375a0575918ca
deepseek_extension::deepseek-v4-pro::pyg-2.7.0-roadmap::staged_v4::rep7,deepseek_extension,pyg-2.7.0-roadmap,pyg,Python,deepseek-v4-pro,staged_v4,deepseek_extension::deepseek-v4-pro::pyg-2.7.0-roadmap::staged_v4,7,0,0,0,0,0,edit_apply_failed,edit_apply_failed,edit_apply_failed,2026-07-10T07:41:19.540889Z,a6a847f32b42f58aa65c18b4
deepseek_extension::deepseek-v4-pro::rat-0.27.0-roadmap::single_shot_v3::rep0,deepseek_extension,rat-0.27.0-roadmap,rat,Rust,deepseek-v4-pro,single_shot_v3,deepseek_extension::deepseek-v4-pro::rat-0.27.0-roadmap::single_shot_v3,0,1,1,1,1,0,test_failed,,,2026-07-10T08:25:29.866655Z,f664b24d0a1107f2a5a21670
deepseek_extension::deepseek-v4-pro::rat-0.27.0-roadmap::single_shot_v3::rep1,deepseek_extension,rat-0.27.0-roadmap,rat,Rust,deepseek-v4-pro,single_shot_v3,deepseek_extension::deepseek-v4-pro::rat-0.27.0-roadmap::single_shot_v3,1,0,0,0,0,0,edit_apply_failed,edit_apply_failed,edit_apply_failed,2026-07-10T07:40:38.754946Z,b77b9fbb4785e4290cc6dbca
deepseek_extension::deepseek-v4-pro::rat-0.27.0-roadmap::single_shot_v3::rep2,deepseek_extension,rat-0.27.0-roadmap,rat,Rust,deepseek-v4-pro,single_shot_v3,deepseek_extension::deepseek-v4-pro::rat-0.27.0-roadmap::single_shot_v3,2,1,1,1,1,0,test_failed,,,2026-07-10T08:25:30.532720Z,9c8813bfd1a62dab7724ac9a
deepseek_extension::deepseek-v4-pro::rat-0.27.0-roadmap::single_shot_v3::rep3,deepseek_extension,rat-0.27.0-roadmap,rat,Rust,deepseek-v4-pro,single_shot_v3,deepseek_extension::deepseek-v4-pro::rat-0.27.0-roadmap::single_shot_v3,3,1,1,1,1,0,test_failed,,,2026-07-10T08:25:31.190135Z,5d80736d5f057e496fef69a4
deepseek_extension::deepseek-v4-pro::rat-0.27.0-roadmap::single_shot_v3::rep4,deepseek_extension,rat-0.27.0-roadmap,rat,Rust,deepseek-v4-pro,single_shot_v3,deepseek_extension::deepseek-v4-pro::rat-0.27.0-roadmap::single_shot_v3,4,1,1,1,1,0,test_failed,,,2026-07-10T08:25:31.863064Z,b0ceb8c1fd0f7f312390e383
deepseek_extension::deepseek-v4-pro::rat-0.27.0-roadmap::single_shot_v3::rep5,deepseek_extension,rat-0.27.0-roadmap,rat,Rust,deepseek-v4-pro,single_shot_v3,deepseek_extension::deepseek-v4-pro::rat-0.27.0-roadmap::single_shot_v3,5,1,1,1,1,0,test_failed,,,2026-07-10T08:25:32.574071Z,714bf45fe9dc59a487c25a0f
deepseek_extension::deepseek-v4-pro::rat-0.27.0-roadmap::single_shot_v3::rep6,deepseek_extension,rat-0.27.0-roadmap,rat,Rust,deepseek-v4-pro,single_shot_v3,deepseek_extension::deepseek-v4-pro::rat-0.27.0-roadmap::single_shot_v3,6,1,1,1,1,0,test_failed,,,2026-07-10T08:25:33.232033Z,375d27a93e82e93e2af83b2f
deepseek_extension::deepseek-v4-pro::rat-0.27.0-roadmap::single_shot_v3::rep7,deepseek_extension,rat-0.27.0-roadmap,rat,Rust,deepseek-v4-pro,single_shot_v3,deepseek_extension::deepseek-v4-pro::rat-0.27.0-roadmap::single_shot_v3,7,1,1,1,1,0,test_failed,,,2026-07-10T08:25:33.901955Z,de3daada03af46e48b95896b
deepseek_extension::deepseek-v4-pro::rat-0.27.0-roadmap::staged_v4::rep0,deepseek_extension,rat-0.27.0-roadmap,rat,Rust,deepseek-v4-pro,staged_v4,deepseek_extension::deepseek-v4-pro::rat-0.27.0-roadmap::staged_v4,0,0,0,0,0,0,stage1_plan_failed,stage_state_edit_targets_invalid,stage1_plan_failed,2026-07-10T07:41:06.316217Z,d914cf0f3e7f9027355c83e7
deepseek_extension::deepseek-v4-pro::rat-0.27.0-roadmap::staged_v4::rep1,deepseek_extension,rat-0.27.0-roadmap,rat,Rust,deepseek-v4-pro,staged_v4,deepseek_extension::deepseek-v4-pro::rat-0.27.0-roadmap::staged_v4,1,0,0,0,0,0,stage1_plan_failed,stage_state_edit_targets_invalid,stage1_plan_failed,2026-07-10T07:41:11.045670Z,c68a675b3bb36b2f450f7b52
deepseek_extension::deepseek-v4-pro::rat-0.27.0-roadmap::staged_v4::rep2,deepseek_extension,rat-0.27.0-roadmap,rat,Rust,deepseek-v4-pro,staged_v4,deepseek_extension::deepseek-v4-pro::rat-0.27.0-roadmap::staged_v4,2,0,0,0,0,0,stage1_plan_failed,stage_state_too_many_existing_files,stage1_plan_failed,2026-07-10T07:41:12.396542Z,cf9548ada6e8b4412cbf6121
deepseek_extension::deepseek-v4-pro::rat-0.27.0-roadmap::staged_v4::rep3,deepseek_extension,rat-0.27.0-roadmap,rat,Rust,deepseek-v4-pro,staged_v4,deepseek_extension::deepseek-v4-pro::rat-0.27.0-roadmap::staged_v4,3,0,0,0,0,0,stage1_plan_failed,stage_state_edit_targets_invalid,stage1_plan_failed,2026-07-10T07:41:15.490596Z,e7bf57bd9b602bf63baa8dc7
deepseek_extension::deepseek-v4-pro::rat-0.27.0-roadmap::staged_v4::rep4,deepseek_extension,rat-0.27.0-roadmap,rat,Rust,deepseek-v4-pro,staged_v4,deepseek_extension::deepseek-v4-pro::rat-0.27.0-roadmap::staged_v4,4,0,0,0,0,0,stage1_plan_failed,stage_state_edit_targets_invalid,stage1_plan_failed,2026-07-10T07:41:17.165635Z,fd656b760c6d561975b441c8
deepseek_extension::deepseek-v4-pro::rat-0.27.0-roadmap::staged_v4::rep5,deepseek_extension,rat-0.27.0-roadmap,rat,Rust,deepseek-v4-pro,staged_v4,deepseek_extension::deepseek-v4-pro::rat-0.27.0-roadmap::staged_v4,5,0,0,0,0,0,stage1_plan_failed,stage_state_edit_targets_invalid,stage1_plan_failed,2026-07-10T07:41:20.171959Z,c3a1299c75d23c1a28871798
deepseek_extension::deepseek-v4-pro::rat-0.27.0-roadmap::staged_v4::rep6,deepseek_extension,rat-0.27.0-roadmap,rat,Rust,deepseek-v4-pro,staged_v4,deepseek_extension::deepseek-v4-pro::rat-0.27.0-roadmap::staged_v4,6,0,0,0,0,0,stage1_plan_failed,stage_state_edit_targets_invalid,stage1_plan_failed,2026-07-10T07:41:21.674641Z,c8fc237a51b38e9cbefc56a9
deepseek_extension::deepseek-v4-pro::rat-0.27.0-roadmap::staged_v4::rep7,deepseek_extension,rat-0.27.0-roadmap,rat,Rust,deepseek-v4-pro,staged_v4,deepseek_extension::deepseek-v4-pro::rat-0.27.0-roadmap::staged_v4,7,0,0,0,0,0,stage2_contract_failed,stage2_too_many_edit_ops,stage2_contract_failed,2026-07-10T07:42:28.750098Z,9355aa69bf24ef4588ba04d8
deepseek_extension::deepseek-v4-pro::ruf-0.2.0-roadmap::single_shot_v3::rep0,deepseek_extension,ruf-0.2.0-roadmap,ruf,Rust,deepseek-v4-pro,single_shot_v3,deepseek_extension::deepseek-v4-pro::ruf-0.2.0-roadmap::single_shot_v3,0,0,0,0,0,0,edit_path_disallowed,edit_path_disallowed,edit_path_disallowed,2026-07-10T07:42:40.418133Z,9324b56b490244cc066a193a
deepseek_extension::deepseek-v4-pro::ruf-0.2.0-roadmap::single_shot_v3::rep1,deepseek_extension,ruf-0.2.0-roadmap,ruf,Rust,deepseek-v4-pro,single_shot_v3,deepseek_extension::deepseek-v4-pro::ruf-0.2.0-roadmap::single_shot_v3,1,0,0,0,0,0,edit_path_disallowed,edit_path_disallowed,edit_path_disallowed,2026-07-10T07:43:00.017467Z,cbba463e0aa02a4c091ce38f
deepseek_extension::deepseek-v4-pro::ruf-0.2.0-roadmap::single_shot_v3::rep2,deepseek_extension,ruf-0.2.0-roadmap,ruf,Rust,deepseek-v4-pro,single_shot_v3,deepseek_extension::deepseek-v4-pro::ruf-0.2.0-roadmap::single_shot_v3,2,0,0,0,0,0,edit_path_disallowed,edit_path_disallowed,edit_path_disallowed,2026-07-10T07:42:51.247324Z,f837c2b4cd7c3650fa756608
deepseek_extension::deepseek-v4-pro::ruf-0.2.0-roadmap::single_shot_v3::rep3,deepseek_extension,ruf-0.2.0-roadmap,ruf,Rust,deepseek-v4-pro,single_shot_v3,deepseek_extension::deepseek-v4-pro::ruf-0.2.0-roadmap::single_shot_v3,3,0,0,0,0,0,edit_path_disallowed,edit_path_disallowed,edit_path_disallowed,2026-07-10T07:42:51.869693Z,8643fbe7c575a8a03eb4ecba
deepseek_extension::deepseek-v4-pro::ruf-0.2.0-roadmap::single_shot_v3::rep4,deepseek_extension,ruf-0.2.0-roadmap,ruf,Rust,deepseek-v4-pro,single_shot_v3,deepseek_extension::deepseek-v4-pro::ruf-0.2.0-roadmap::single_shot_v3,4,0,0,0,0,0,edit_path_disallowed,edit_path_disallowed,edit_path_disallowed,2026-07-10T07:42:40.169667Z,39f7fe449cccdcf24d1d845d
deepseek_extension::deepseek-v4-pro::ruf-0.2.0-roadmap::single_shot_v3::rep5,deepseek_extension,ruf-0.2.0-roadmap,ruf,Rust,deepseek-v4-pro,single_shot_v3,deepseek_extension::deepseek-v4-pro::ruf-0.2.0-roadmap::single_shot_v3,5,0,0,0,0,0,edit_path_disallowed,edit_path_disallowed,edit_path_disallowed,2026-07-10T07:42:39.895524Z,54288adeeecb14d8644c8f64
deepseek_extension::deepseek-v4-pro::ruf-0.2.0-roadmap::single_shot_v3::rep6,deepseek_extension,ruf-0.2.0-roadmap,ruf,Rust,deepseek-v4-pro,single_shot_v3,deepseek_extension::deepseek-v4-pro::ruf-0.2.0-roadmap::single_shot_v3,6,0,0,0,0,0,edit_path_disallowed,edit_path_disallowed,edit_path_disallowed,2026-07-10T07:42:43.083375Z,17bbe947e60f85833f2f3ae1
deepseek_extension::deepseek-v4-pro::ruf-0.2.0-roadmap::single_shot_v3::rep7,deepseek_extension,ruf-0.2.0-roadmap,ruf,Rust,deepseek-v4-pro,single_shot_v3,deepseek_extension::deepseek-v4-pro::ruf-0.2.0-roadmap::single_shot_v3,7,0,0,0,0,0,edit_path_disallowed,edit_path_disallowed,edit_path_disallowed,2026-07-10T07:42:55.305020Z,faf0c6fabae0eafef165280a
deepseek_extension::deepseek-v4-pro::ruf-0.2.0-roadmap::staged_v4::rep0,deepseek_extension,ruf-0.2.0-roadmap,ruf,Rust,deepseek-v4-pro,staged_v4,deepseek_extension::deepseek-v4-pro::ruf-0.2.0-roadmap::staged_v4,0,0,0,0,0,0,stage2_contract_failed,stage2_too_many_edit_ops,stage2_contract_failed,2026-07-10T07:44:32.106188Z,034f9ad086d38f00109bf864
deepseek_extension::deepseek-v4-pro::ruf-0.2.0-roadmap::staged_v4::rep1,deepseek_extension,ruf-0.2.0-roadmap,ruf,Rust,deepseek-v4-pro,staged_v4,deepseek_extension::deepseek-v4-pro::ruf-0.2.0-roadmap::staged_v4,1,0,0,0,0,0,stage2_contract_failed,stage2_too_many_edit_ops,stage2_contract_failed,2026-07-10T07:44:48.167933Z,56e4342c59da16b0b896e5b5
deepseek_extension::deepseek-v4-pro::ruf-0.2.0-roadmap::staged_v4::rep2,deepseek_extension,ruf-0.2.0-roadmap,ruf,Rust,deepseek-v4-pro,staged_v4,deepseek_extension::deepseek-v4-pro::ruf-0.2.0-roadmap::staged_v4,2,0,0,0,0,0,stage2_contract_failed,stage2_too_many_edit_ops,stage2_contract_failed,2026-07-10T07:44:59.596611Z,928c3417a83268f279df04f4
deepseek_extension::deepseek-v4-pro::ruf-0.2.0-roadmap::staged_v4::rep3,deepseek_extension,ruf-0.2.0-roadmap,ruf,Rust,deepseek-v4-pro,staged_v4,deepseek_extension::deepseek-v4-pro::ruf-0.2.0-roadmap::staged_v4,3,0,0,0,0,0,stage2_contract_failed,stage2_too_many_edit_ops,stage2_contract_failed,2026-07-10T07:44:12.996042Z,83622845c850dba14b112400
deepseek_extension::deepseek-v4-pro::ruf-0.2.0-roadmap::staged_v4::rep4,deepseek_extension,ruf-0.2.0-roadmap,ruf,Rust,deepseek-v4-pro,staged_v4,deepseek_extension::deepseek-v4-pro::ruf-0.2.0-roadmap::staged_v4,4,0,0,0,0,0,stage2_contract_failed,stage2_too_many_edit_ops,stage2_contract_failed,2026-07-10T07:44:08.708355Z,116827357b2e3ac278236cf8
deepseek_extension::deepseek-v4-pro::ruf-0.2.0-roadmap::staged_v4::rep5,deepseek_extension,ruf-0.2.0-roadmap,ruf,Rust,deepseek-v4-pro,staged_v4,deepseek_extension::deepseek-v4-pro::ruf-0.2.0-roadmap::staged_v4,5,0,0,0,0,0,stage2_contract_failed,stage2_too_many_edit_ops,stage2_contract_failed,2026-07-10T07:44:56.153052Z,532f7b3d96373970117a7c62
deepseek_extension::deepseek-v4-pro::ruf-0.2.0-roadmap::staged_v4::rep6,deepseek_extension,ruf-0.2.0-roadmap,ruf,Rust,deepseek-v4-pro,staged_v4,deepseek_extension::deepseek-v4-pro::ruf-0.2.0-roadmap::staged_v4,6,0,0,0,0,0,stage2_contract_failed,stage2_too_many_edit_ops,stage2_contract_failed,2026-07-10T07:45:07.197112Z,609e00b3e42f754b339c22d2
deepseek_extension::deepseek-v4-pro::ruf-0.2.0-roadmap::staged_v4::rep7,deepseek_extension,ruf-0.2.0-roadmap,ruf,Rust,deepseek-v4-pro,staged_v4,deepseek_extension::deepseek-v4-pro::ruf-0.2.0-roadmap::staged_v4,7,0,0,0,0,0,stage2_contract_failed,stage2_too_many_edit_ops,stage2_contract_failed,2026-07-10T07:44:48.443953Z,e5f6622962b1bb0127b89bac
deepseek_extension::deepseek-v4-pro::ruf-0.3.0-roadmap::single_shot_v3::rep0,deepseek_extension,ruf-0.3.0-roadmap,ruf,Rust,deepseek-v4-pro,single_shot_v3,deepseek_extension::deepseek-v4-pro::ruf-0.3.0-roadmap::single_shot_v3,0,0,0,0,0,0,edit_apply_failed,edit_apply_failed,edit_apply_failed,2026-07-10T07:44:40.853326Z,b3187be3df5625107c192326
deepseek_extension::deepseek-v4-pro::ruf-0.3.0-roadmap::single_shot_v3::rep1,deepseek_extension,ruf-0.3.0-roadmap,ruf,Rust,deepseek-v4-pro,single_shot_v3,deepseek_extension::deepseek-v4-pro::ruf-0.3.0-roadmap::single_shot_v3,1,0,0,0,0,0,edit_apply_failed,edit_apply_failed,edit_apply_failed,2026-07-10T07:43:38.365665Z,4f2ff2ffd5505e61e4fdbd25
deepseek_extension::deepseek-v4-pro::ruf-0.3.0-roadmap::single_shot_v3::rep2,deepseek_extension,ruf-0.3.0-roadmap,ruf,Rust,deepseek-v4-pro,single_shot_v3,deepseek_extension::deepseek-v4-pro::ruf-0.3.0-roadmap::single_shot_v3,2,0,0,0,0,0,edit_apply_failed,edit_apply_failed,edit_apply_failed,2026-07-10T07:44:57.687380Z,c393a3a10d3f0ffdb8b3145d
deepseek_extension::deepseek-v4-pro::ruf-0.3.0-roadmap::single_shot_v3::rep3,deepseek_extension,ruf-0.3.0-roadmap,ruf,Rust,deepseek-v4-pro,single_shot_v3,deepseek_extension::deepseek-v4-pro::ruf-0.3.0-roadmap::single_shot_v3,3,0,0,0,0,0,finish_reason_length,edit_json_invalid,finish_reason_length,2026-07-10T07:48:59.100646Z,0c83ad65d1ceb737b9a83d38
deepseek_extension::deepseek-v4-pro::ruf-0.3.0-roadmap::single_shot_v3::rep4,deepseek_extension,ruf-0.3.0-roadmap,ruf,Rust,deepseek-v4-pro,single_shot_v3,deepseek_extension::deepseek-v4-pro::ruf-0.3.0-roadmap::single_shot_v3,4,0,0,0,0,0,edit_apply_failed,edit_apply_failed,edit_apply_failed,2026-07-10T07:45:19.027173Z,aea0322c9d3550f5a24cd6a7
deepseek_extension::deepseek-v4-pro::ruf-0.3.0-roadmap::single_shot_v3::rep5,deepseek_extension,ruf-0.3.0-roadmap,ruf,Rust,deepseek-v4-pro,single_shot_v3,deepseek_extension::deepseek-v4-pro::ruf-0.3.0-roadmap::single_shot_v3,5,0,0,0,0,0,edit_apply_failed,edit_apply_failed,edit_apply_failed,2026-07-10T07:45:12.843553Z,2a68a1280106242d42c79ecd
deepseek_extension::deepseek-v4-pro::ruf-0.3.0-roadmap::single_shot_v3::rep6,deepseek_extension,ruf-0.3.0-roadmap,ruf,Rust,deepseek-v4-pro,single_shot_v3,deepseek_extension::deepseek-v4-pro::ruf-0.3.0-roadmap::single_shot_v3,6,0,0,0,0,0,edit_apply_failed,edit_apply_failed,edit_apply_failed,2026-07-10T07:45:49.588471Z,3b40469957fe56b7666c1165
deepseek_extension::deepseek-v4-pro::ruf-0.3.0-roadmap::single_shot_v3::rep7,deepseek_extension,ruf-0.3.0-roadmap,ruf,Rust,deepseek-v4-pro,single_shot_v3,deepseek_extension::deepseek-v4-pro::ruf-0.3.0-roadmap::single_shot_v3,7,0,0,0,0,0,edit_apply_failed,edit_apply_failed,edit_apply_failed,2026-07-10T07:45:28.378205Z,c52f4a4933f64776975f53b3
deepseek_extension::deepseek-v4-pro::ruf-0.3.0-roadmap::staged_v4::rep0,deepseek_extension,ruf-0.3.0-roadmap,ruf,Rust,deepseek-v4-pro,staged_v4,deepseek_extension::deepseek-v4-pro::ruf-0.3.0-roadmap::staged_v4,0,0,0,0,0,0,edit_path_disallowed,edit_path_disallowed,edit_path_disallowed,2026-07-10T07:47:08.670971Z,8a5fe55bb3d27a3f81bda5a9
deepseek_extension::deepseek-v4-pro::ruf-0.3.0-roadmap::staged_v4::rep1,deepseek_extension,ruf-0.3.0-roadmap,ruf,Rust,deepseek-v4-pro,staged_v4,deepseek_extension::deepseek-v4-pro::ruf-0.3.0-roadmap::staged_v4,1,0,0,0,0,0,stage2_contract_failed,stage2_too_many_edit_ops,stage2_contract_failed,2026-07-10T07:47:48.876051Z,6f0b24da2124611d92fdad30
deepseek_extension::deepseek-v4-pro::ruf-0.3.0-roadmap::staged_v4::rep2,deepseek_extension,ruf-0.3.0-roadmap,ruf,Rust,deepseek-v4-pro,staged_v4,deepseek_extension::deepseek-v4-pro::ruf-0.3.0-roadmap::staged_v4,2,1,1,1,1,0,test_failed,,,2026-07-10T08:25:41.869151Z,8520adec34745595a9785fb8
deepseek_extension::deepseek-v4-pro::ruf-0.3.0-roadmap::staged_v4::rep3,deepseek_extension,ruf-0.3.0-roadmap,ruf,Rust,deepseek-v4-pro,staged_v4,deepseek_extension::deepseek-v4-pro::ruf-0.3.0-roadmap::staged_v4,3,1,1,1,1,0,test_failed,,,2026-07-10T08:25:49.663698Z,7974c5745bd4e321bbb70aba
deepseek_extension::deepseek-v4-pro::ruf-0.3.0-roadmap::staged_v4::rep4,deepseek_extension,ruf-0.3.0-roadmap,ruf,Rust,deepseek-v4-pro,staged_v4,deepseek_extension::deepseek-v4-pro::ruf-0.3.0-roadmap::staged_v4,4,0,0,0,0,0,stage2_contract_failed,stage2_too_many_edit_ops,stage2_contract_failed,2026-07-10T07:48:01.059484Z,a726469153d5227257b7003d
deepseek_extension::deepseek-v4-pro::ruf-0.3.0-roadmap::staged_v4::rep5,deepseek_extension,ruf-0.3.0-roadmap,ruf,Rust,deepseek-v4-pro,staged_v4,deepseek_extension::deepseek-v4-pro::ruf-0.3.0-roadmap::staged_v4,5,0,0,0,0,0,stage2_contract_failed,stage2_edit_outside_stage_state,stage2_contract_failed,2026-07-10T07:47:06.501169Z,93537fcea95c9ac983b434c2
deepseek_extension::deepseek-v4-pro::ruf-0.3.0-roadmap::staged_v4::rep6,deepseek_extension,ruf-0.3.0-roadmap,ruf,Rust,deepseek-v4-pro,staged_v4,deepseek_extension::deepseek-v4-pro::ruf-0.3.0-roadmap::staged_v4,6,0,0,0,0,0,edit_path_disallowed,edit_path_disallowed,edit_path_disallowed,2026-07-10T07:46:49.935798Z,6e6697e0d595662f9b956df9
deepseek_extension::deepseek-v4-pro::ruf-0.3.0-roadmap::staged_v4::rep7,deepseek_extension,ruf-0.3.0-roadmap,ruf,Rust,deepseek-v4-pro,staged_v4,deepseek_extension::deepseek-v4-pro::ruf-0.3.0-roadmap::staged_v4,7,0,0,0,0,0,stage2_contract_failed,stage2_too_many_edit_ops,stage2_contract_failed,2026-07-10T07:47:19.697403Z,f34a8acdb86917c0b87042aa
deepseek_extension::deepseek-v4-pro::slt-1.14.0-roadmap::single_shot_v3::rep0,deepseek_extension,slt-1.14.0-roadmap,slt,Rust,deepseek-v4-pro,single_shot_v3,deepseek_extension::deepseek-v4-pro::slt-1.14.0-roadmap::single_shot_v3,0,0,0,0,0,0,edit_anchor_not_found,edit_anchor_not_found,edit_anchor_not_found,2026-07-10T07:46:50.217568Z,cc69ba1acfa9031e4da1b285
deepseek_extension::deepseek-v4-pro::slt-1.14.0-roadmap::single_shot_v3::rep1,deepseek_extension,slt-1.14.0-roadmap,slt,Rust,deepseek-v4-pro,single_shot_v3,deepseek_extension::deepseek-v4-pro::slt-1.14.0-roadmap::single_shot_v3,1,0,0,0,0,0,edit_anchor_not_found,edit_anchor_not_found,edit_anchor_not_found,2026-07-10T07:47:35.556265Z,b564beaac63c67cc3f4f0dcd
deepseek_extension::deepseek-v4-pro::slt-1.14.0-roadmap::single_shot_v3::rep2,deepseek_extension,slt-1.14.0-roadmap,slt,Rust,deepseek-v4-pro,single_shot_v3,deepseek_extension::deepseek-v4-pro::slt-1.14.0-roadmap::single_shot_v3,2,0,0,0,0,0,edit_anchor_not_found,edit_anchor_not_found,edit_anchor_not_found,2026-07-10T07:47:46.337197Z,14ae142ac23d7e78bc2d1c7b
deepseek_extension::deepseek-v4-pro::slt-1.14.0-roadmap::single_shot_v3::rep3,deepseek_extension,slt-1.14.0-roadmap,slt,Rust,deepseek-v4-pro,single_shot_v3,deepseek_extension::deepseek-v4-pro::slt-1.14.0-roadmap::single_shot_v3,3,0,0,0,0,0,edit_anchor_not_found,edit_anchor_not_found,edit_anchor_not_found,2026-07-10T07:47:36.769183Z,97b7f8fdea4a103ae1a97a33
deepseek_extension::deepseek-v4-pro::slt-1.14.0-roadmap::single_shot_v3::rep4,deepseek_extension,slt-1.14.0-roadmap,slt,Rust,deepseek-v4-pro,single_shot_v3,deepseek_extension::deepseek-v4-pro::slt-1.14.0-roadmap::single_shot_v3,4,0,0,0,0,0,edit_anchor_not_found,edit_anchor_not_found,edit_anchor_not_found,2026-07-10T07:47:44.578665Z,8e83c9fec118fdedbbda97c4
deepseek_extension::deepseek-v4-pro::slt-1.14.0-roadmap::single_shot_v3::rep5,deepseek_extension,slt-1.14.0-roadmap,slt,Rust,deepseek-v4-pro,single_shot_v3,deepseek_extension::deepseek-v4-pro::slt-1.14.0-roadmap::single_shot_v3,5,0,0,0,0,0,edit_anchor_not_found,edit_anchor_not_found,edit_anchor_not_found,2026-07-10T07:47:58.005125Z,ef4c4263295c89b8df268346
deepseek_extension::deepseek-v4-pro::slt-1.14.0-roadmap::single_shot_v3::rep6,deepseek_extension,slt-1.14.0-roadmap,slt,Rust,deepseek-v4-pro,single_shot_v3,deepseek_extension::deepseek-v4-pro::slt-1.14.0-roadmap::single_shot_v3,6,0,0,0,0,0,edit_anchor_not_found,edit_anchor_not_found,edit_anchor_not_found,2026-07-10T07:48:18.234253Z,0ab28d1f0f83677dc36abdf1
deepseek_extension::deepseek-v4-pro::slt-1.14.0-roadmap::single_shot_v3::rep7,deepseek_extension,slt-1.14.0-roadmap,slt,Rust,deepseek-v4-pro,single_shot_v3,deepseek_extension::deepseek-v4-pro::slt-1.14.0-roadmap::single_shot_v3,7,0,0,0,0,0,edit_anchor_not_found,edit_anchor_not_found,edit_anchor_not_found,2026-07-10T07:48:12.008991Z,d48f59000e45f3a2a8ac902a
deepseek_extension::deepseek-v4-pro::slt-1.14.0-roadmap::staged_v4::rep0,deepseek_extension,slt-1.14.0-roadmap,slt,Rust,deepseek-v4-pro,staged_v4,deepseek_extension::deepseek-v4-pro::slt-1.14.0-roadmap::staged_v4,0,0,0,0,0,0,stage2_contract_failed,stage2_too_many_edit_ops,stage2_contract_failed,2026-07-10T07:48:39.412251Z,961db7be4dcc3c9c07e1225c
deepseek_extension::deepseek-v4-pro::slt-1.14.0-roadmap::staged_v4::rep1,deepseek_extension,slt-1.14.0-roadmap,slt,Rust,deepseek-v4-pro,staged_v4,deepseek_extension::deepseek-v4-pro::slt-1.14.0-roadmap::staged_v4,1,0,0,0,0,0,stage2_contract_failed,stage2_too_many_edit_ops,stage2_contract_failed,2026-07-10T07:48:46.619518Z,7aca7937994698d38150b546
deepseek_extension::deepseek-v4-pro::slt-1.14.0-roadmap::staged_v4::rep2,deepseek_extension,slt-1.14.0-roadmap,slt,Rust,deepseek-v4-pro,staged_v4,deepseek_extension::deepseek-v4-pro::slt-1.14.0-roadmap::staged_v4,2,0,0,0,0,0,stage2_contract_failed,stage2_too_many_edit_ops,stage2_contract_failed,2026-07-10T07:48:48.649025Z,14ef78c27cd91de882d992bd
deepseek_extension::deepseek-v4-pro::slt-1.14.0-roadmap::staged_v4::rep3,deepseek_extension,slt-1.14.0-roadmap,slt,Rust,deepseek-v4-pro,staged_v4,deepseek_extension::deepseek-v4-pro::slt-1.14.0-roadmap::staged_v4,3,0,0,0,0,0,stage2_contract_failed,stage2_too_many_edit_ops,stage2_contract_failed,2026-07-10T07:48:51.810390Z,7e90636a9f7ed0a7547820e9
deepseek_extension::deepseek-v4-pro::slt-1.14.0-roadmap::staged_v4::rep4,deepseek_extension,slt-1.14.0-roadmap,slt,Rust,deepseek-v4-pro,staged_v4,deepseek_extension::deepseek-v4-pro::slt-1.14.0-roadmap::staged_v4,4,0,0,0,0,0,stage2_contract_failed,stage2_too_many_edit_ops,stage2_contract_failed,2026-07-10T07:48:48.360739Z,3cbc2bf1fafedc53c9db4e78
deepseek_extension::deepseek-v4-pro::slt-1.14.0-roadmap::staged_v4::rep5,deepseek_extension,slt-1.14.0-roadmap,slt,Rust,deepseek-v4-pro,staged_v4,deepseek_extension::deepseek-v4-pro::slt-1.14.0-roadmap::staged_v4,5,1,1,1,1,0,test_failed,,,2026-07-10T08:25:50.408304Z,f3ff175384ec4690f2796141
deepseek_extension::deepseek-v4-pro::slt-1.14.0-roadmap::staged_v4::rep6,deepseek_extension,slt-1.14.0-roadmap,slt,Rust,deepseek-v4-pro,staged_v4,deepseek_extension::deepseek-v4-pro::slt-1.14.0-roadmap::staged_v4,6,0,0,0,0,0,stage2_contract_failed,stage2_too_many_edit_ops,stage2_contract_failed,2026-07-10T07:48:56.851524Z,b7551ca5c3fe80c722127a87
deepseek_extension::deepseek-v4-pro::slt-1.14.0-roadmap::staged_v4::rep7,deepseek_extension,slt-1.14.0-roadmap,slt,Rust,deepseek-v4-pro,staged_v4,deepseek_extension::deepseek-v4-pro::slt-1.14.0-roadmap::staged_v4,7,0,0,0,0,0,stage2_contract_failed,stage2_too_many_edit_ops,stage2_contract_failed,2026-07-10T07:49:06.430912Z,af31d42b51227bc7c6f44bd8
deepseek_extension::deepseek-v4-pro::spc-3.4.0-roadmap::single_shot_v3::rep0,deepseek_extension,spc-3.4.0-roadmap,spc,Python,deepseek-v4-pro,single_shot_v3,deepseek_extension::deepseek-v4-pro::spc-3.4.0-roadmap::single_shot_v3,0,1,1,1,1,0,test_failed,,,2026-07-10T08:27:07.335166Z,6c99b153928bf44ee65efa64
deepseek_extension::deepseek-v4-pro::spc-3.4.0-roadmap::single_shot_v3::rep1,deepseek_extension,spc-3.4.0-roadmap,spc,Python,deepseek-v4-pro,single_shot_v3,deepseek_extension::deepseek-v4-pro::spc-3.4.0-roadmap::single_shot_v3,1,0,0,0,0,0,edit_apply_failed,edit_apply_failed,edit_apply_failed,2026-07-10T07:49:34.089701Z,65c3c72230b96ef01dcbb6ae
deepseek_extension::deepseek-v4-pro::spc-3.4.0-roadmap::single_shot_v3::rep2,deepseek_extension,spc-3.4.0-roadmap,spc,Python,deepseek-v4-pro,single_shot_v3,deepseek_extension::deepseek-v4-pro::spc-3.4.0-roadmap::single_shot_v3,2,1,1,1,1,0,test_failed,,,2026-07-10T08:28:22.473476Z,5ffc89f2ffc6b589804f69e5
deepseek_extension::deepseek-v4-pro::spc-3.4.0-roadmap::single_shot_v3::rep3,deepseek_extension,spc-3.4.0-roadmap,spc,Python,deepseek-v4-pro,single_shot_v3,deepseek_extension::deepseek-v4-pro::spc-3.4.0-roadmap::single_shot_v3,3,1,1,1,1,0,test_failed,,,2026-07-10T08:29:36.510219Z,310716f4e6daa643d16aa4a8
deepseek_extension::deepseek-v4-pro::spc-3.4.0-roadmap::single_shot_v3::rep4,deepseek_extension,spc-3.4.0-roadmap,spc,Python,deepseek-v4-pro,single_shot_v3,deepseek_extension::deepseek-v4-pro::spc-3.4.0-roadmap::single_shot_v3,4,1,1,1,1,0,test_failed,,,2026-07-10T08:30:54.737830Z,5e221ad15939b7891d5a2f26
deepseek_extension::deepseek-v4-pro::spc-3.4.0-roadmap::single_shot_v3::rep5,deepseek_extension,spc-3.4.0-roadmap,spc,Python,deepseek-v4-pro,single_shot_v3,deepseek_extension::deepseek-v4-pro::spc-3.4.0-roadmap::single_shot_v3,5,1,1,1,1,0,test_failed,,,2026-07-10T08:32:09.479931Z,8371575e20cbb224ad261729
deepseek_extension::deepseek-v4-pro::spc-3.4.0-roadmap::single_shot_v3::rep6,deepseek_extension,spc-3.4.0-roadmap,spc,Python,deepseek-v4-pro,single_shot_v3,deepseek_extension::deepseek-v4-pro::spc-3.4.0-roadmap::single_shot_v3,6,1,1,1,1,0,test_failed,,,2026-07-10T08:33:30.109742Z,90df335e09121fff7acd7791
deepseek_extension::deepseek-v4-pro::spc-3.4.0-roadmap::single_shot_v3::rep7,deepseek_extension,spc-3.4.0-roadmap,spc,Python,deepseek-v4-pro,single_shot_v3,deepseek_extension::deepseek-v4-pro::spc-3.4.0-roadmap::single_shot_v3,7,0,0,0,0,0,edit_apply_failed,edit_apply_failed,edit_apply_failed,2026-07-10T07:49:44.185537Z,005f974082fe8e7be62f5105
deepseek_extension::deepseek-v4-pro::spc-3.4.0-roadmap::staged_v4::rep0,deepseek_extension,spc-3.4.0-roadmap,spc,Python,deepseek-v4-pro,staged_v4,deepseek_extension::deepseek-v4-pro::spc-3.4.0-roadmap::staged_v4,0,0,0,0,0,0,stage1_plan_failed,stage_state_existing_files_invalid,stage1_plan_failed,2026-07-10T07:49:04.670972Z,1545675c33131e7f349b2934
deepseek_extension::deepseek-v4-pro::spc-3.4.0-roadmap::staged_v4::rep1,deepseek_extension,spc-3.4.0-roadmap,spc,Python,deepseek-v4-pro,staged_v4,deepseek_extension::deepseek-v4-pro::spc-3.4.0-roadmap::staged_v4,1,0,0,0,0,0,stage1_plan_failed,stage_state_existing_files_invalid,stage1_plan_failed,2026-07-10T07:49:05.494055Z,a862a479087c7cf832e22c66
deepseek_extension::deepseek-v4-pro::spc-3.4.0-roadmap::staged_v4::rep2,deepseek_extension,spc-3.4.0-roadmap,spc,Python,deepseek-v4-pro,staged_v4,deepseek_extension::deepseek-v4-pro::spc-3.4.0-roadmap::staged_v4,2,0,0,0,0,0,stage1_plan_failed,stage_state_existing_files_invalid,stage1_plan_failed,2026-07-10T07:49:12.396530Z,8d88e11ce49d6f1be729ad29
deepseek_extension::deepseek-v4-pro::spc-3.4.0-roadmap::staged_v4::rep3,deepseek_extension,spc-3.4.0-roadmap,spc,Python,deepseek-v4-pro,staged_v4,deepseek_extension::deepseek-v4-pro::spc-3.4.0-roadmap::staged_v4,3,0,0,0,0,0,stage1_plan_failed,stage_state_existing_files_invalid,stage1_plan_failed,2026-07-10T07:49:12.449038Z,a1c599888e69f7c8398b4155
deepseek_extension::deepseek-v4-pro::spc-3.4.0-roadmap::staged_v4::rep4,deepseek_extension,spc-3.4.0-roadmap,spc,Python,deepseek-v4-pro,staged_v4,deepseek_extension::deepseek-v4-pro::spc-3.4.0-roadmap::staged_v4,4,0,0,0,0,0,stage1_plan_failed,stage_state_existing_files_invalid,stage1_plan_failed,2026-07-10T07:49:13.018481Z,4ea6b3dd696cf0029199c3e7
deepseek_extension::deepseek-v4-pro::spc-3.4.0-roadmap::staged_v4::rep5,deepseek_extension,spc-3.4.0-roadmap,spc,Python,deepseek-v4-pro,staged_v4,deepseek_extension::deepseek-v4-pro::spc-3.4.0-roadmap::staged_v4,5,0,0,0,0,0,stage1_plan_failed,stage_state_existing_files_invalid,stage1_plan_failed,2026-07-10T07:49:17.118333Z,c245a26abc8c6b9f200d0de3
deepseek_extension::deepseek-v4-pro::spc-3.4.0-roadmap::staged_v4::rep6,deepseek_extension,spc-3.4.0-roadmap,spc,Python,deepseek-v4-pro,staged_v4,deepseek_extension::deepseek-v4-pro::spc-3.4.0-roadmap::staged_v4,6,0,0,0,0,0,stage1_plan_failed,stage_state_existing_files_invalid,stage1_plan_failed,2026-07-10T07:49:20.184407Z,854f5ee676a9e1b4ef181012
deepseek_extension::deepseek-v4-pro::spc-3.4.0-roadmap::staged_v4::rep7,deepseek_extension,spc-3.4.0-roadmap,spc,Python,deepseek-v4-pro,staged_v4,deepseek_extension::deepseek-v4-pro::spc-3.4.0-roadmap::staged_v4,7,0,0,0,0,0,stage1_plan_failed,stage_state_existing_files_invalid,stage1_plan_failed,2026-07-10T07:49:19.921362Z,bbd4a45567826531cadd7a7e
glm_supplementary::glm-5.2::dsl-2.1.0-roadmap::single_shot_v3::rep0,glm_supplementary,dsl-2.1.0-roadmap,dsl,Rust,glm-5.2,single_shot_v3,glm_supplementary::glm-5.2::dsl-2.1.0-roadmap::single_shot_v3,0,1,1,1,1,0,test_failed,,,2026-07-09T10:13:11.816552Z,951457afa27cb80689707aa0
glm_supplementary::glm-5.2::dsl-2.1.0-roadmap::single_shot_v3::rep1,glm_supplementary,dsl-2.1.0-roadmap,dsl,Rust,glm-5.2,single_shot_v3,glm_supplementary::glm-5.2::dsl-2.1.0-roadmap::single_shot_v3,1,1,1,1,1,0,test_failed,,,2026-07-09T10:14:04.495593Z,072ffc12ffb882523bea3da9
glm_supplementary::glm-5.2::dsl-2.1.0-roadmap::single_shot_v3::rep2,glm_supplementary,dsl-2.1.0-roadmap,dsl,Rust,glm-5.2,single_shot_v3,glm_supplementary::glm-5.2::dsl-2.1.0-roadmap::single_shot_v3,2,1,1,1,1,0,test_failed,,,2026-07-09T10:14:27.011069Z,5782a9589a5b10afd7c2382c
glm_supplementary::glm-5.2::dsl-2.1.0-roadmap::single_shot_v3::rep3,glm_supplementary,dsl-2.1.0-roadmap,dsl,Rust,glm-5.2,single_shot_v3,glm_supplementary::glm-5.2::dsl-2.1.0-roadmap::single_shot_v3,3,1,1,1,1,0,test_failed,,,2026-07-09T10:14:49.783234Z,757f6ac11c615a6d878acd79
glm_supplementary::glm-5.2::dsl-2.1.0-roadmap::single_shot_v3::rep4,glm_supplementary,dsl-2.1.0-roadmap,dsl,Rust,glm-5.2,single_shot_v3,glm_supplementary::glm-5.2::dsl-2.1.0-roadmap::single_shot_v3,4,0,0,0,0,0,edit_apply_failed,edit_apply_failed,edit_apply_failed,2026-07-08T14:34:42.649549Z,11fa9043cf379dfd476b59ae
glm_supplementary::glm-5.2::dsl-2.1.0-roadmap::single_shot_v3::rep5,glm_supplementary,dsl-2.1.0-roadmap,dsl,Rust,glm-5.2,single_shot_v3,glm_supplementary::glm-5.2::dsl-2.1.0-roadmap::single_shot_v3,5,1,1,1,1,0,test_failed,,,2026-07-09T10:15:13.775332Z,b72d757d87db31a08cd2b52b
glm_supplementary::glm-5.2::dsl-2.1.0-roadmap::single_shot_v3::rep6,glm_supplementary,dsl-2.1.0-roadmap,dsl,Rust,glm-5.2,single_shot_v3,glm_supplementary::glm-5.2::dsl-2.1.0-roadmap::single_shot_v3,6,1,1,1,1,0,test_failed,,,2026-07-09T10:16:03.024392Z,dc32c6cb5b6444d0815d1f45
glm_supplementary::glm-5.2::dsl-2.1.0-roadmap::single_shot_v3::rep7,glm_supplementary,dsl-2.1.0-roadmap,dsl,Rust,glm-5.2,single_shot_v3,glm_supplementary::glm-5.2::dsl-2.1.0-roadmap::single_shot_v3,7,0,0,0,0,0,edit_apply_failed,edit_apply_failed,edit_apply_failed,2026-07-08T14:34:34.636520Z,b3901c2f8335e154fe2ad6c6
glm_supplementary::glm-5.2::dsl-2.1.0-roadmap::staged_v4::rep0,glm_supplementary,dsl-2.1.0-roadmap,dsl,Rust,glm-5.2,staged_v4,glm_supplementary::glm-5.2::dsl-2.1.0-roadmap::staged_v4,0,0,0,0,0,0,stage2_contract_failed,stage2_edit_outside_stage_state,stage2_contract_failed,2026-07-08T14:34:27.950363Z,5134db2ef7f62661f10fedb6
glm_supplementary::glm-5.2::dsl-2.1.0-roadmap::staged_v4::rep1,glm_supplementary,dsl-2.1.0-roadmap,dsl,Rust,glm-5.2,staged_v4,glm_supplementary::glm-5.2::dsl-2.1.0-roadmap::staged_v4,1,1,1,1,1,0,test_failed,,,2026-07-09T10:16:32.802272Z,af5d59a554573721a836096b
glm_supplementary::glm-5.2::dsl-2.1.0-roadmap::staged_v4::rep2,glm_supplementary,dsl-2.1.0-roadmap,dsl,Rust,glm-5.2,staged_v4,glm_supplementary::glm-5.2::dsl-2.1.0-roadmap::staged_v4,2,0,0,0,0,0,stage2_contract_failed,candidate_edit_ops_invalid,stage2_contract_failed,2026-07-08T14:36:29.691839Z,59853ed8221ca51d2b9d1e52
glm_supplementary::glm-5.2::dsl-2.1.0-roadmap::staged_v4::rep3,glm_supplementary,dsl-2.1.0-roadmap,dsl,Rust,glm-5.2,staged_v4,glm_supplementary::glm-5.2::dsl-2.1.0-roadmap::staged_v4,3,1,1,1,1,0,test_failed,,,2026-07-09T10:16:54.478582Z,b2585841e9e90b004fe343d1
glm_supplementary::glm-5.2::dsl-2.1.0-roadmap::staged_v4::rep4,glm_supplementary,dsl-2.1.0-roadmap,dsl,Rust,glm-5.2,staged_v4,glm_supplementary::glm-5.2::dsl-2.1.0-roadmap::staged_v4,4,1,1,1,1,0,test_failed,,,2026-07-09T10:17:47.830330Z,f51997e74630b63acd20e550
glm_supplementary::glm-5.2::dsl-2.1.0-roadmap::staged_v4::rep5,glm_supplementary,dsl-2.1.0-roadmap,dsl,Rust,glm-5.2,staged_v4,glm_supplementary::glm-5.2::dsl-2.1.0-roadmap::staged_v4,5,0,0,0,0,0,stage2_contract_failed,stage2_edit_outside_stage_state,stage2_contract_failed,2026-07-08T14:35:50.355281Z,08a4af9f41371f11a26927ad
glm_supplementary::glm-5.2::dsl-2.1.0-roadmap::staged_v4::rep6,glm_supplementary,dsl-2.1.0-roadmap,dsl,Rust,glm-5.2,staged_v4,glm_supplementary::glm-5.2::dsl-2.1.0-roadmap::staged_v4,6,1,1,1,1,0,test_failed,,,2026-07-09T10:18:36.616175Z,d7997ecadb4c0082ed772a94
glm_supplementary::glm-5.2::dsl-2.1.0-roadmap::staged_v4::rep7,glm_supplementary,dsl-2.1.0-roadmap,dsl,Rust,glm-5.2,staged_v4,glm_supplementary::glm-5.2::dsl-2.1.0-roadmap::staged_v4,7,1,1,1,1,0,test_failed,,,2026-07-09T10:19:50.692993Z,e79f32239726a9c89a29a1d4
glm_supplementary::glm-5.2::dsl-2.2.0-roadmap::single_shot_v3::rep0,glm_supplementary,dsl-2.2.0-roadmap,dsl,Rust,glm-5.2,single_shot_v3,glm_supplementary::glm-5.2::dsl-2.2.0-roadmap::single_shot_v3,0,0,0,0,0,0,edit_apply_failed,edit_apply_failed,edit_apply_failed,2026-07-08T14:37:57.378728Z,061ffeb596f8bbd9f99b259f
glm_supplementary::glm-5.2::dsl-2.2.0-roadmap::single_shot_v3::rep1,glm_supplementary,dsl-2.2.0-roadmap,dsl,Rust,glm-5.2,single_shot_v3,glm_supplementary::glm-5.2::dsl-2.2.0-roadmap::single_shot_v3,1,0,0,0,0,0,edit_json_invalid,edit_json_invalid,edit_json_invalid,2026-07-08T14:37:45.990187Z,5cf05aca85fc69b739401fe6
glm_supplementary::glm-5.2::dsl-2.2.0-roadmap::single_shot_v3::rep2,glm_supplementary,dsl-2.2.0-roadmap,dsl,Rust,glm-5.2,single_shot_v3,glm_supplementary::glm-5.2::dsl-2.2.0-roadmap::single_shot_v3,2,0,0,0,0,0,edit_apply_failed,edit_apply_failed,edit_apply_failed,2026-07-08T14:37:33.342640Z,9f6e73d599772041d907d3bc
glm_supplementary::glm-5.2::dsl-2.2.0-roadmap::single_shot_v3::rep3,glm_supplementary,dsl-2.2.0-roadmap,dsl,Rust,glm-5.2,single_shot_v3,glm_supplementary::glm-5.2::dsl-2.2.0-roadmap::single_shot_v3,3,0,0,0,0,0,edit_json_invalid,edit_json_invalid,edit_json_invalid,2026-07-08T14:38:10.687151Z,7f465ea838d67913f7bb608a
glm_supplementary::glm-5.2::dsl-2.2.0-roadmap::single_shot_v3::rep4,glm_supplementary,dsl-2.2.0-roadmap,dsl,Rust,glm-5.2,single_shot_v3,glm_supplementary::glm-5.2::dsl-2.2.0-roadmap::single_shot_v3,4,0,0,0,0,0,edit_apply_failed,edit_apply_failed,edit_apply_failed,2026-07-08T14:39:23.495035Z,86104739258c655ceee6e466
glm_supplementary::glm-5.2::dsl-2.2.0-roadmap::single_shot_v3::rep5,glm_supplementary,dsl-2.2.0-roadmap,dsl,Rust,glm-5.2,single_shot_v3,glm_supplementary::glm-5.2::dsl-2.2.0-roadmap::single_shot_v3,5,0,0,0,0,0,edit_json_invalid,edit_json_invalid,edit_json_invalid,2026-07-08T14:39:20.641147Z,91640013dbdab24a224770b4
glm_supplementary::glm-5.2::dsl-2.2.0-roadmap::single_shot_v3::rep6,glm_supplementary,dsl-2.2.0-roadmap,dsl,Rust,glm-5.2,single_shot_v3,glm_supplementary::glm-5.2::dsl-2.2.0-roadmap::single_shot_v3,6,0,0,0,0,0,edit_apply_failed,edit_apply_failed,edit_apply_failed,2026-07-08T14:39:11.434550Z,49f8090d3662edfdc5e4f5d8
glm_supplementary::glm-5.2::dsl-2.2.0-roadmap::single_shot_v3::rep7,glm_supplementary,dsl-2.2.0-roadmap,dsl,Rust,glm-5.2,single_shot_v3,glm_supplementary::glm-5.2::dsl-2.2.0-roadmap::single_shot_v3,7,0,0,0,0,0,edit_json_invalid,edit_json_invalid,edit_json_invalid,2026-07-08T14:39:32.040198Z,61cc869b084c1d76d6fa475d
glm_supplementary::glm-5.2::dsl-2.2.0-roadmap::staged_v4::rep0,glm_supplementary,dsl-2.2.0-roadmap,dsl,Rust,glm-5.2,staged_v4,glm_supplementary::glm-5.2::dsl-2.2.0-roadmap::staged_v4,0,0,0,0,0,0,stage2_contract_failed,stage2_edit_outside_stage_state,stage2_contract_failed,2026-07-08T14:42:10.351568Z,58dcd5a089f529bd924c2230
glm_supplementary::glm-5.2::dsl-2.2.0-roadmap::staged_v4::rep1,glm_supplementary,dsl-2.2.0-roadmap,dsl,Rust,glm-5.2,staged_v4,glm_supplementary::glm-5.2::dsl-2.2.0-roadmap::staged_v4,1,1,1,1,1,0,test_failed,,,2026-07-09T10:20:53.967350Z,c9e5090f743a551210ab2014
glm_supplementary::glm-5.2::dsl-2.2.0-roadmap::staged_v4::rep2,glm_supplementary,dsl-2.2.0-roadmap,dsl,Rust,glm-5.2,staged_v4,glm_supplementary::glm-5.2::dsl-2.2.0-roadmap::staged_v4,2,1,1,1,1,0,test_failed,,,2026-07-09T10:21:49.990071Z,ff751a6295ecf2dd924feb9a
glm_supplementary::glm-5.2::dsl-2.2.0-roadmap::staged_v4::rep3,glm_supplementary,dsl-2.2.0-roadmap,dsl,Rust,glm-5.2,staged_v4,glm_supplementary::glm-5.2::dsl-2.2.0-roadmap::staged_v4,3,0,0,0,0,0,stage2_contract_failed,candidate_edit_ops_invalid,stage2_contract_failed,2026-07-08T14:42:20.663315Z,3e8121b227c675270b53a43d
glm_supplementary::glm-5.2::dsl-2.2.0-roadmap::staged_v4::rep4,glm_supplementary,dsl-2.2.0-roadmap,dsl,Rust,glm-5.2,staged_v4,glm_supplementary::glm-5.2::dsl-2.2.0-roadmap::staged_v4,4,0,0,0,0,0,stage2_contract_failed,candidate_edit_ops_invalid,stage2_contract_failed,2026-07-08T14:45:34.245974Z,79c363704f7fc929689d4f81
glm_supplementary::glm-5.2::dsl-2.2.0-roadmap::staged_v4::rep5,glm_supplementary,dsl-2.2.0-roadmap,dsl,Rust,glm-5.2,staged_v4,glm_supplementary::glm-5.2::dsl-2.2.0-roadmap::staged_v4,5,0,0,0,0,0,edit_apply_failed,edit_apply_failed,edit_apply_failed,2026-07-08T14:45:58.764547Z,f42d5e13886b417ed1d68ad1
glm_supplementary::glm-5.2::dsl-2.2.0-roadmap::staged_v4::rep6,glm_supplementary,dsl-2.2.0-roadmap,dsl,Rust,glm-5.2,staged_v4,glm_supplementary::glm-5.2::dsl-2.2.0-roadmap::staged_v4,6,0,0,0,0,0,edit_apply_failed,edit_apply_failed,edit_apply_failed,2026-07-08T14:45:21.362674Z,680d81e3427d4850f2b79a27
glm_supplementary::glm-5.2::dsl-2.2.0-roadmap::staged_v4::rep7,glm_supplementary,dsl-2.2.0-roadmap,dsl,Rust,glm-5.2,staged_v4,glm_supplementary::glm-5.2::dsl-2.2.0-roadmap::staged_v4,7,0,0,0,0,0,edit_apply_failed,edit_apply_failed,edit_apply_failed,2026-07-08T14:46:18.226970Z,6d65697f85d92abc67771bbc
glm_supplementary::glm-5.2::dsl-2.3.0-roadmap::single_shot_v3::rep0,glm_supplementary,dsl-2.3.0-roadmap,dsl,Rust,glm-5.2,single_shot_v3,glm_supplementary::glm-5.2::dsl-2.3.0-roadmap::single_shot_v3,0,0,0,0,0,0,edit_apply_failed,edit_apply_failed,edit_apply_failed,2026-07-08T14:58:45.895837Z,c91ddec65d2cf06d5eb96921
glm_supplementary::glm-5.2::dsl-2.3.0-roadmap::single_shot_v3::rep1,glm_supplementary,dsl-2.3.0-roadmap,dsl,Rust,glm-5.2,single_shot_v3,glm_supplementary::glm-5.2::dsl-2.3.0-roadmap::single_shot_v3,1,0,0,0,0,0,edit_json_invalid,edit_json_invalid,edit_json_invalid,2026-07-08T14:48:48.471740Z,b0c38142c4a0e0ce8c024ec3
glm_supplementary::glm-5.2::dsl-2.3.0-roadmap::single_shot_v3::rep2,glm_supplementary,dsl-2.3.0-roadmap,dsl,Rust,glm-5.2,single_shot_v3,glm_supplementary::glm-5.2::dsl-2.3.0-roadmap::single_shot_v3,2,1,1,1,1,0,test_failed,,,2026-07-09T10:22:27.931168Z,a950f82de6d2a42fa1526325
glm_supplementary::glm-5.2::dsl-2.3.0-roadmap::single_shot_v3::rep3,glm_supplementary,dsl-2.3.0-roadmap,dsl,Rust,glm-5.2,single_shot_v3,glm_supplementary::glm-5.2::dsl-2.3.0-roadmap::single_shot_v3,3,0,0,0,0,0,edit_json_invalid,edit_json_invalid,edit_json_invalid,2026-07-08T14:49:30.175621Z,801755b1bbf6d36a38392dc0
glm_supplementary::glm-5.2::dsl-2.3.0-roadmap::single_shot_v3::rep4,glm_supplementary,dsl-2.3.0-roadmap,dsl,Rust,glm-5.2,single_shot_v3,glm_supplementary::glm-5.2::dsl-2.3.0-roadmap::single_shot_v3,4,1,1,1,1,0,test_failed,,,2026-07-09T10:23:06.392937Z,6842fe71c03048d9361045a6
glm_supplementary::glm-5.2::dsl-2.3.0-roadmap::single_shot_v3::rep5,glm_supplementary,dsl-2.3.0-roadmap,dsl,Rust,glm-5.2,single_shot_v3,glm_supplementary::glm-5.2::dsl-2.3.0-roadmap::single_shot_v3,5,0,0,0,0,0,edit_apply_failed,edit_apply_failed,edit_apply_failed,2026-07-08T14:52:02.960931Z,70e13b5acb4244a29ea1283c
glm_supplementary::glm-5.2::dsl-2.3.0-roadmap::single_shot_v3::rep6,glm_supplementary,dsl-2.3.0-roadmap,dsl,Rust,glm-5.2,single_shot_v3,glm_supplementary::glm-5.2::dsl-2.3.0-roadmap::single_shot_v3,6,0,0,0,0,0,edit_json_invalid,edit_json_invalid,edit_json_invalid,2026-07-08T14:53:30.984784Z,1b324ddf20c2d6c0d157e972
glm_supplementary::glm-5.2::dsl-2.3.0-roadmap::single_shot_v3::rep7,glm_supplementary,dsl-2.3.0-roadmap,dsl,Rust,glm-5.2,single_shot_v3,glm_supplementary::glm-5.2::dsl-2.3.0-roadmap::single_shot_v3,7,0,0,0,0,0,edit_json_invalid,edit_json_invalid,edit_json_invalid,2026-07-08T14:54:51.709974Z,542a172cfb70690653688ac3
glm_supplementary::glm-5.2::dsl-2.3.0-roadmap::staged_v4::rep0,glm_supplementary,dsl-2.3.0-roadmap,dsl,Rust,glm-5.2,staged_v4,glm_supplementary::glm-5.2::dsl-2.3.0-roadmap::staged_v4,0,1,1,1,1,0,test_failed,,,2026-07-09T10:23:43.814049Z,36371013f51c9c69674e6632
glm_supplementary::glm-5.2::dsl-2.3.0-roadmap::staged_v4::rep1,glm_supplementary,dsl-2.3.0-roadmap,dsl,Rust,glm-5.2,staged_v4,glm_supplementary::glm-5.2::dsl-2.3.0-roadmap::staged_v4,1,1,1,1,1,0,test_failed,,,2026-07-09T10:24:09.908193Z,028b59b9f9ecfeda23b89c14
glm_supplementary::glm-5.2::dsl-2.3.0-roadmap::staged_v4::rep2,glm_supplementary,dsl-2.3.0-roadmap,dsl,Rust,glm-5.2,staged_v4,glm_supplementary::glm-5.2::dsl-2.3.0-roadmap::staged_v4,2,0,0,0,0,0,edit_apply_failed,edit_apply_failed,edit_apply_failed,2026-07-08T15:02:16.705639Z,eabf20cccb0baf43eba0a73c
glm_supplementary::glm-5.2::dsl-2.3.0-roadmap::staged_v4::rep3,glm_supplementary,dsl-2.3.0-roadmap,dsl,Rust,glm-5.2,staged_v4,glm_supplementary::glm-5.2::dsl-2.3.0-roadmap::staged_v4,3,0,0,0,0,0,stage1_plan_failed,stage_state_edit_targets_invalid,stage1_plan_failed,2026-07-08T14:57:40.747745Z,8f4f502f6d5292e4bcb5d5e7
glm_supplementary::glm-5.2::dsl-2.3.0-roadmap::staged_v4::rep4,glm_supplementary,dsl-2.3.0-roadmap,dsl,Rust,glm-5.2,staged_v4,glm_supplementary::glm-5.2::dsl-2.3.0-roadmap::staged_v4,4,1,1,1,1,0,test_failed,,,2026-07-09T10:24:46.848062Z,ccc16bb39e497a934c3846f9
glm_supplementary::glm-5.2::dsl-2.3.0-roadmap::staged_v4::rep5,glm_supplementary,dsl-2.3.0-roadmap,dsl,Rust,glm-5.2,staged_v4,glm_supplementary::glm-5.2::dsl-2.3.0-roadmap::staged_v4,5,1,1,1,1,0,test_failed,,,2026-07-09T10:25:24.275255Z,f8da1eeeb43c29cddf4f5a3a
glm_supplementary::glm-5.2::dsl-2.3.0-roadmap::staged_v4::rep6,glm_supplementary,dsl-2.3.0-roadmap,dsl,Rust,glm-5.2,staged_v4,glm_supplementary::glm-5.2::dsl-2.3.0-roadmap::staged_v4,6,1,1,1,1,0,test_failed,,,2026-07-09T10:26:00.988529Z,ab57ced7686b7a124fb0c9ea
glm_supplementary::glm-5.2::dsl-2.3.0-roadmap::staged_v4::rep7,glm_supplementary,dsl-2.3.0-roadmap,dsl,Rust,glm-5.2,staged_v4,glm_supplementary::glm-5.2::dsl-2.3.0-roadmap::staged_v4,7,0,0,0,0,0,stage2_contract_failed,candidate_edit_ops_invalid,stage2_contract_failed,2026-07-08T15:08:48.768746Z,b90a0db6e8b79408e011c991
glm_supplementary::glm-5.2::fal-1.3.0-roadmap::single_shot_v3::rep0,glm_supplementary,fal-1.3.0-roadmap,fal,Python,glm-5.2,single_shot_v3,glm_supplementary::glm-5.2::fal-1.3.0-roadmap::single_shot_v3,0,0,0,0,0,0,edit_json_invalid,edit_json_invalid,edit_json_invalid,2026-07-08T15:06:12.536337Z,daa3e5ae5f77152e360cf7eb
glm_supplementary::glm-5.2::fal-1.3.0-roadmap::single_shot_v3::rep1,glm_supplementary,fal-1.3.0-roadmap,fal,Python,glm-5.2,single_shot_v3,glm_supplementary::glm-5.2::fal-1.3.0-roadmap::single_shot_v3,1,1,1,0,0,0,patch_apply_failed,other_patch_apply_failure,,2026-07-09T10:26:01.017280Z,1f9538969c2f71e3c170e896
glm_supplementary::glm-5.2::fal-1.3.0-roadmap::single_shot_v3::rep2,glm_supplementary,fal-1.3.0-roadmap,fal,Python,glm-5.2,single_shot_v3,glm_supplementary::glm-5.2::fal-1.3.0-roadmap::single_shot_v3,2,1,1,0,0,0,patch_apply_failed,other_patch_apply_failure,,2026-07-09T10:26:01.027986Z,94b90b52c4b3d5f5d11e65b0
glm_supplementary::glm-5.2::fal-1.3.0-roadmap::single_shot_v3::rep3,glm_supplementary,fal-1.3.0-roadmap,fal,Python,glm-5.2,single_shot_v3,glm_supplementary::glm-5.2::fal-1.3.0-roadmap::single_shot_v3,3,1,1,0,0,0,patch_apply_failed,other_patch_apply_failure,,2026-07-09T10:26:01.037781Z,e410a1c6e3a6e24a13cb2af4
glm_supplementary::glm-5.2::fal-1.3.0-roadmap::single_shot_v3::rep4,glm_supplementary,fal-1.3.0-roadmap,fal,Python,glm-5.2,single_shot_v3,glm_supplementary::glm-5.2::fal-1.3.0-roadmap::single_shot_v3,4,1,1,0,0,0,patch_apply_failed,other_patch_apply_failure,,2026-07-09T10:26:01.047124Z,6a7a7f78931e0ba6eace1144
glm_supplementary::glm-5.2::fal-1.3.0-roadmap::single_shot_v3::rep5,glm_supplementary,fal-1.3.0-roadmap,fal,Python,glm-5.2,single_shot_v3,glm_supplementary::glm-5.2::fal-1.3.0-roadmap::single_shot_v3,5,0,0,0,0,0,edit_json_invalid,edit_json_invalid,edit_json_invalid,2026-07-08T15:19:04.323810Z,cb4f5b990f80428b76f14827
glm_supplementary::glm-5.2::fal-1.3.0-roadmap::single_shot_v3::rep6,glm_supplementary,fal-1.3.0-roadmap,fal,Python,glm-5.2,single_shot_v3,glm_supplementary::glm-5.2::fal-1.3.0-roadmap::single_shot_v3,6,0,0,0,0,0,edit_json_invalid,edit_json_invalid,edit_json_invalid,2026-07-08T15:11:41.392178Z,a420bf3f9a9fdf89c73c72dc
glm_supplementary::glm-5.2::fal-1.3.0-roadmap::single_shot_v3::rep7,glm_supplementary,fal-1.3.0-roadmap,fal,Python,glm-5.2,single_shot_v3,glm_supplementary::glm-5.2::fal-1.3.0-roadmap::single_shot_v3,7,1,1,0,0,0,patch_apply_failed,other_patch_apply_failure,,2026-07-09T10:26:01.057689Z,4673681a235e373d1ccfe079
glm_supplementary::glm-5.2::fal-1.3.0-roadmap::staged_v4::rep0,glm_supplementary,fal-1.3.0-roadmap,fal,Python,glm-5.2,staged_v4,glm_supplementary::glm-5.2::fal-1.3.0-roadmap::staged_v4,0,1,1,0,0,0,patch_apply_failed,other_patch_apply_failure,,2026-07-09T10:26:01.068317Z,b4ebd93ed08c3fa7ed2d1b49
glm_supplementary::glm-5.2::fal-1.3.0-roadmap::staged_v4::rep1,glm_supplementary,fal-1.3.0-roadmap,fal,Python,glm-5.2,staged_v4,glm_supplementary::glm-5.2::fal-1.3.0-roadmap::staged_v4,1,1,1,0,0,0,patch_apply_failed,other_patch_apply_failure,,2026-07-09T10:26:01.079280Z,cc070f222f20b379eb8c71d9
glm_supplementary::glm-5.2::fal-1.3.0-roadmap::staged_v4::rep2,glm_supplementary,fal-1.3.0-roadmap,fal,Python,glm-5.2,staged_v4,glm_supplementary::glm-5.2::fal-1.3.0-roadmap::staged_v4,2,1,1,0,0,0,patch_apply_failed,other_patch_apply_failure,,2026-07-09T10:26:01.089093Z,af463d731be787119c95b11d
glm_supplementary::glm-5.2::fal-1.3.0-roadmap::staged_v4::rep3,glm_supplementary,fal-1.3.0-roadmap,fal,Python,glm-5.2,staged_v4,glm_supplementary::glm-5.2::fal-1.3.0-roadmap::staged_v4,3,1,1,0,0,0,patch_apply_failed,other_patch_apply_failure,,2026-07-09T10:26:01.100097Z,2393b7bf2120b7a461c8c92c
glm_supplementary::glm-5.2::fal-1.3.0-roadmap::staged_v4::rep4,glm_supplementary,fal-1.3.0-roadmap,fal,Python,glm-5.2,staged_v4,glm_supplementary::glm-5.2::fal-1.3.0-roadmap::staged_v4,4,1,1,0,0,0,patch_apply_failed,other_patch_apply_failure,,2026-07-09T10:26:01.110662Z,26d0816061a84df3d469f73c
glm_supplementary::glm-5.2::fal-1.3.0-roadmap::staged_v4::rep5,glm_supplementary,fal-1.3.0-roadmap,fal,Python,glm-5.2,staged_v4,glm_supplementary::glm-5.2::fal-1.3.0-roadmap::staged_v4,5,0,0,0,0,0,edit_apply_failed,edit_apply_failed,edit_apply_failed,2026-07-08T15:20:54.162487Z,e5d59c06661196a98598023c
glm_supplementary::glm-5.2::fal-1.3.0-roadmap::staged_v4::rep6,glm_supplementary,fal-1.3.0-roadmap,fal,Python,glm-5.2,staged_v4,glm_supplementary::glm-5.2::fal-1.3.0-roadmap::staged_v4,6,1,1,0,0,0,patch_apply_failed,other_patch_apply_failure,,2026-07-09T10:26:01.121162Z,197b1f42cc926d12a537fd33
glm_supplementary::glm-5.2::fal-1.3.0-roadmap::staged_v4::rep7,glm_supplementary,fal-1.3.0-roadmap,fal,Python,glm-5.2,staged_v4,glm_supplementary::glm-5.2::fal-1.3.0-roadmap::staged_v4,7,1,1,0,0,0,patch_apply_failed,other_patch_apply_failure,,2026-07-09T10:26:01.131577Z,f5a12272ddb0a0a6a49b6f34
glm_supplementary::glm-5.2::fal-2.0.0-roadmap::single_shot_v3::rep0,glm_supplementary,fal-2.0.0-roadmap,fal,Python,glm-5.2,single_shot_v3,glm_supplementary::glm-5.2::fal-2.0.0-roadmap::single_shot_v3,0,0,0,0,0,0,edit_apply_failed,edit_apply_failed,edit_apply_failed,2026-07-08T15:41:19.127113Z,8607e6eb62a116cee16f4e57
glm_supplementary::glm-5.2::fal-2.0.0-roadmap::single_shot_v3::rep1,glm_supplementary,fal-2.0.0-roadmap,fal,Python,glm-5.2,single_shot_v3,glm_supplementary::glm-5.2::fal-2.0.0-roadmap::single_shot_v3,1,0,0,0,0,0,edit_apply_failed,edit_apply_failed,edit_apply_failed,2026-07-08T15:21:41.026288Z,736bddd09d6bcd83270e1822
glm_supplementary::glm-5.2::fal-2.0.0-roadmap::single_shot_v3::rep2,glm_supplementary,fal-2.0.0-roadmap,fal,Python,glm-5.2,single_shot_v3,glm_supplementary::glm-5.2::fal-2.0.0-roadmap::single_shot_v3,2,0,0,0,0,0,edit_apply_failed,edit_apply_failed,edit_apply_failed,2026-07-08T15:33:48.244023Z,df857cc71cd321b84a33153f
glm_supplementary::glm-5.2::fal-2.0.0-roadmap::single_shot_v3::rep3,glm_supplementary,fal-2.0.0-roadmap,fal,Python,glm-5.2,single_shot_v3,glm_supplementary::glm-5.2::fal-2.0.0-roadmap::single_shot_v3,3,0,0,0,0,0,edit_json_invalid,edit_json_invalid,edit_json_invalid,2026-07-08T15:44:53.886181Z,917c34d332cb19fc95b8399d
glm_supplementary::glm-5.2::fal-2.0.0-roadmap::single_shot_v3::rep4,glm_supplementary,fal-2.0.0-roadmap,fal,Python,glm-5.2,single_shot_v3,glm_supplementary::glm-5.2::fal-2.0.0-roadmap::single_shot_v3,4,0,0,0,0,0,edit_apply_failed,edit_apply_failed,edit_apply_failed,2026-07-08T15:35:03.817149Z,0566681ae0169469cd1283b3
glm_supplementary::glm-5.2::fal-2.0.0-roadmap::single_shot_v3::rep5,glm_supplementary,fal-2.0.0-roadmap,fal,Python,glm-5.2,single_shot_v3,glm_supplementary::glm-5.2::fal-2.0.0-roadmap::single_shot_v3,5,0,0,0,0,0,edit_apply_failed,edit_apply_failed,edit_apply_failed,2026-07-08T15:37:31.422929Z,86a312cb1020b333e1953948
glm_supplementary::glm-5.2::fal-2.0.0-roadmap::single_shot_v3::rep6,glm_supplementary,fal-2.0.0-roadmap,fal,Python,glm-5.2,single_shot_v3,glm_supplementary::glm-5.2::fal-2.0.0-roadmap::single_shot_v3,6,0,0,0,0,0,edit_json_invalid,edit_json_invalid,edit_json_invalid,2026-07-08T15:38:52.818519Z,ea1b14a577ea3c028b576971
glm_supplementary::glm-5.2::fal-2.0.0-roadmap::single_shot_v3::rep7,glm_supplementary,fal-2.0.0-roadmap,fal,Python,glm-5.2,single_shot_v3,glm_supplementary::glm-5.2::fal-2.0.0-roadmap::single_shot_v3,7,0,0,0,0,0,edit_json_invalid,edit_json_invalid,edit_json_invalid,2026-07-08T16:00:29.963469Z,29c2269fbd99145c2bfb9abd
glm_supplementary::glm-5.2::fal-2.0.0-roadmap::staged_v4::rep0,glm_supplementary,fal-2.0.0-roadmap,fal,Python,glm-5.2,staged_v4,glm_supplementary::glm-5.2::fal-2.0.0-roadmap::staged_v4,0,0,0,0,0,0,stage2_contract_failed,candidate_edit_missing,stage2_contract_failed,2026-07-08T15:45:25.874666Z,0c46609df47a97d52b81c3be
glm_supplementary::glm-5.2::fal-2.0.0-roadmap::staged_v4::rep1,glm_supplementary,fal-2.0.0-roadmap,fal,Python,glm-5.2,staged_v4,glm_supplementary::glm-5.2::fal-2.0.0-roadmap::staged_v4,1,0,0,0,0,0,stage2_contract_failed,stage2_edit_outside_stage_state,stage2_contract_failed,2026-07-08T16:08:22.952602Z,6be9a564e6e1ce0abd4bc84a
glm_supplementary::glm-5.2::fal-2.0.0-roadmap::staged_v4::rep2,glm_supplementary,fal-2.0.0-roadmap,fal,Python,glm-5.2,staged_v4,glm_supplementary::glm-5.2::fal-2.0.0-roadmap::staged_v4,2,0,0,0,0,0,stage2_contract_failed,candidate_edit_ops_invalid,stage2_contract_failed,2026-07-08T15:52:08.126575Z,fb254ec414d17ed006edaaf4
glm_supplementary::glm-5.2::fal-2.0.0-roadmap::staged_v4::rep3,glm_supplementary,fal-2.0.0-roadmap,fal,Python,glm-5.2,staged_v4,glm_supplementary::glm-5.2::fal-2.0.0-roadmap::staged_v4,3,0,0,0,0,0,stage2_contract_failed,candidate_edit_ops_invalid,stage2_contract_failed,2026-07-08T16:02:53.982091Z,fa6dfebbf465fbc5ddae1429
glm_supplementary::glm-5.2::fal-2.0.0-roadmap::staged_v4::rep4,glm_supplementary,fal-2.0.0-roadmap,fal,Python,glm-5.2,staged_v4,glm_supplementary::glm-5.2::fal-2.0.0-roadmap::staged_v4,4,0,0,0,0,0,stage2_contract_failed,stage2_edit_outside_stage_state,stage2_contract_failed,2026-07-08T16:19:34.193624Z,bc23b39906066db667b8976f
glm_supplementary::glm-5.2::fal-2.0.0-roadmap::staged_v4::rep5,glm_supplementary,fal-2.0.0-roadmap,fal,Python,glm-5.2,staged_v4,glm_supplementary::glm-5.2::fal-2.0.0-roadmap::staged_v4,5,0,0,0,0,0,stage2_contract_failed,candidate_edit_ops_invalid,stage2_contract_failed,2026-07-08T16:38:02.600681Z,92023e3a041d8da100f0aec8
glm_supplementary::glm-5.2::fal-2.0.0-roadmap::staged_v4::rep6,glm_supplementary,fal-2.0.0-roadmap,fal,Python,glm-5.2,staged_v4,glm_supplementary::glm-5.2::fal-2.0.0-roadmap::staged_v4,6,0,0,0,0,0,stage2_contract_failed,stage2_edit_outside_stage_state,stage2_contract_failed,2026-07-08T16:09:14.168853Z,4e44ec7b2d6357c9b76842dc
glm_supplementary::glm-5.2::fal-2.0.0-roadmap::staged_v4::rep7,glm_supplementary,fal-2.0.0-roadmap,fal,Python,glm-5.2,staged_v4,glm_supplementary::glm-5.2::fal-2.0.0-roadmap::staged_v4,7,0,0,0,0,0,stage2_contract_failed,candidate_edit_missing,stage2_contract_failed,2026-07-08T16:15:03.831853Z,920f181f2e69a50dfe743f1a
glm_supplementary::glm-5.2::fal-4.1.0-roadmap::single_shot_v3::rep0,glm_supplementary,fal-4.1.0-roadmap,fal,Python,glm-5.2,single_shot_v3,glm_supplementary::glm-5.2::fal-4.1.0-roadmap::single_shot_v3,0,1,1,1,1,0,test_failed,,,2026-07-09T10:26:50.204387Z,2476de0b17a1b1ea4cb02d0e
glm_supplementary::glm-5.2::fal-4.1.0-roadmap::single_shot_v3::rep1,glm_supplementary,fal-4.1.0-roadmap,fal,Python,glm-5.2,single_shot_v3,glm_supplementary::glm-5.2::fal-4.1.0-roadmap::single_shot_v3,1,0,0,0,0,0,edit_path_disallowed,edit_path_disallowed,edit_path_disallowed,2026-07-08T16:11:20.798912Z,477533f7d3d387aab021e258
glm_supplementary::glm-5.2::fal-4.1.0-roadmap::single_shot_v3::rep2,glm_supplementary,fal-4.1.0-roadmap,fal,Python,glm-5.2,single_shot_v3,glm_supplementary::glm-5.2::fal-4.1.0-roadmap::single_shot_v3,2,0,1,1,0,0,test_failed,,,2026-07-09T10:27:08.970207Z,9e43305e03310ddb13840336
glm_supplementary::glm-5.2::fal-4.1.0-roadmap::single_shot_v3::rep3,glm_supplementary,fal-4.1.0-roadmap,fal,Python,glm-5.2,single_shot_v3,glm_supplementary::glm-5.2::fal-4.1.0-roadmap::single_shot_v3,3,0,0,0,0,0,edit_apply_failed,edit_apply_failed,edit_apply_failed,2026-07-08T16:13:17.031342Z,a1597231bcfbc89316ec8f7e
glm_supplementary::glm-5.2::fal-4.1.0-roadmap::single_shot_v3::rep4,glm_supplementary,fal-4.1.0-roadmap,fal,Python,glm-5.2,single_shot_v3,glm_supplementary::glm-5.2::fal-4.1.0-roadmap::single_shot_v3,4,0,0,0,0,0,edit_apply_failed,edit_apply_failed,edit_apply_failed,2026-07-08T16:13:58.201563Z,73a4212c29369e847595cdbf
glm_supplementary::glm-5.2::fal-4.1.0-roadmap::single_shot_v3::rep5,glm_supplementary,fal-4.1.0-roadmap,fal,Python,glm-5.2,single_shot_v3,glm_supplementary::glm-5.2::fal-4.1.0-roadmap::single_shot_v3,5,1,1,1,1,0,test_failed,,,2026-07-09T10:27:27.530178Z,653a1574f005307fd2875a7d
glm_supplementary::glm-5.2::fal-4.1.0-roadmap::single_shot_v3::rep6,glm_supplementary,fal-4.1.0-roadmap,fal,Python,glm-5.2,single_shot_v3,glm_supplementary::glm-5.2::fal-4.1.0-roadmap::single_shot_v3,6,0,0,0,0,0,edit_apply_failed,edit_apply_failed,edit_apply_failed,2026-07-08T16:15:33.737152Z,ed2c9ae5070761c8404d04da
glm_supplementary::glm-5.2::fal-4.1.0-roadmap::single_shot_v3::rep7,glm_supplementary,fal-4.1.0-roadmap,fal,Python,glm-5.2,single_shot_v3,glm_supplementary::glm-5.2::fal-4.1.0-roadmap::single_shot_v3,7,0,0,0,0,0,edit_apply_failed,edit_apply_failed,edit_apply_failed,2026-07-08T16:16:38.650647Z,e267994a8983b5583396434d
glm_supplementary::glm-5.2::fal-4.1.0-roadmap::staged_v4::rep0,glm_supplementary,fal-4.1.0-roadmap,fal,Python,glm-5.2,staged_v4,glm_supplementary::glm-5.2::fal-4.1.0-roadmap::staged_v4,0,0,0,0,0,0,stage2_contract_failed,candidate_edit_missing,stage2_contract_failed,2026-07-08T16:17:31.644876Z,6d3b9733225851c6c314551e
glm_supplementary::glm-5.2::fal-4.1.0-roadmap::staged_v4::rep1,glm_supplementary,fal-4.1.0-roadmap,fal,Python,glm-5.2,staged_v4,glm_supplementary::glm-5.2::fal-4.1.0-roadmap::staged_v4,1,1,1,1,1,0,test_failed,,,2026-07-09T10:28:01.129911Z,1da0a6d1f4f4f88e1589b117
glm_supplementary::glm-5.2::fal-4.1.0-roadmap::staged_v4::rep2,glm_supplementary,fal-4.1.0-roadmap,fal,Python,glm-5.2,staged_v4,glm_supplementary::glm-5.2::fal-4.1.0-roadmap::staged_v4,2,1,1,1,1,0,test_failed,,,2026-07-09T10:28:19.586473Z,85caed60c966fb4fce3f566b
glm_supplementary::glm-5.2::fal-4.1.0-roadmap::staged_v4::rep3,glm_supplementary,fal-4.1.0-roadmap,fal,Python,glm-5.2,staged_v4,glm_supplementary::glm-5.2::fal-4.1.0-roadmap::staged_v4,3,1,1,1,1,0,test_failed,,,2026-07-09T10:28:37.693009Z,6bd7ced7fb1209eddf9c7b09
glm_supplementary::glm-5.2::fal-4.1.0-roadmap::staged_v4::rep4,glm_supplementary,fal-4.1.0-roadmap,fal,Python,glm-5.2,staged_v4,glm_supplementary::glm-5.2::fal-4.1.0-roadmap::staged_v4,4,0,1,1,0,0,test_failed,,,2026-07-09T10:28:56.253635Z,7b7f899e1f9473f1cc5fb9e7
glm_supplementary::glm-5.2::fal-4.1.0-roadmap::staged_v4::rep5,glm_supplementary,fal-4.1.0-roadmap,fal,Python,glm-5.2,staged_v4,glm_supplementary::glm-5.2::fal-4.1.0-roadmap::staged_v4,5,1,1,1,1,0,test_failed,,,2026-07-09T10:29:30.178695Z,79ff85d162d96872e0f70608
glm_supplementary::glm-5.2::fal-4.1.0-roadmap::staged_v4::rep6,glm_supplementary,fal-4.1.0-roadmap,fal,Python,glm-5.2,staged_v4,glm_supplementary::glm-5.2::fal-4.1.0-roadmap::staged_v4,6,1,1,1,1,0,test_failed,,,2026-07-09T10:29:48.871940Z,139dbc64ba897193a03e271e
glm_supplementary::glm-5.2::fal-4.1.0-roadmap::staged_v4::rep7,glm_supplementary,fal-4.1.0-roadmap,fal,Python,glm-5.2,staged_v4,glm_supplementary::glm-5.2::fal-4.1.0-roadmap::staged_v4,7,1,1,1,1,0,test_failed,,,2026-07-09T10:30:07.523413Z,4ae3351c7e2112ee5bc4f956
glm_supplementary::glm-5.2::fbr-2.42.0-roadmap::single_shot_v3::rep0,glm_supplementary,fbr-2.42.0-roadmap,fbr,Go,glm-5.2,single_shot_v3,glm_supplementary::glm-5.2::fbr-2.42.0-roadmap::single_shot_v3,0,0,0,0,0,0,edit_json_invalid,edit_json_invalid,edit_json_invalid,2026-07-08T16:21:18.176521Z,65046b0491843b59fa9f030a
glm_supplementary::glm-5.2::fbr-2.42.0-roadmap::single_shot_v3::rep1,glm_supplementary,fbr-2.42.0-roadmap,fbr,Go,glm-5.2,single_shot_v3,glm_supplementary::glm-5.2::fbr-2.42.0-roadmap::single_shot_v3,1,0,0,0,0,0,edit_json_invalid,edit_json_invalid,edit_json_invalid,2026-07-08T16:22:32.219190Z,7035d432018542c661220907
glm_supplementary::glm-5.2::fbr-2.42.0-roadmap::single_shot_v3::rep2,glm_supplementary,fbr-2.42.0-roadmap,fbr,Go,glm-5.2,single_shot_v3,glm_supplementary::glm-5.2::fbr-2.42.0-roadmap::single_shot_v3,2,0,0,0,0,0,edit_apply_failed,edit_apply_failed,edit_apply_failed,2026-07-08T16:32:38.757003Z,df65c5c5067c9b16361a1f0a
glm_supplementary::glm-5.2::fbr-2.42.0-roadmap::single_shot_v3::rep3,glm_supplementary,fbr-2.42.0-roadmap,fbr,Go,glm-5.2,single_shot_v3,glm_supplementary::glm-5.2::fbr-2.42.0-roadmap::single_shot_v3,3,0,0,0,0,0,edit_apply_failed,edit_apply_failed,edit_apply_failed,2026-07-08T16:22:32.671253Z,5c9d56e31af59557ddaa4824
glm_supplementary::glm-5.2::fbr-2.42.0-roadmap::single_shot_v3::rep4,glm_supplementary,fbr-2.42.0-roadmap,fbr,Go,glm-5.2,single_shot_v3,glm_supplementary::glm-5.2::fbr-2.42.0-roadmap::single_shot_v3,4,0,0,0,0,0,edit_apply_failed,edit_apply_failed,edit_apply_failed,2026-07-08T16:24:00.390821Z,71566f6137c45e8ad20401bc
glm_supplementary::glm-5.2::fbr-2.42.0-roadmap::single_shot_v3::rep5,glm_supplementary,fbr-2.42.0-roadmap,fbr,Go,glm-5.2,single_shot_v3,glm_supplementary::glm-5.2::fbr-2.42.0-roadmap::single_shot_v3,5,0,0,0,0,0,edit_apply_failed,edit_apply_failed,edit_apply_failed,2026-07-08T16:34:06.391343Z,e414d23e96f2d460e6de8267
glm_supplementary::glm-5.2::fbr-2.42.0-roadmap::single_shot_v3::rep6,glm_supplementary,fbr-2.42.0-roadmap,fbr,Go,glm-5.2,single_shot_v3,glm_supplementary::glm-5.2::fbr-2.42.0-roadmap::single_shot_v3,6,0,0,0,0,0,edit_apply_failed,edit_apply_failed,edit_apply_failed,2026-07-08T16:25:07.581685Z,3fb22a3e71dea18addd3dd68
glm_supplementary::glm-5.2::fbr-2.42.0-roadmap::single_shot_v3::rep7,glm_supplementary,fbr-2.42.0-roadmap,fbr,Go,glm-5.2,single_shot_v3,glm_supplementary::glm-5.2::fbr-2.42.0-roadmap::single_shot_v3,7,0,0,0,0,0,edit_apply_failed,edit_apply_failed,edit_apply_failed,2026-07-08T16:26:22.530806Z,f373cd2b2438270dcede7eb6
glm_supplementary::glm-5.2::fbr-2.42.0-roadmap::staged_v4::rep0,glm_supplementary,fbr-2.42.0-roadmap,fbr,Go,glm-5.2,staged_v4,glm_supplementary::glm-5.2::fbr-2.42.0-roadmap::staged_v4,0,1,1,1,1,0,test_failed,,,2026-07-09T10:30:17.849963Z,32aac8126a4e0b0d61fc3c59
glm_supplementary::glm-5.2::fbr-2.42.0-roadmap::staged_v4::rep1,glm_supplementary,fbr-2.42.0-roadmap,fbr,Go,glm-5.2,staged_v4,glm_supplementary::glm-5.2::fbr-2.42.0-roadmap::staged_v4,1,1,1,1,1,0,test_failed,,,2026-07-09T10:30:28.008996Z,caac97251774690227315e03
glm_supplementary::glm-5.2::fbr-2.42.0-roadmap::staged_v4::rep2,glm_supplementary,fbr-2.42.0-roadmap,fbr,Go,glm-5.2,staged_v4,glm_supplementary::glm-5.2::fbr-2.42.0-roadmap::staged_v4,2,0,0,0,0,0,stage2_contract_failed,candidate_edit_ops_invalid,stage2_contract_failed,2026-07-08T16:33:43.518623Z,e75c12dab73b1b37f9f8579e
glm_supplementary::glm-5.2::fbr-2.42.0-roadmap::staged_v4::rep3,glm_supplementary,fbr-2.42.0-roadmap,fbr,Go,glm-5.2,staged_v4,glm_supplementary::glm-5.2::fbr-2.42.0-roadmap::staged_v4,3,1,1,1,1,0,test_failed,,,2026-07-09T10:30:39.849289Z,3318a048f65990edd4a6e7c4
glm_supplementary::glm-5.2::fbr-2.42.0-roadmap::staged_v4::rep4,glm_supplementary,fbr-2.42.0-roadmap,fbr,Go,glm-5.2,staged_v4,glm_supplementary::glm-5.2::fbr-2.42.0-roadmap::staged_v4,4,0,0,0,0,0,stage2_contract_failed,stage2_edit_outside_stage_state,stage2_contract_failed,2026-07-08T16:46:24.369537Z,67aa87735aa3def1dd50068e
glm_supplementary::glm-5.2::fbr-2.42.0-roadmap::staged_v4::rep5,glm_supplementary,fbr-2.42.0-roadmap,fbr,Go,glm-5.2,staged_v4,glm_supplementary::glm-5.2::fbr-2.42.0-roadmap::staged_v4,5,0,0,0,0,0,stage2_contract_failed,stage2_edit_outside_stage_state,stage2_contract_failed,2026-07-08T16:46:39.615801Z,f89f49972ee535efdf322ceb
glm_supplementary::glm-5.2::fbr-2.42.0-roadmap::staged_v4::rep6,glm_supplementary,fbr-2.42.0-roadmap,fbr,Go,glm-5.2,staged_v4,glm_supplementary::glm-5.2::fbr-2.42.0-roadmap::staged_v4,6,0,0,0,0,0,stage2_contract_failed,candidate_edit_ops_invalid,stage2_contract_failed,2026-07-08T16:36:23.842172Z,23e7a65c35fa54225a1fc50c
glm_supplementary::glm-5.2::fbr-2.42.0-roadmap::staged_v4::rep7,glm_supplementary,fbr-2.42.0-roadmap,fbr,Go,glm-5.2,staged_v4,glm_supplementary::glm-5.2::fbr-2.42.0-roadmap::staged_v4,7,0,0,0,0,0,stage2_contract_failed,stage2_edit_outside_stage_state,stage2_contract_failed,2026-07-08T16:39:25.767285Z,e0288c8ae09a2179f0f932b4
glm_supplementary::glm-5.2::fbr-2.43.0-roadmap::single_shot_v3::rep0,glm_supplementary,fbr-2.43.0-roadmap,fbr,Go,glm-5.2,single_shot_v3,glm_supplementary::glm-5.2::fbr-2.43.0-roadmap::single_shot_v3,0,0,0,0,0,0,edit_json_invalid,edit_json_invalid,edit_json_invalid,2026-07-08T16:39:38.012073Z,3a2345da00e72b4132094527
glm_supplementary::glm-5.2::fbr-2.43.0-roadmap::single_shot_v3::rep1,glm_supplementary,fbr-2.43.0-roadmap,fbr,Go,glm-5.2,single_shot_v3,glm_supplementary::glm-5.2::fbr-2.43.0-roadmap::single_shot_v3,1,0,0,0,0,0,edit_json_invalid,edit_json_invalid,edit_json_invalid,2026-07-08T16:41:00.978908Z,85037d69aaad94cc5ff6a1ad
glm_supplementary::glm-5.2::fbr-2.43.0-roadmap::single_shot_v3::rep2,glm_supplementary,fbr-2.43.0-roadmap,fbr,Go,glm-5.2,single_shot_v3,glm_supplementary::glm-5.2::fbr-2.43.0-roadmap::single_shot_v3,2,0,0,0,0,0,edit_json_invalid,edit_json_invalid,edit_json_invalid,2026-07-08T16:41:25.506282Z,0be30867c03d0d10c5a0d932
glm_supplementary::glm-5.2::fbr-2.43.0-roadmap::single_shot_v3::rep3,glm_supplementary,fbr-2.43.0-roadmap,fbr,Go,glm-5.2,single_shot_v3,glm_supplementary::glm-5.2::fbr-2.43.0-roadmap::single_shot_v3,3,0,0,0,0,0,edit_apply_failed,edit_apply_failed,edit_apply_failed,2026-07-08T16:42:34.406430Z,6a04fdce28b731db0a019635
glm_supplementary::glm-5.2::fbr-2.43.0-roadmap::single_shot_v3::rep4,glm_supplementary,fbr-2.43.0-roadmap,fbr,Go,glm-5.2,single_shot_v3,glm_supplementary::glm-5.2::fbr-2.43.0-roadmap::single_shot_v3,4,0,0,0,0,0,edit_apply_failed,edit_apply_failed,edit_apply_failed,2026-07-08T16:42:54.325295Z,cc4098aac5f1de58aa87440f
glm_supplementary::glm-5.2::fbr-2.43.0-roadmap::single_shot_v3::rep5,glm_supplementary,fbr-2.43.0-roadmap,fbr,Go,glm-5.2,single_shot_v3,glm_supplementary::glm-5.2::fbr-2.43.0-roadmap::single_shot_v3,5,0,0,0,0,0,edit_json_invalid,edit_json_invalid,edit_json_invalid,2026-07-08T16:44:03.439224Z,1839c5dfb0b123c5525d139a
glm_supplementary::glm-5.2::fbr-2.43.0-roadmap::single_shot_v3::rep6,glm_supplementary,fbr-2.43.0-roadmap,fbr,Go,glm-5.2,single_shot_v3,glm_supplementary::glm-5.2::fbr-2.43.0-roadmap::single_shot_v3,6,0,0,0,0,0,edit_apply_failed,edit_apply_failed,edit_apply_failed,2026-07-08T16:44:42.690731Z,ae3907ac707b655e24863d3b
glm_supplementary::glm-5.2::fbr-2.43.0-roadmap::single_shot_v3::rep7,glm_supplementary,fbr-2.43.0-roadmap,fbr,Go,glm-5.2,single_shot_v3,glm_supplementary::glm-5.2::fbr-2.43.0-roadmap::single_shot_v3,7,0,0,0,0,0,edit_json_invalid,edit_json_invalid,edit_json_invalid,2026-07-08T16:45:59.563669Z,0b0e0ae824cafca3eca295d6
glm_supplementary::glm-5.2::fbr-2.43.0-roadmap::staged_v4::rep0,glm_supplementary,fbr-2.43.0-roadmap,fbr,Go,glm-5.2,staged_v4,glm_supplementary::glm-5.2::fbr-2.43.0-roadmap::staged_v4,0,0,0,0,0,0,stage2_contract_failed,stage2_edit_outside_stage_state,stage2_contract_failed,2026-07-08T16:47:04.673352Z,c020b128af589ba379c0c9e5
glm_supplementary::glm-5.2::fbr-2.43.0-roadmap::staged_v4::rep1,glm_supplementary,fbr-2.43.0-roadmap,fbr,Go,glm-5.2,staged_v4,glm_supplementary::glm-5.2::fbr-2.43.0-roadmap::staged_v4,1,0,0,0,0,0,stage2_contract_failed,candidate_edit_ops_invalid,stage2_contract_failed,2026-07-08T16:48:02.222727Z,550ccf38b63250c00c3c790e
glm_supplementary::glm-5.2::fbr-2.43.0-roadmap::staged_v4::rep2,glm_supplementary,fbr-2.43.0-roadmap,fbr,Go,glm-5.2,staged_v4,glm_supplementary::glm-5.2::fbr-2.43.0-roadmap::staged_v4,2,0,0,0,0,0,stage2_contract_failed,stage2_edit_outside_stage_state,stage2_contract_failed,2026-07-08T16:49:51.830222Z,553ab00c3b42aabcc3cdb08f
glm_supplementary::glm-5.2::fbr-2.43.0-roadmap::staged_v4::rep3,glm_supplementary,fbr-2.43.0-roadmap,fbr,Go,glm-5.2,staged_v4,glm_supplementary::glm-5.2::fbr-2.43.0-roadmap::staged_v4,3,0,0,0,0,0,stage2_contract_failed,candidate_edit_ops_invalid,stage2_contract_failed,2026-07-08T16:49:05.001883Z,af8b0a10554ad883f9f07702
glm_supplementary::glm-5.2::fbr-2.43.0-roadmap::staged_v4::rep4,glm_supplementary,fbr-2.43.0-roadmap,fbr,Go,glm-5.2,staged_v4,glm_supplementary::glm-5.2::fbr-2.43.0-roadmap::staged_v4,4,0,0,0,0,0,stage2_contract_failed,candidate_edit_ops_invalid,stage2_contract_failed,2026-07-08T16:48:39.411890Z,fd1742f77ae935755ce31857
glm_supplementary::glm-5.2::fbr-2.43.0-roadmap::staged_v4::rep5,glm_supplementary,fbr-2.43.0-roadmap,fbr,Go,glm-5.2,staged_v4,glm_supplementary::glm-5.2::fbr-2.43.0-roadmap::staged_v4,5,0,0,0,0,0,stage2_contract_failed,stage2_edit_outside_stage_state,stage2_contract_failed,2026-07-08T16:51:50.254445Z,97ae6c36566b4a4d7a9710a5
glm_supplementary::glm-5.2::fbr-2.43.0-roadmap::staged_v4::rep6,glm_supplementary,fbr-2.43.0-roadmap,fbr,Go,glm-5.2,staged_v4,glm_supplementary::glm-5.2::fbr-2.43.0-roadmap::staged_v4,6,0,0,0,0,0,stage2_contract_failed,candidate_edit_ops_invalid,stage2_contract_failed,2026-07-08T16:50:19.926534Z,2d1e8ca38a7411fba161b0b0
glm_supplementary::glm-5.2::fbr-2.43.0-roadmap::staged_v4::rep7,glm_supplementary,fbr-2.43.0-roadmap,fbr,Go,glm-5.2,staged_v4,glm_supplementary::glm-5.2::fbr-2.43.0-roadmap::staged_v4,7,0,0,0,0,0,stage2_contract_failed,stage2_edit_outside_stage_state,stage2_contract_failed,2026-07-08T17:01:17.424723Z,7f1fb28e9b6a989550690347
glm_supplementary::glm-5.2::fbr-3.0.0-roadmap::single_shot_v3::rep0,glm_supplementary,fbr-3.0.0-roadmap,fbr,Go,glm-5.2,single_shot_v3,glm_supplementary::glm-5.2::fbr-3.0.0-roadmap::single_shot_v3,0,0,0,0,0,0,edit_json_invalid,edit_json_invalid,edit_json_invalid,2026-07-09T05:47:25.936750Z,97e141e2137f42c03cb9f18c
glm_supplementary::glm-5.2::fbr-3.0.0-roadmap::single_shot_v3::rep1,glm_supplementary,fbr-3.0.0-roadmap,fbr,Go,glm-5.2,single_shot_v3,glm_supplementary::glm-5.2::fbr-3.0.0-roadmap::single_shot_v3,1,0,0,0,0,0,edit_json_invalid,edit_json_invalid,edit_json_invalid,2026-07-08T17:20:24.541462Z,ac85e5ea295551bba0c5db22
glm_supplementary::glm-5.2::fbr-3.0.0-roadmap::single_shot_v3::rep2,glm_supplementary,fbr-3.0.0-roadmap,fbr,Go,glm-5.2,single_shot_v3,glm_supplementary::glm-5.2::fbr-3.0.0-roadmap::single_shot_v3,2,0,0,0,0,0,edit_json_invalid,edit_json_invalid,edit_json_invalid,2026-07-08T16:54:29.936063Z,ab6562c361fe21240cdbd50f
glm_supplementary::glm-5.2::fbr-3.0.0-roadmap::single_shot_v3::rep3,glm_supplementary,fbr-3.0.0-roadmap,fbr,Go,glm-5.2,single_shot_v3,glm_supplementary::glm-5.2::fbr-3.0.0-roadmap::single_shot_v3,3,0,0,0,0,0,edit_json_invalid,edit_json_invalid,edit_json_invalid,2026-07-08T16:57:37.576404Z,f94b910ac93b72f39348c98e
glm_supplementary::glm-5.2::fbr-3.0.0-roadmap::single_shot_v3::rep4,glm_supplementary,fbr-3.0.0-roadmap,fbr,Go,glm-5.2,single_shot_v3,glm_supplementary::glm-5.2::fbr-3.0.0-roadmap::single_shot_v3,4,0,0,0,0,0,finish_reason_length,edit_json_invalid,finish_reason_length,2026-07-09T05:49:26.359101Z,5aec5e1121115540d8750943
glm_supplementary::glm-5.2::fbr-3.0.0-roadmap::single_shot_v3::rep5,glm_supplementary,fbr-3.0.0-roadmap,fbr,Go,glm-5.2,single_shot_v3,glm_supplementary::glm-5.2::fbr-3.0.0-roadmap::single_shot_v3,5,0,0,0,0,0,edit_json_invalid,edit_json_invalid,edit_json_invalid,2026-07-09T05:46:24.619003Z,a8f14eac98be2c4a4627a346
glm_supplementary::glm-5.2::fbr-3.0.0-roadmap::single_shot_v3::rep6,glm_supplementary,fbr-3.0.0-roadmap,fbr,Go,glm-5.2,single_shot_v3,glm_supplementary::glm-5.2::fbr-3.0.0-roadmap::single_shot_v3,6,0,0,0,0,0,edit_json_invalid,edit_json_invalid,edit_json_invalid,2026-07-09T05:43:42.577859Z,2760b0c30df1068898a4cd8a
glm_supplementary::glm-5.2::fbr-3.0.0-roadmap::single_shot_v3::rep7,glm_supplementary,fbr-3.0.0-roadmap,fbr,Go,glm-5.2,single_shot_v3,glm_supplementary::glm-5.2::fbr-3.0.0-roadmap::single_shot_v3,7,0,0,0,0,0,api_no_response_timeout,provider call did not produce a response within timeout_seconds,api_no_response_timeout,2026-07-09T05:53:54.625722Z,22e23bfb716d9cda841210a0
glm_supplementary::glm-5.2::fbr-3.0.0-roadmap::staged_v4::rep0,glm_supplementary,fbr-3.0.0-roadmap,fbr,Go,glm-5.2,staged_v4,glm_supplementary::glm-5.2::fbr-3.0.0-roadmap::staged_v4,0,0,0,0,0,0,stage1_plan_failed,stage_state_planned_new_files_invalid,stage1_plan_failed,2026-07-09T05:46:45.328266Z,d783c8891fc1e1641122b121
glm_supplementary::glm-5.2::fbr-3.0.0-roadmap::staged_v4::rep1,glm_supplementary,fbr-3.0.0-roadmap,fbr,Go,glm-5.2,staged_v4,glm_supplementary::glm-5.2::fbr-3.0.0-roadmap::staged_v4,1,0,0,0,0,0,stage1_plan_failed,stage_state_planned_new_files_invalid,stage1_plan_failed,2026-07-09T05:46:57.208392Z,5814483b073acd9e283c34d0
glm_supplementary::glm-5.2::fbr-3.0.0-roadmap::staged_v4::rep2,glm_supplementary,fbr-3.0.0-roadmap,fbr,Go,glm-5.2,staged_v4,glm_supplementary::glm-5.2::fbr-3.0.0-roadmap::staged_v4,2,0,0,0,0,0,stage1_plan_failed,stage_state_planned_new_files_invalid,stage1_plan_failed,2026-07-09T05:47:22.099561Z,2ff95fb15127382025412b18
glm_supplementary::glm-5.2::fbr-3.0.0-roadmap::staged_v4::rep3,glm_supplementary,fbr-3.0.0-roadmap,fbr,Go,glm-5.2,staged_v4,glm_supplementary::glm-5.2::fbr-3.0.0-roadmap::staged_v4,3,0,0,0,0,0,stage1_plan_failed,stage_state_planned_new_files_invalid,stage1_plan_failed,2026-07-09T05:48:03.156208Z,7af672c19926cd9284ab5490
glm_supplementary::glm-5.2::fbr-3.0.0-roadmap::staged_v4::rep4,glm_supplementary,fbr-3.0.0-roadmap,fbr,Go,glm-5.2,staged_v4,glm_supplementary::glm-5.2::fbr-3.0.0-roadmap::staged_v4,4,0,0,0,0,0,stage1_plan_failed,stage_state_planned_new_files_invalid,stage1_plan_failed,2026-07-09T05:47:54.966742Z,15ec4dfe0e12852cbc102f5b
glm_supplementary::glm-5.2::fbr-3.0.0-roadmap::staged_v4::rep5,glm_supplementary,fbr-3.0.0-roadmap,fbr,Go,glm-5.2,staged_v4,glm_supplementary::glm-5.2::fbr-3.0.0-roadmap::staged_v4,5,0,0,0,0,0,stage1_plan_failed,stage_state_planned_new_files_invalid,stage1_plan_failed,2026-07-09T05:48:20.572764Z,728871941dba9642820267d4
glm_supplementary::glm-5.2::fbr-3.0.0-roadmap::staged_v4::rep6,glm_supplementary,fbr-3.0.0-roadmap,fbr,Go,glm-5.2,staged_v4,glm_supplementary::glm-5.2::fbr-3.0.0-roadmap::staged_v4,6,0,0,0,0,0,stage1_plan_failed,stage_state_planned_new_files_invalid,stage1_plan_failed,2026-07-09T05:48:23.423294Z,d3f5d3d52303bad94fc05f97
glm_supplementary::glm-5.2::fbr-3.0.0-roadmap::staged_v4::rep7,glm_supplementary,fbr-3.0.0-roadmap,fbr,Go,glm-5.2,staged_v4,glm_supplementary::glm-5.2::fbr-3.0.0-roadmap::staged_v4,7,0,0,0,0,0,stage1_plan_failed,stage_state_planned_new_files_invalid,stage1_plan_failed,2026-07-09T05:48:44.261561Z,03752d1d58efa18455adad73
glm_supplementary::glm-5.2::fyn-2.1.0-roadmap::single_shot_v3::rep0,glm_supplementary,fyn-2.1.0-roadmap,fyn,Go,glm-5.2,single_shot_v3,glm_supplementary::glm-5.2::fyn-2.1.0-roadmap::single_shot_v3,0,0,0,0,0,0,edit_apply_failed,edit_apply_failed,edit_apply_failed,2026-07-09T05:51:04.142981Z,3090764761e64fcb741ef1e8
glm_supplementary::glm-5.2::fyn-2.1.0-roadmap::single_shot_v3::rep1,glm_supplementary,fyn-2.1.0-roadmap,fyn,Go,glm-5.2,single_shot_v3,glm_supplementary::glm-5.2::fyn-2.1.0-roadmap::single_shot_v3,1,0,0,0,0,0,edit_apply_failed,edit_apply_failed,edit_apply_failed,2026-07-09T05:52:17.855799Z,70b375f73f29fe99ab11ddc5
glm_supplementary::glm-5.2::fyn-2.1.0-roadmap::single_shot_v3::rep2,glm_supplementary,fyn-2.1.0-roadmap,fyn,Go,glm-5.2,single_shot_v3,glm_supplementary::glm-5.2::fyn-2.1.0-roadmap::single_shot_v3,2,0,0,0,0,0,edit_apply_failed,edit_apply_failed,edit_apply_failed,2026-07-09T05:50:51.438374Z,a2eacdb03c60605b6127593d
glm_supplementary::glm-5.2::fyn-2.1.0-roadmap::single_shot_v3::rep3,glm_supplementary,fyn-2.1.0-roadmap,fyn,Go,glm-5.2,single_shot_v3,glm_supplementary::glm-5.2::fyn-2.1.0-roadmap::single_shot_v3,3,1,1,1,1,0,test_failed,,,2026-07-09T10:30:56.157331Z,131abf93e58e77b369d68116
glm_supplementary::glm-5.2::fyn-2.1.0-roadmap::single_shot_v3::rep4,glm_supplementary,fyn-2.1.0-roadmap,fyn,Go,glm-5.2,single_shot_v3,glm_supplementary::glm-5.2::fyn-2.1.0-roadmap::single_shot_v3,4,0,0,0,0,0,edit_json_invalid,edit_json_invalid,edit_json_invalid,2026-07-09T05:56:50.647808Z,107ec5476b9b42993b6a8613
glm_supplementary::glm-5.2::fyn-2.1.0-roadmap::single_shot_v3::rep5,glm_supplementary,fyn-2.1.0-roadmap,fyn,Go,glm-5.2,single_shot_v3,glm_supplementary::glm-5.2::fyn-2.1.0-roadmap::single_shot_v3,5,0,0,0,0,0,edit_json_invalid,edit_json_invalid,edit_json_invalid,2026-07-09T05:57:45.550530Z,cae7685ffff6bcfd9b71f2e7
glm_supplementary::glm-5.2::fyn-2.1.0-roadmap::single_shot_v3::rep6,glm_supplementary,fyn-2.1.0-roadmap,fyn,Go,glm-5.2,single_shot_v3,glm_supplementary::glm-5.2::fyn-2.1.0-roadmap::single_shot_v3,6,0,0,0,0,0,edit_apply_failed,edit_apply_failed,edit_apply_failed,2026-07-09T05:56:39.745170Z,1472711ac529c31a376480f1
glm_supplementary::glm-5.2::fyn-2.1.0-roadmap::single_shot_v3::rep7,glm_supplementary,fyn-2.1.0-roadmap,fyn,Go,glm-5.2,single_shot_v3,glm_supplementary::glm-5.2::fyn-2.1.0-roadmap::single_shot_v3,7,0,0,0,0,0,edit_json_invalid,edit_json_invalid,edit_json_invalid,2026-07-09T06:00:21.444448Z,c7b67086f4100c283cfe2786
glm_supplementary::glm-5.2::fyn-2.1.0-roadmap::staged_v4::rep0,glm_supplementary,fyn-2.1.0-roadmap,fyn,Go,glm-5.2,staged_v4,glm_supplementary::glm-5.2::fyn-2.1.0-roadmap::staged_v4,0,0,0,0,0,0,stage2_contract_failed,candidate_edit_missing,stage2_contract_failed,2026-07-09T06:10:06.976959Z,b01182bf4e80f31711aacec7
glm_supplementary::glm-5.2::fyn-2.1.0-roadmap::staged_v4::rep1,glm_supplementary,fyn-2.1.0-roadmap,fyn,Go,glm-5.2,staged_v4,glm_supplementary::glm-5.2::fyn-2.1.0-roadmap::staged_v4,1,1,1,1,1,0,test_failed,,,2026-07-09T10:31:12.272588Z,829823b68e713bfd2a041218
glm_supplementary::glm-5.2::fyn-2.1.0-roadmap::staged_v4::rep2,glm_supplementary,fyn-2.1.0-roadmap,fyn,Go,glm-5.2,staged_v4,glm_supplementary::glm-5.2::fyn-2.1.0-roadmap::staged_v4,2,0,0,0,0,0,stage2_contract_failed,candidate_edit_ops_invalid,stage2_contract_failed,2026-07-09T06:06:05.075482Z,ade152a93b19ecd15fc2f209
glm_supplementary::glm-5.2::fyn-2.1.0-roadmap::staged_v4::rep3,glm_supplementary,fyn-2.1.0-roadmap,fyn,Go,glm-5.2,staged_v4,glm_supplementary::glm-5.2::fyn-2.1.0-roadmap::staged_v4,3,0,0,0,0,0,stage2_contract_failed,candidate_edit_missing,stage2_contract_failed,2026-07-09T06:10:37.958901Z,79cdeb80173d743a48039a47
glm_supplementary::glm-5.2::fyn-2.1.0-roadmap::staged_v4::rep4,glm_supplementary,fyn-2.1.0-roadmap,fyn,Go,glm-5.2,staged_v4,glm_supplementary::glm-5.2::fyn-2.1.0-roadmap::staged_v4,4,0,0,0,0,0,stage2_contract_failed,candidate_edit_ops_invalid,stage2_contract_failed,2026-07-09T06:12:08.102053Z,09d1c8025aa99b91f84e7d23
glm_supplementary::glm-5.2::fyn-2.1.0-roadmap::staged_v4::rep5,glm_supplementary,fyn-2.1.0-roadmap,fyn,Go,glm-5.2,staged_v4,glm_supplementary::glm-5.2::fyn-2.1.0-roadmap::staged_v4,5,0,0,0,0,0,stage2_contract_failed,candidate_edit_ops_invalid,stage2_contract_failed,2026-07-09T06:13:32.282991Z,a5e32c66cb66d5d9b0116ff4
glm_supplementary::glm-5.2::fyn-2.1.0-roadmap::staged_v4::rep6,glm_supplementary,fyn-2.1.0-roadmap,fyn,Go,glm-5.2,staged_v4,glm_supplementary::glm-5.2::fyn-2.1.0-roadmap::staged_v4,6,0,0,0,0,0,edit_apply_failed,edit_apply_failed,edit_apply_failed,2026-07-09T06:17:37.203594Z,d52688378befaff954ede07c
glm_supplementary::glm-5.2::fyn-2.1.0-roadmap::staged_v4::rep7,glm_supplementary,fyn-2.1.0-roadmap,fyn,Go,glm-5.2,staged_v4,glm_supplementary::glm-5.2::fyn-2.1.0-roadmap::staged_v4,7,0,0,0,0,0,stage2_contract_failed,candidate_edit_missing,stage2_contract_failed,2026-07-09T06:20:59.784598Z,65956e38290af9b28044d0f3
glm_supplementary::glm-5.2::fyn-2.7.0-roadmap::single_shot_v3::rep0,glm_supplementary,fyn-2.7.0-roadmap,fyn,Go,glm-5.2,single_shot_v3,glm_supplementary::glm-5.2::fyn-2.7.0-roadmap::single_shot_v3,0,0,0,0,0,0,edit_json_invalid,edit_json_invalid,edit_json_invalid,2026-07-09T06:16:07.813101Z,342685126e39131919af09dc
glm_supplementary::glm-5.2::fyn-2.7.0-roadmap::single_shot_v3::rep1,glm_supplementary,fyn-2.7.0-roadmap,fyn,Go,glm-5.2,single_shot_v3,glm_supplementary::glm-5.2::fyn-2.7.0-roadmap::single_shot_v3,1,1,1,1,1,0,test_failed,,,2026-07-09T10:31:42.239831Z,ed8767b07e7ea903aa2d4efb
glm_supplementary::glm-5.2::fyn-2.7.0-roadmap::single_shot_v3::rep2,glm_supplementary,fyn-2.7.0-roadmap,fyn,Go,glm-5.2,single_shot_v3,glm_supplementary::glm-5.2::fyn-2.7.0-roadmap::single_shot_v3,2,1,1,1,1,0,test_failed,,,2026-07-09T10:32:04.909502Z,9bc49e035d251697fae6bc8c
glm_supplementary::glm-5.2::fyn-2.7.0-roadmap::single_shot_v3::rep3,glm_supplementary,fyn-2.7.0-roadmap,fyn,Go,glm-5.2,single_shot_v3,glm_supplementary::glm-5.2::fyn-2.7.0-roadmap::single_shot_v3,3,1,1,1,1,0,test_failed,,,2026-07-09T10:32:34.629776Z,8a3f210278d8134366dd8184
glm_supplementary::glm-5.2::fyn-2.7.0-roadmap::single_shot_v3::rep4,glm_supplementary,fyn-2.7.0-roadmap,fyn,Go,glm-5.2,single_shot_v3,glm_supplementary::glm-5.2::fyn-2.7.0-roadmap::single_shot_v3,4,1,1,1,1,0,test_failed,,,2026-07-09T10:33:04.479180Z,2e701db69ca55798e6f18f75
glm_supplementary::glm-5.2::fyn-2.7.0-roadmap::single_shot_v3::rep5,glm_supplementary,fyn-2.7.0-roadmap,fyn,Go,glm-5.2,single_shot_v3,glm_supplementary::glm-5.2::fyn-2.7.0-roadmap::single_shot_v3,5,0,0,0,0,0,edit_json_invalid,edit_json_invalid,edit_json_invalid,2026-07-09T06:22:20.285133Z,c1a634106054a04ebf264673
glm_supplementary::glm-5.2::fyn-2.7.0-roadmap::single_shot_v3::rep6,glm_supplementary,fyn-2.7.0-roadmap,fyn,Go,glm-5.2,single_shot_v3,glm_supplementary::glm-5.2::fyn-2.7.0-roadmap::single_shot_v3,6,0,0,0,0,0,edit_json_invalid,edit_json_invalid,edit_json_invalid,2026-07-09T06:24:26.090285Z,a34556df2cb7d8a7d5f3151b
glm_supplementary::glm-5.2::fyn-2.7.0-roadmap::single_shot_v3::rep7,glm_supplementary,fyn-2.7.0-roadmap,fyn,Go,glm-5.2,single_shot_v3,glm_supplementary::glm-5.2::fyn-2.7.0-roadmap::single_shot_v3,7,1,1,1,1,0,test_failed,,,2026-07-09T10:33:34.126828Z,43452e66090e17496a7dd8b9
glm_supplementary::glm-5.2::fyn-2.7.0-roadmap::staged_v4::rep0,glm_supplementary,fyn-2.7.0-roadmap,fyn,Go,glm-5.2,staged_v4,glm_supplementary::glm-5.2::fyn-2.7.0-roadmap::staged_v4,0,0,0,0,0,0,stage2_contract_failed,candidate_edit_missing,stage2_contract_failed,2026-07-09T06:31:16.127484Z,cad2521ed82edc697914364b
glm_supplementary::glm-5.2::fyn-2.7.0-roadmap::staged_v4::rep1,glm_supplementary,fyn-2.7.0-roadmap,fyn,Go,glm-5.2,staged_v4,glm_supplementary::glm-5.2::fyn-2.7.0-roadmap::staged_v4,1,1,1,1,1,0,test_failed,,,2026-07-09T10:34:02.653067Z,f3893aa9096d578a594d89f9
glm_supplementary::glm-5.2::fyn-2.7.0-roadmap::staged_v4::rep2,glm_supplementary,fyn-2.7.0-roadmap,fyn,Go,glm-5.2,staged_v4,glm_supplementary::glm-5.2::fyn-2.7.0-roadmap::staged_v4,2,1,1,1,1,0,test_failed,,,2026-07-09T10:34:32.526306Z,cef0baade865d9941d4b2817
glm_supplementary::glm-5.2::fyn-2.7.0-roadmap::staged_v4::rep3,glm_supplementary,fyn-2.7.0-roadmap,fyn,Go,glm-5.2,staged_v4,glm_supplementary::glm-5.2::fyn-2.7.0-roadmap::staged_v4,3,1,1,1,1,0,test_failed,,,2026-07-09T10:34:55.296905Z,f7a5e5eb2359217d12d43161
glm_supplementary::glm-5.2::fyn-2.7.0-roadmap::staged_v4::rep4,glm_supplementary,fyn-2.7.0-roadmap,fyn,Go,glm-5.2,staged_v4,glm_supplementary::glm-5.2::fyn-2.7.0-roadmap::staged_v4,4,1,1,1,1,0,test_failed,,,2026-07-09T10:35:18.093978Z,4cf2d4555d9fd916ed404ba0
glm_supplementary::glm-5.2::fyn-2.7.0-roadmap::staged_v4::rep5,glm_supplementary,fyn-2.7.0-roadmap,fyn,Go,glm-5.2,staged_v4,glm_supplementary::glm-5.2::fyn-2.7.0-roadmap::staged_v4,5,1,1,1,1,0,test_failed,,,2026-07-09T10:35:37.224782Z,24bb6ec7a41d51ef1d9d849d
glm_supplementary::glm-5.2::fyn-2.7.0-roadmap::staged_v4::rep6,glm_supplementary,fyn-2.7.0-roadmap,fyn,Go,glm-5.2,staged_v4,glm_supplementary::glm-5.2::fyn-2.7.0-roadmap::staged_v4,6,0,0,0,0,0,stage2_contract_failed,candidate_edit_ops_invalid,stage2_contract_failed,2026-07-09T06:35:00.950193Z,6db3046203a2280db0f40939
glm_supplementary::glm-5.2::fyn-2.7.0-roadmap::staged_v4::rep7,glm_supplementary,fyn-2.7.0-roadmap,fyn,Go,glm-5.2,staged_v4,glm_supplementary::glm-5.2::fyn-2.7.0-roadmap::staged_v4,7,0,0,0,0,0,stage2_contract_failed,stage2_edit_outside_stage_state,stage2_contract_failed,2026-07-09T06:34:22.334852Z,c9adbb3acdc418f6a6d17966
glm_supplementary::glm-5.2::glz-3.0.0-roadmap::single_shot_v3::rep0,glm_supplementary,glz-3.0.0-roadmap,glz,C++,glm-5.2,single_shot_v3,glm_supplementary::glm-5.2::glz-3.0.0-roadmap::single_shot_v3,0,0,0,0,0,0,edit_apply_failed,edit_apply_failed,edit_apply_failed,2026-07-09T06:32:16.617665Z,08b12a92ecab1a003fb34233
glm_supplementary::glm-5.2::glz-3.0.0-roadmap::single_shot_v3::rep1,glm_supplementary,glz-3.0.0-roadmap,glz,C++,glm-5.2,single_shot_v3,glm_supplementary::glm-5.2::glz-3.0.0-roadmap::single_shot_v3,1,0,0,0,0,0,edit_apply_failed,edit_apply_failed,edit_apply_failed,2026-07-09T06:33:19.852987Z,ffab9bc7434cb1f833733c87
glm_supplementary::glm-5.2::glz-3.0.0-roadmap::single_shot_v3::rep2,glm_supplementary,glz-3.0.0-roadmap,glz,C++,glm-5.2,single_shot_v3,glm_supplementary::glm-5.2::glz-3.0.0-roadmap::single_shot_v3,2,0,0,0,0,0,edit_apply_failed,edit_apply_failed,edit_apply_failed,2026-07-09T06:37:05.885683Z,6c3a052e7989a92c8571c15d
glm_supplementary::glm-5.2::glz-3.0.0-roadmap::single_shot_v3::rep3,glm_supplementary,glz-3.0.0-roadmap,glz,C++,glm-5.2,single_shot_v3,glm_supplementary::glm-5.2::glz-3.0.0-roadmap::single_shot_v3,3,0,0,0,0,0,edit_json_invalid,edit_json_invalid,edit_json_invalid,2026-07-09T06:35:42.445891Z,ff4178f30036c49f9f514df3
glm_supplementary::glm-5.2::glz-3.0.0-roadmap::single_shot_v3::rep4,glm_supplementary,glz-3.0.0-roadmap,glz,C++,glm-5.2,single_shot_v3,glm_supplementary::glm-5.2::glz-3.0.0-roadmap::single_shot_v3,4,0,0,0,0,0,edit_apply_failed,edit_apply_failed,edit_apply_failed,2026-07-09T06:36:33.733508Z,270a4ffc9c19256764bc0198
glm_supplementary::glm-5.2::glz-3.0.0-roadmap::single_shot_v3::rep5,glm_supplementary,glz-3.0.0-roadmap,glz,C++,glm-5.2,single_shot_v3,glm_supplementary::glm-5.2::glz-3.0.0-roadmap::single_shot_v3,5,0,0,0,0,0,edit_json_invalid,edit_json_invalid,edit_json_invalid,2026-07-09T06:38:01.778480Z,0d9fa2d1c781990694e0f746
glm_supplementary::glm-5.2::glz-3.0.0-roadmap::single_shot_v3::rep6,glm_supplementary,glz-3.0.0-roadmap,glz,C++,glm-5.2,single_shot_v3,glm_supplementary::glm-5.2::glz-3.0.0-roadmap::single_shot_v3,6,0,0,0,0,0,edit_apply_failed,edit_apply_failed,edit_apply_failed,2026-07-09T06:37:10.028454Z,99721afb1f249bb985e681a6
glm_supplementary::glm-5.2::glz-3.0.0-roadmap::single_shot_v3::rep7,glm_supplementary,glz-3.0.0-roadmap,glz,C++,glm-5.2,single_shot_v3,glm_supplementary::glm-5.2::glz-3.0.0-roadmap::single_shot_v3,7,0,0,0,0,0,edit_apply_failed,edit_apply_failed,edit_apply_failed,2026-07-09T06:39:33.079589Z,da50bf729d792d414aca3eae
glm_supplementary::glm-5.2::glz-3.0.0-roadmap::staged_v4::rep0,glm_supplementary,glz-3.0.0-roadmap,glz,C++,glm-5.2,staged_v4,glm_supplementary::glm-5.2::glz-3.0.0-roadmap::staged_v4,0,0,0,0,0,0,stage2_contract_failed,candidate_edit_ops_invalid,stage2_contract_failed,2026-07-09T06:38:35.999816Z,4043b22c7ff9c5cc411cace9
glm_supplementary::glm-5.2::glz-3.0.0-roadmap::staged_v4::rep1,glm_supplementary,glz-3.0.0-roadmap,glz,C++,glm-5.2,staged_v4,glm_supplementary::glm-5.2::glz-3.0.0-roadmap::staged_v4,1,0,0,0,0,0,stage2_contract_failed,candidate_edit_ops_invalid,stage2_contract_failed,2026-07-09T06:39:36.146036Z,f622d43a96e9e20611b60776
glm_supplementary::glm-5.2::glz-3.0.0-roadmap::staged_v4::rep2,glm_supplementary,glz-3.0.0-roadmap,glz,C++,glm-5.2,staged_v4,glm_supplementary::glm-5.2::glz-3.0.0-roadmap::staged_v4,2,0,1,0,0,0,patch_apply_failed,other_patch_apply_failure,patch_apply_failed,2026-07-09T10:35:37.244323Z,be1585193fed227a18f61509
glm_supplementary::glm-5.2::glz-3.0.0-roadmap::staged_v4::rep3,glm_supplementary,glz-3.0.0-roadmap,glz,C++,glm-5.2,staged_v4,glm_supplementary::glm-5.2::glz-3.0.0-roadmap::staged_v4,3,0,1,0,0,0,patch_apply_failed,other_patch_apply_failure,patch_apply_failed,2026-07-09T10:35:37.257797Z,4f86feeece8ddd72891cad98
glm_supplementary::glm-5.2::glz-3.0.0-roadmap::staged_v4::rep4,glm_supplementary,glz-3.0.0-roadmap,glz,C++,glm-5.2,staged_v4,glm_supplementary::glm-5.2::glz-3.0.0-roadmap::staged_v4,4,0,0,0,0,0,stage2_contract_failed,candidate_edit_ops_invalid,stage2_contract_failed,2026-07-09T06:41:35.646044Z,43e1afc9eb945e9a80b62995
glm_supplementary::glm-5.2::glz-3.0.0-roadmap::staged_v4::rep5,glm_supplementary,glz-3.0.0-roadmap,glz,C++,glm-5.2,staged_v4,glm_supplementary::glm-5.2::glz-3.0.0-roadmap::staged_v4,5,0,0,0,0,0,stage2_contract_failed,candidate_edit_ops_invalid,stage2_contract_failed,2026-07-09T06:41:36.608062Z,26412b53e4438f74b581e914
glm_supplementary::glm-5.2::glz-3.0.0-roadmap::staged_v4::rep6,glm_supplementary,glz-3.0.0-roadmap,glz,C++,glm-5.2,staged_v4,glm_supplementary::glm-5.2::glz-3.0.0-roadmap::staged_v4,6,0,0,0,0,0,stage2_contract_failed,candidate_edit_ops_invalid,stage2_contract_failed,2026-07-09T06:42:05.048271Z,385213dcb94e150c0c725fdf
glm_supplementary::glm-5.2::glz-3.0.0-roadmap::staged_v4::rep7,glm_supplementary,glz-3.0.0-roadmap,glz,C++,glm-5.2,staged_v4,glm_supplementary::glm-5.2::glz-3.0.0-roadmap::staged_v4,7,0,1,0,0,0,patch_apply_failed,other_patch_apply_failure,patch_apply_failed,2026-07-09T10:35:37.270168Z,594b868abcea1e3f52a9bddb
glm_supplementary::glm-5.2::glz-4.0.0-roadmap::single_shot_v3::rep0,glm_supplementary,glz-4.0.0-roadmap,glz,C++,glm-5.2,single_shot_v3,glm_supplementary::glm-5.2::glz-4.0.0-roadmap::single_shot_v3,0,1,1,1,1,0,test_failed,,,2026-07-09T10:36:04.011925Z,0f4ba99ed9fb8b32105b7187
glm_supplementary::glm-5.2::glz-4.0.0-roadmap::single_shot_v3::rep1,glm_supplementary,glz-4.0.0-roadmap,glz,C++,glm-5.2,single_shot_v3,glm_supplementary::glm-5.2::glz-4.0.0-roadmap::single_shot_v3,1,0,0,0,0,0,edit_path_disallowed,edit_path_disallowed,edit_path_disallowed,2026-07-09T06:42:52.373287Z,08774cd223e1cee6a356a203
glm_supplementary::glm-5.2::glz-4.0.0-roadmap::single_shot_v3::rep2,glm_supplementary,glz-4.0.0-roadmap,glz,C++,glm-5.2,single_shot_v3,glm_supplementary::glm-5.2::glz-4.0.0-roadmap::single_shot_v3,2,1,1,1,1,0,test_failed,,,2026-07-09T10:36:26.385112Z,b05d107580cce2de64ef534c
glm_supplementary::glm-5.2::glz-4.0.0-roadmap::single_shot_v3::rep3,glm_supplementary,glz-4.0.0-roadmap,glz,C++,glm-5.2,single_shot_v3,glm_supplementary::glm-5.2::glz-4.0.0-roadmap::single_shot_v3,3,1,1,1,1,0,test_failed,,,2026-07-09T10:36:55.812816Z,4573aff5280664becf4ccf4b
glm_supplementary::glm-5.2::glz-4.0.0-roadmap::single_shot_v3::rep4,glm_supplementary,glz-4.0.0-roadmap,glz,C++,glm-5.2,single_shot_v3,glm_supplementary::glm-5.2::glz-4.0.0-roadmap::single_shot_v3,4,1,1,1,1,0,test_failed,,,2026-07-09T10:37:24.999093Z,760698980e631414cbf211ae
glm_supplementary::glm-5.2::glz-4.0.0-roadmap::single_shot_v3::rep5,glm_supplementary,glz-4.0.0-roadmap,glz,C++,glm-5.2,single_shot_v3,glm_supplementary::glm-5.2::glz-4.0.0-roadmap::single_shot_v3,5,0,0,0,0,0,edit_apply_failed,edit_apply_failed,edit_apply_failed,2026-07-09T06:43:12.497413Z,a12f16b74e8a08188eeda393
glm_supplementary::glm-5.2::glz-4.0.0-roadmap::single_shot_v3::rep6,glm_supplementary,glz-4.0.0-roadmap,glz,C++,glm-5.2,single_shot_v3,glm_supplementary::glm-5.2::glz-4.0.0-roadmap::single_shot_v3,6,0,0,0,0,0,edit_apply_failed,edit_apply_failed,edit_apply_failed,2026-07-09T06:43:29.590053Z,135e165f0410b076046c6905
glm_supplementary::glm-5.2::glz-4.0.0-roadmap::single_shot_v3::rep7,glm_supplementary,glz-4.0.0-roadmap,glz,C++,glm-5.2,single_shot_v3,glm_supplementary::glm-5.2::glz-4.0.0-roadmap::single_shot_v3,7,1,1,1,1,0,test_failed,,,2026-07-09T10:37:50.750680Z,c4178ba0baddccebc1a1b5b2
glm_supplementary::glm-5.2::glz-4.0.0-roadmap::staged_v4::rep0,glm_supplementary,glz-4.0.0-roadmap,glz,C++,glm-5.2,staged_v4,glm_supplementary::glm-5.2::glz-4.0.0-roadmap::staged_v4,0,0,0,0,0,0,stage1_plan_failed,stage_state_existing_files_invalid,stage1_plan_failed,2026-07-09T06:43:03.613359Z,f2a4eec68d3cf61b3ce671a5
glm_supplementary::glm-5.2::glz-4.0.0-roadmap::staged_v4::rep1,glm_supplementary,glz-4.0.0-roadmap,glz,C++,glm-5.2,staged_v4,glm_supplementary::glm-5.2::glz-4.0.0-roadmap::staged_v4,1,0,0,0,0,0,stage1_plan_failed,stage_state_existing_files_invalid,stage1_plan_failed,2026-07-09T06:43:00.645654Z,f49bbdde1c6845aa7490ac03
glm_supplementary::glm-5.2::glz-4.0.0-roadmap::staged_v4::rep2,glm_supplementary,glz-4.0.0-roadmap,glz,C++,glm-5.2,staged_v4,glm_supplementary::glm-5.2::glz-4.0.0-roadmap::staged_v4,2,0,0,0,0,0,stage1_plan_failed,stage_state_existing_files_invalid,stage1_plan_failed,2026-07-09T06:43:15.664018Z,eeab4e79a846d1433b8ffb6b
glm_supplementary::glm-5.2::glz-4.0.0-roadmap::staged_v4::rep3,glm_supplementary,glz-4.0.0-roadmap,glz,C++,glm-5.2,staged_v4,glm_supplementary::glm-5.2::glz-4.0.0-roadmap::staged_v4,3,0,0,0,0,0,stage1_plan_failed,stage_state_existing_files_invalid,stage1_plan_failed,2026-07-09T06:43:16.449782Z,b94ab4de4976e776f5b8b57f
glm_supplementary::glm-5.2::glz-4.0.0-roadmap::staged_v4::rep4,glm_supplementary,glz-4.0.0-roadmap,glz,C++,glm-5.2,staged_v4,glm_supplementary::glm-5.2::glz-4.0.0-roadmap::staged_v4,4,0,0,0,0,0,stage1_plan_failed,stage_state_existing_files_invalid,stage1_plan_failed,2026-07-09T06:43:25.733770Z,1582d7249d31633f952869fd
glm_supplementary::glm-5.2::glz-4.0.0-roadmap::staged_v4::rep5,glm_supplementary,glz-4.0.0-roadmap,glz,C++,glm-5.2,staged_v4,glm_supplementary::glm-5.2::glz-4.0.0-roadmap::staged_v4,5,0,0,0,0,0,stage1_plan_failed,stage_state_existing_files_invalid,stage1_plan_failed,2026-07-09T06:43:27.077557Z,cf0828caa30c4b37d9c863dd
glm_supplementary::glm-5.2::glz-4.0.0-roadmap::staged_v4::rep6,glm_supplementary,glz-4.0.0-roadmap,glz,C++,glm-5.2,staged_v4,glm_supplementary::glm-5.2::glz-4.0.0-roadmap::staged_v4,6,0,0,0,0,0,stage1_plan_failed,stage_state_existing_files_invalid,stage1_plan_failed,2026-07-09T06:43:29.667617Z,4cc0b6a644f3ac5ef9f8368d
glm_supplementary::glm-5.2::glz-4.0.0-roadmap::staged_v4::rep7,glm_supplementary,glz-4.0.0-roadmap,glz,C++,glm-5.2,staged_v4,glm_supplementary::glm-5.2::glz-4.0.0-roadmap::staged_v4,7,0,0,0,0,0,stage1_plan_failed,stage_state_existing_files_invalid,stage1_plan_failed,2026-07-09T06:43:37.340833Z,dad225848baf855d83a4f025
glm_supplementary::glm-5.2::ktx-0.10.0-roadmap::single_shot_v3::rep0,glm_supplementary,ktx-0.10.0-roadmap,ktx,Go,glm-5.2,single_shot_v3,glm_supplementary::glm-5.2::ktx-0.10.0-roadmap::single_shot_v3,0,0,0,0,0,0,edit_apply_failed,edit_apply_failed,edit_apply_failed,2026-07-09T06:45:51.179056Z,441c5a1d7992b33d5a7985c4
glm_supplementary::glm-5.2::ktx-0.10.0-roadmap::single_shot_v3::rep1,glm_supplementary,ktx-0.10.0-roadmap,ktx,Go,glm-5.2,single_shot_v3,glm_supplementary::glm-5.2::ktx-0.10.0-roadmap::single_shot_v3,1,0,0,0,0,0,edit_json_invalid,edit_json_invalid,edit_json_invalid,2026-07-09T06:46:36.305950Z,282f07f8bf438bceeb262d6c
glm_supplementary::glm-5.2::ktx-0.10.0-roadmap::single_shot_v3::rep2,glm_supplementary,ktx-0.10.0-roadmap,ktx,Go,glm-5.2,single_shot_v3,glm_supplementary::glm-5.2::ktx-0.10.0-roadmap::single_shot_v3,2,0,0,0,0,0,edit_json_invalid,edit_json_invalid,edit_json_invalid,2026-07-09T06:45:58.016203Z,6720694b1b8bd9ddba4d8071
glm_supplementary::glm-5.2::ktx-0.10.0-roadmap::single_shot_v3::rep3,glm_supplementary,ktx-0.10.0-roadmap,ktx,Go,glm-5.2,single_shot_v3,glm_supplementary::glm-5.2::ktx-0.10.0-roadmap::single_shot_v3,3,0,0,0,0,0,edit_json_invalid,edit_json_invalid,edit_json_invalid,2026-07-09T06:45:55.541202Z,f3fbb13643440a6854302f0f
glm_supplementary::glm-5.2::ktx-0.10.0-roadmap::single_shot_v3::rep4,glm_supplementary,ktx-0.10.0-roadmap,ktx,Go,glm-5.2,single_shot_v3,glm_supplementary::glm-5.2::ktx-0.10.0-roadmap::single_shot_v3,4,0,0,0,0,0,edit_apply_failed,edit_apply_failed,edit_apply_failed,2026-07-09T06:47:47.020196Z,02eb071f149922d3f32b5096
glm_supplementary::glm-5.2::ktx-0.10.0-roadmap::single_shot_v3::rep5,glm_supplementary,ktx-0.10.0-roadmap,ktx,Go,glm-5.2,single_shot_v3,glm_supplementary::glm-5.2::ktx-0.10.0-roadmap::single_shot_v3,5,0,0,0,0,0,edit_json_invalid,edit_json_invalid,edit_json_invalid,2026-07-09T06:47:20.370106Z,06b1ea2e33950c5717821596
glm_supplementary::glm-5.2::ktx-0.10.0-roadmap::single_shot_v3::rep6,glm_supplementary,ktx-0.10.0-roadmap,ktx,Go,glm-5.2,single_shot_v3,glm_supplementary::glm-5.2::ktx-0.10.0-roadmap::single_shot_v3,6,1,1,1,1,0,test_failed,,,2026-07-09T10:38:17.127487Z,b8dbc8bc2f0e1b157383a7c4
glm_supplementary::glm-5.2::ktx-0.10.0-roadmap::single_shot_v3::rep7,glm_supplementary,ktx-0.10.0-roadmap,ktx,Go,glm-5.2,single_shot_v3,glm_supplementary::glm-5.2::ktx-0.10.0-roadmap::single_shot_v3,7,0,0,0,0,0,edit_apply_failed,edit_apply_failed,edit_apply_failed,2026-07-09T06:48:07.924856Z,d846cb1a2e19845784f35c3b
glm_supplementary::glm-5.2::ktx-0.10.0-roadmap::staged_v4::rep0,glm_supplementary,ktx-0.10.0-roadmap,ktx,Go,glm-5.2,staged_v4,glm_supplementary::glm-5.2::ktx-0.10.0-roadmap::staged_v4,0,0,0,0,0,0,edit_apply_failed,edit_apply_failed,edit_apply_failed,2026-07-09T06:51:02.870242Z,8af73782380ce82239f4dbca
glm_supplementary::glm-5.2::ktx-0.10.0-roadmap::staged_v4::rep1,glm_supplementary,ktx-0.10.0-roadmap,ktx,Go,glm-5.2,staged_v4,glm_supplementary::glm-5.2::ktx-0.10.0-roadmap::staged_v4,1,0,0,0,0,0,stage2_contract_failed,candidate_edit_ops_invalid,stage2_contract_failed,2026-07-09T06:50:55.468251Z,31860b0bee2a55a7d00b4bf2
glm_supplementary::glm-5.2::ktx-0.10.0-roadmap::staged_v4::rep2,glm_supplementary,ktx-0.10.0-roadmap,ktx,Go,glm-5.2,staged_v4,glm_supplementary::glm-5.2::ktx-0.10.0-roadmap::staged_v4,2,0,0,0,0,0,stage2_contract_failed,candidate_edit_ops_invalid,stage2_contract_failed,2026-07-09T06:52:14.057256Z,d5fce2040191ecabf34ac254
glm_supplementary::glm-5.2::ktx-0.10.0-roadmap::staged_v4::rep3,glm_supplementary,ktx-0.10.0-roadmap,ktx,Go,glm-5.2,staged_v4,glm_supplementary::glm-5.2::ktx-0.10.0-roadmap::staged_v4,3,0,0,0,0,0,stage2_contract_failed,candidate_edit_ops_invalid,stage2_contract_failed,2026-07-09T06:52:37.989183Z,5c82fd9438d44120694010c4
glm_supplementary::glm-5.2::ktx-0.10.0-roadmap::staged_v4::rep4,glm_supplementary,ktx-0.10.0-roadmap,ktx,Go,glm-5.2,staged_v4,glm_supplementary::glm-5.2::ktx-0.10.0-roadmap::staged_v4,4,0,0,0,0,0,stage2_contract_failed,candidate_edit_missing,stage2_contract_failed,2026-07-09T07:01:13.621831Z,c2237ca26a9dafea8701e80c
glm_supplementary::glm-5.2::ktx-0.10.0-roadmap::staged_v4::rep5,glm_supplementary,ktx-0.10.0-roadmap,ktx,Go,glm-5.2,staged_v4,glm_supplementary::glm-5.2::ktx-0.10.0-roadmap::staged_v4,5,1,1,1,1,0,test_failed,,,2026-07-09T10:38:43.122490Z,e08b33fb5b80cfb9e3366750
glm_supplementary::glm-5.2::ktx-0.10.0-roadmap::staged_v4::rep6,glm_supplementary,ktx-0.10.0-roadmap,ktx,Go,glm-5.2,staged_v4,glm_supplementary::glm-5.2::ktx-0.10.0-roadmap::staged_v4,6,0,0,0,0,0,stage2_contract_failed,stage2_edit_outside_stage_state,stage2_contract_failed,2026-07-09T06:54:22.014163Z,58ab2cb5e34d83e53ad6c36a
glm_supplementary::glm-5.2::ktx-0.10.0-roadmap::staged_v4::rep7,glm_supplementary,ktx-0.10.0-roadmap,ktx,Go,glm-5.2,staged_v4,glm_supplementary::glm-5.2::ktx-0.10.0-roadmap::staged_v4,7,0,0,0,0,0,stage2_contract_failed,candidate_edit_ops_invalid,stage2_contract_failed,2026-07-09T06:55:14.008358Z,2214abd4040d0fdcabc0105e
glm_supplementary::glm-5.2::mko-3.0.0-roadmap::single_shot_v3::rep0,glm_supplementary,mko-3.0.0-roadmap,mko,TypeScript,glm-5.2,single_shot_v3,glm_supplementary::glm-5.2::mko-3.0.0-roadmap::single_shot_v3,0,0,1,0,0,0,patch_apply_failed,other_patch_apply_failure,patch_apply_failed,2026-07-09T10:38:43.143325Z,406000a2d45eb346adbdf80d
glm_supplementary::glm-5.2::mko-3.0.0-roadmap::single_shot_v3::rep1,glm_supplementary,mko-3.0.0-roadmap,mko,TypeScript,glm-5.2,single_shot_v3,glm_supplementary::glm-5.2::mko-3.0.0-roadmap::single_shot_v3,1,0,1,0,0,0,patch_apply_failed,other_patch_apply_failure,patch_apply_failed,2026-07-09T10:38:43.160172Z,8cdb1bc2576e50ef983b3ee3
glm_supplementary::glm-5.2::mko-3.0.0-roadmap::single_shot_v3::rep2,glm_supplementary,mko-3.0.0-roadmap,mko,TypeScript,glm-5.2,single_shot_v3,glm_supplementary::glm-5.2::mko-3.0.0-roadmap::single_shot_v3,2,0,0,0,0,0,edit_json_invalid,edit_json_invalid,edit_json_invalid,2026-07-09T06:57:12.054920Z,9c737b39fadbf9f4ea6c629e
glm_supplementary::glm-5.2::mko-3.0.0-roadmap::single_shot_v3::rep3,glm_supplementary,mko-3.0.0-roadmap,mko,TypeScript,glm-5.2,single_shot_v3,glm_supplementary::glm-5.2::mko-3.0.0-roadmap::single_shot_v3,3,0,1,0,0,0,patch_apply_failed,other_patch_apply_failure,patch_apply_failed,2026-07-09T10:38:43.172065Z,f27313868f9ef8ded93cb9c5
glm_supplementary::glm-5.2::mko-3.0.0-roadmap::single_shot_v3::rep4,glm_supplementary,mko-3.0.0-roadmap,mko,TypeScript,glm-5.2,single_shot_v3,glm_supplementary::glm-5.2::mko-3.0.0-roadmap::single_shot_v3,4,0,0,0,0,0,edit_apply_failed,edit_apply_failed,edit_apply_failed,2026-07-09T06:57:50.506513Z,da77a740cdb79d722629c1b7
glm_supplementary::glm-5.2::mko-3.0.0-roadmap::single_shot_v3::rep5,glm_supplementary,mko-3.0.0-roadmap,mko,TypeScript,glm-5.2,single_shot_v3,glm_supplementary::glm-5.2::mko-3.0.0-roadmap::single_shot_v3,5,0,1,0,0,0,patch_apply_failed,other_patch_apply_failure,patch_apply_failed,2026-07-09T10:38:43.182743Z,02a9655c9e6ba67cc99d7fb6
glm_supplementary::glm-5.2::mko-3.0.0-roadmap::single_shot_v3::rep6,glm_supplementary,mko-3.0.0-roadmap,mko,TypeScript,glm-5.2,single_shot_v3,glm_supplementary::glm-5.2::mko-3.0.0-roadmap::single_shot_v3,6,0,0,0,0,0,edit_json_invalid,edit_json_invalid,edit_json_invalid,2026-07-09T06:58:29.172659Z,83af2f8fa2c29b60efcbed27
glm_supplementary::glm-5.2::mko-3.0.0-roadmap::single_shot_v3::rep7,glm_supplementary,mko-3.0.0-roadmap,mko,TypeScript,glm-5.2,single_shot_v3,glm_supplementary::glm-5.2::mko-3.0.0-roadmap::single_shot_v3,7,0,0,0,0,0,edit_apply_failed,edit_apply_failed,edit_apply_failed,2026-07-09T06:59:33.722351Z,7fe5464bf8e864fb8437ef67
glm_supplementary::glm-5.2::mko-3.0.0-roadmap::staged_v4::rep0,glm_supplementary,mko-3.0.0-roadmap,mko,TypeScript,glm-5.2,staged_v4,glm_supplementary::glm-5.2::mko-3.0.0-roadmap::staged_v4,0,0,0,0,0,0,edit_apply_failed,edit_apply_failed,edit_apply_failed,2026-07-09T07:03:08.240041Z,e9084c9314c925fce2ede866
glm_supplementary::glm-5.2::mko-3.0.0-roadmap::staged_v4::rep1,glm_supplementary,mko-3.0.0-roadmap,mko,TypeScript,glm-5.2,staged_v4,glm_supplementary::glm-5.2::mko-3.0.0-roadmap::staged_v4,1,0,1,0,0,0,patch_apply_failed,other_patch_apply_failure,patch_apply_failed,2026-07-09T10:38:43.193524Z,51efc51cc66b3779c15b4aab
glm_supplementary::glm-5.2::mko-3.0.0-roadmap::staged_v4::rep2,glm_supplementary,mko-3.0.0-roadmap,mko,TypeScript,glm-5.2,staged_v4,glm_supplementary::glm-5.2::mko-3.0.0-roadmap::staged_v4,2,0,0,0,0,0,stage2_contract_failed,candidate_edit_ops_invalid,stage2_contract_failed,2026-07-09T07:03:33.516483Z,82afb9eaebe34038749cc48c
glm_supplementary::glm-5.2::mko-3.0.0-roadmap::staged_v4::rep3,glm_supplementary,mko-3.0.0-roadmap,mko,TypeScript,glm-5.2,staged_v4,glm_supplementary::glm-5.2::mko-3.0.0-roadmap::staged_v4,3,0,1,0,0,0,patch_apply_failed,other_patch_apply_failure,patch_apply_failed,2026-07-09T10:38:43.206120Z,800f227db3f19ce14575031c
glm_supplementary::glm-5.2::mko-3.0.0-roadmap::staged_v4::rep4,glm_supplementary,mko-3.0.0-roadmap,mko,TypeScript,glm-5.2,staged_v4,glm_supplementary::glm-5.2::mko-3.0.0-roadmap::staged_v4,4,0,0,0,0,0,stage2_contract_failed,stage2_edit_outside_stage_state,stage2_contract_failed,2026-07-09T07:06:30.313446Z,94265d0591b7a5659e216131
glm_supplementary::glm-5.2::mko-3.0.0-roadmap::staged_v4::rep5,glm_supplementary,mko-3.0.0-roadmap,mko,TypeScript,glm-5.2,staged_v4,glm_supplementary::glm-5.2::mko-3.0.0-roadmap::staged_v4,5,0,1,0,0,0,patch_apply_failed,other_patch_apply_failure,patch_apply_failed,2026-07-09T10:38:43.216534Z,9635c0385816be0100070f7d
glm_supplementary::glm-5.2::mko-3.0.0-roadmap::staged_v4::rep6,glm_supplementary,mko-3.0.0-roadmap,mko,TypeScript,glm-5.2,staged_v4,glm_supplementary::glm-5.2::mko-3.0.0-roadmap::staged_v4,6,0,0,0,0,0,stage2_contract_failed,stage2_edit_outside_stage_state,stage2_contract_failed,2026-07-09T07:07:26.521753Z,0c9bd823ea59ade51a5877b1
glm_supplementary::glm-5.2::mko-3.0.0-roadmap::staged_v4::rep7,glm_supplementary,mko-3.0.0-roadmap,mko,TypeScript,glm-5.2,staged_v4,glm_supplementary::glm-5.2::mko-3.0.0-roadmap::staged_v4,7,0,1,0,0,0,patch_apply_failed,other_patch_apply_failure,patch_apply_failed,2026-07-09T10:38:43.227241Z,b7470c0cce222ed25b4db4ca
glm_supplementary::glm-5.2::mko-4.0.0-roadmap::single_shot_v3::rep0,glm_supplementary,mko-4.0.0-roadmap,mko,TypeScript,glm-5.2,single_shot_v3,glm_supplementary::glm-5.2::mko-4.0.0-roadmap::single_shot_v3,0,1,1,1,1,0,test_failed,,,2026-07-09T10:39:42.448608Z,b66f53eef25f34ba7587503b
glm_supplementary::glm-5.2::mko-4.0.0-roadmap::single_shot_v3::rep1,glm_supplementary,mko-4.0.0-roadmap,mko,TypeScript,glm-5.2,single_shot_v3,glm_supplementary::glm-5.2::mko-4.0.0-roadmap::single_shot_v3,1,0,0,0,0,0,edit_json_invalid,edit_json_invalid,edit_json_invalid,2026-07-09T07:07:36.970361Z,44327c4b5866a3cf3940c658
glm_supplementary::glm-5.2::mko-4.0.0-roadmap::single_shot_v3::rep2,glm_supplementary,mko-4.0.0-roadmap,mko,TypeScript,glm-5.2,single_shot_v3,glm_supplementary::glm-5.2::mko-4.0.0-roadmap::single_shot_v3,2,0,0,0,0,0,edit_json_invalid,edit_json_invalid,edit_json_invalid,2026-07-09T07:07:49.444680Z,c3f038cb021d4a3a045bc50d
glm_supplementary::glm-5.2::mko-4.0.0-roadmap::single_shot_v3::rep3,glm_supplementary,mko-4.0.0-roadmap,mko,TypeScript,glm-5.2,single_shot_v3,glm_supplementary::glm-5.2::mko-4.0.0-roadmap::single_shot_v3,3,1,1,1,1,0,test_failed,,,2026-07-09T10:40:40.216928Z,daa876964b952d0a665cae5e
glm_supplementary::glm-5.2::mko-4.0.0-roadmap::single_shot_v3::rep4,glm_supplementary,mko-4.0.0-roadmap,mko,TypeScript,glm-5.2,single_shot_v3,glm_supplementary::glm-5.2::mko-4.0.0-roadmap::single_shot_v3,4,0,0,0,0,0,edit_json_invalid,edit_json_invalid,edit_json_invalid,2026-07-09T07:08:52.379868Z,d85540ecbad17324bcc15832
glm_supplementary::glm-5.2::mko-4.0.0-roadmap::single_shot_v3::rep5,glm_supplementary,mko-4.0.0-roadmap,mko,TypeScript,glm-5.2,single_shot_v3,glm_supplementary::glm-5.2::mko-4.0.0-roadmap::single_shot_v3,5,0,0,0,0,0,edit_json_invalid,edit_json_invalid,edit_json_invalid,2026-07-09T07:08:51.058536Z,2a288a66b137d2534e35e40f
glm_supplementary::glm-5.2::mko-4.0.0-roadmap::single_shot_v3::rep6,glm_supplementary,mko-4.0.0-roadmap,mko,TypeScript,glm-5.2,single_shot_v3,glm_supplementary::glm-5.2::mko-4.0.0-roadmap::single_shot_v3,6,0,0,0,0,0,edit_json_invalid,edit_json_invalid,edit_json_invalid,2026-07-09T07:09:45.970763Z,f8ddae172d9adc6b00dcdeab
glm_supplementary::glm-5.2::mko-4.0.0-roadmap::single_shot_v3::rep7,glm_supplementary,mko-4.0.0-roadmap,mko,TypeScript,glm-5.2,single_shot_v3,glm_supplementary::glm-5.2::mko-4.0.0-roadmap::single_shot_v3,7,0,0,0,0,0,edit_json_invalid,edit_json_invalid,edit_json_invalid,2026-07-09T07:09:44.910290Z,b470d19862d5f4841f8b23df
glm_supplementary::glm-5.2::mko-4.0.0-roadmap::staged_v4::rep0,glm_supplementary,mko-4.0.0-roadmap,mko,TypeScript,glm-5.2,staged_v4,glm_supplementary::glm-5.2::mko-4.0.0-roadmap::staged_v4,0,0,0,0,0,0,stage1_plan_failed,stage_state_edit_targets_invalid,stage1_plan_failed,2026-07-09T07:09:17.965058Z,ac2f4af9fafc8cb93d0ed551
glm_supplementary::glm-5.2::mko-4.0.0-roadmap::staged_v4::rep1,glm_supplementary,mko-4.0.0-roadmap,mko,TypeScript,glm-5.2,staged_v4,glm_supplementary::glm-5.2::mko-4.0.0-roadmap::staged_v4,1,0,0,0,0,0,stage1_plan_failed,stage_state_edit_targets_invalid,stage1_plan_failed,2026-07-09T07:09:29.764204Z,ad44d3f566f304d7ae81b1bf
glm_supplementary::glm-5.2::mko-4.0.0-roadmap::staged_v4::rep2,glm_supplementary,mko-4.0.0-roadmap,mko,TypeScript,glm-5.2,staged_v4,glm_supplementary::glm-5.2::mko-4.0.0-roadmap::staged_v4,2,0,0,0,0,0,stage1_plan_failed,stage_state_edit_targets_invalid,stage1_plan_failed,2026-07-09T07:09:57.944055Z,b9ee1b18ffd88c8477f2168d
glm_supplementary::glm-5.2::mko-4.0.0-roadmap::staged_v4::rep3,glm_supplementary,mko-4.0.0-roadmap,mko,TypeScript,glm-5.2,staged_v4,glm_supplementary::glm-5.2::mko-4.0.0-roadmap::staged_v4,3,0,0,0,0,0,stage1_plan_failed,stage_state_edit_targets_invalid,stage1_plan_failed,2026-07-09T07:09:55.581158Z,434f4a2b946aa9d451eba6ac
glm_supplementary::glm-5.2::mko-4.0.0-roadmap::staged_v4::rep4,glm_supplementary,mko-4.0.0-roadmap,mko,TypeScript,glm-5.2,staged_v4,glm_supplementary::glm-5.2::mko-4.0.0-roadmap::staged_v4,4,0,0,0,0,0,stage1_plan_failed,stage_state_edit_targets_invalid,stage1_plan_failed,2026-07-09T07:10:16.977917Z,d04c984dd905519c0004b734
glm_supplementary::glm-5.2::mko-4.0.0-roadmap::staged_v4::rep5,glm_supplementary,mko-4.0.0-roadmap,mko,TypeScript,glm-5.2,staged_v4,glm_supplementary::glm-5.2::mko-4.0.0-roadmap::staged_v4,5,0,0,0,0,0,stage1_plan_failed,stage_state_edit_targets_invalid,stage1_plan_failed,2026-07-09T07:10:19.695585Z,7c7f3893f0100f2214acddfa
glm_supplementary::glm-5.2::mko-4.0.0-roadmap::staged_v4::rep6,glm_supplementary,mko-4.0.0-roadmap,mko,TypeScript,glm-5.2,staged_v4,glm_supplementary::glm-5.2::mko-4.0.0-roadmap::staged_v4,6,0,0,0,0,0,stage1_plan_failed,stage_state_edit_targets_invalid,stage1_plan_failed,2026-07-09T07:10:28.042795Z,788b91a230568c9cc00ebae6
glm_supplementary::glm-5.2::mko-4.0.0-roadmap::staged_v4::rep7,glm_supplementary,mko-4.0.0-roadmap,mko,TypeScript,glm-5.2,staged_v4,glm_supplementary::glm-5.2::mko-4.0.0-roadmap::staged_v4,7,0,0,0,0,0,stage1_plan_failed,stage_state_edit_targets_invalid,stage1_plan_failed,2026-07-09T07:10:33.972167Z,c2e16b442274fe8796df3fcf
glm_supplementary::glm-5.2::mko-4.1.0-roadmap::single_shot_v3::rep0,glm_supplementary,mko-4.1.0-roadmap,mko,TypeScript,glm-5.2,single_shot_v3,glm_supplementary::glm-5.2::mko-4.1.0-roadmap::single_shot_v3,0,0,0,0,0,0,edit_json_invalid,edit_json_invalid,edit_json_invalid,2026-07-09T07:11:14.519854Z,0d378f78534a329d4c41ea44
glm_supplementary::glm-5.2::mko-4.1.0-roadmap::single_shot_v3::rep1,glm_supplementary,mko-4.1.0-roadmap,mko,TypeScript,glm-5.2,single_shot_v3,glm_supplementary::glm-5.2::mko-4.1.0-roadmap::single_shot_v3,1,1,1,1,1,0,test_failed,,,2026-07-09T10:41:52.452539Z,79beac88226c518c7c067646
glm_supplementary::glm-5.2::mko-4.1.0-roadmap::single_shot_v3::rep2,glm_supplementary,mko-4.1.0-roadmap,mko,TypeScript,glm-5.2,single_shot_v3,glm_supplementary::glm-5.2::mko-4.1.0-roadmap::single_shot_v3,2,1,1,1,1,0,test_failed,,,2026-07-09T10:43:03.228770Z,19c82fcca91b160e1b1d3e2f
glm_supplementary::glm-5.2::mko-4.1.0-roadmap::single_shot_v3::rep3,glm_supplementary,mko-4.1.0-roadmap,mko,TypeScript,glm-5.2,single_shot_v3,glm_supplementary::glm-5.2::mko-4.1.0-roadmap::single_shot_v3,3,1,1,1,1,0,test_failed,,,2026-07-09T10:44:13.550156Z,dd71f881fd613dacd4d15ba2
glm_supplementary::glm-5.2::mko-4.1.0-roadmap::single_shot_v3::rep4,glm_supplementary,mko-4.1.0-roadmap,mko,TypeScript,glm-5.2,single_shot_v3,glm_supplementary::glm-5.2::mko-4.1.0-roadmap::single_shot_v3,4,0,0,0,0,0,edit_apply_failed,edit_apply_failed,edit_apply_failed,2026-07-09T07:11:59.329138Z,8f9d3121f1dcacfe75271c8e
glm_supplementary::glm-5.2::mko-4.1.0-roadmap::single_shot_v3::rep5,glm_supplementary,mko-4.1.0-roadmap,mko,TypeScript,glm-5.2,single_shot_v3,glm_supplementary::glm-5.2::mko-4.1.0-roadmap::single_shot_v3,5,0,0,0,0,0,edit_apply_failed,edit_apply_failed,edit_apply_failed,2026-07-09T07:11:37.126160Z,24f072db4bb7e538d2924fb7
glm_supplementary::glm-5.2::mko-4.1.0-roadmap::single_shot_v3::rep6,glm_supplementary,mko-4.1.0-roadmap,mko,TypeScript,glm-5.2,single_shot_v3,glm_supplementary::glm-5.2::mko-4.1.0-roadmap::single_shot_v3,6,1,1,1,1,0,test_failed,,,2026-07-09T10:45:24.515539Z,cfcb8dcc280ac4186c6e68aa
glm_supplementary::glm-5.2::mko-4.1.0-roadmap::single_shot_v3::rep7,glm_supplementary,mko-4.1.0-roadmap,mko,TypeScript,glm-5.2,single_shot_v3,glm_supplementary::glm-5.2::mko-4.1.0-roadmap::single_shot_v3,7,0,0,0,0,0,edit_json_invalid,edit_json_invalid,edit_json_invalid,2026-07-09T07:12:08.130681Z,f522dc5d19566423b024740a
glm_supplementary::glm-5.2::mko-4.1.0-roadmap::staged_v4::rep0,glm_supplementary,mko-4.1.0-roadmap,mko,TypeScript,glm-5.2,staged_v4,glm_supplementary::glm-5.2::mko-4.1.0-roadmap::staged_v4,0,1,1,1,1,0,test_failed,,,2026-07-09T10:46:35.359785Z,47b7669edeb9f3adc47c06a3
glm_supplementary::glm-5.2::mko-4.1.0-roadmap::staged_v4::rep1,glm_supplementary,mko-4.1.0-roadmap,mko,TypeScript,glm-5.2,staged_v4,glm_supplementary::glm-5.2::mko-4.1.0-roadmap::staged_v4,1,1,1,1,1,0,test_failed,,,2026-07-09T10:47:46.743771Z,c858302061f20bb4f083def6
glm_supplementary::glm-5.2::mko-4.1.0-roadmap::staged_v4::rep2,glm_supplementary,mko-4.1.0-roadmap,mko,TypeScript,glm-5.2,staged_v4,glm_supplementary::glm-5.2::mko-4.1.0-roadmap::staged_v4,2,1,1,1,1,0,test_failed,,,2026-07-09T10:48:56.827746Z,4d5c9fbda56c0bed5ce785ee
glm_supplementary::glm-5.2::mko-4.1.0-roadmap::staged_v4::rep3,glm_supplementary,mko-4.1.0-roadmap,mko,TypeScript,glm-5.2,staged_v4,glm_supplementary::glm-5.2::mko-4.1.0-roadmap::staged_v4,3,1,1,1,1,0,test_failed,,,2026-07-09T10:50:06.913682Z,6f2066167d5d915a4c9a9e87
glm_supplementary::glm-5.2::mko-4.1.0-roadmap::staged_v4::rep4,glm_supplementary,mko-4.1.0-roadmap,mko,TypeScript,glm-5.2,staged_v4,glm_supplementary::glm-5.2::mko-4.1.0-roadmap::staged_v4,4,1,1,1,1,0,test_failed,,,2026-07-09T10:51:16.398339Z,edd88fa315461c60099531fc
glm_supplementary::glm-5.2::mko-4.1.0-roadmap::staged_v4::rep5,glm_supplementary,mko-4.1.0-roadmap,mko,TypeScript,glm-5.2,staged_v4,glm_supplementary::glm-5.2::mko-4.1.0-roadmap::staged_v4,5,1,1,1,1,0,test_failed,,,2026-07-09T10:52:26.718825Z,8b35b80a859049abad1745d5
glm_supplementary::glm-5.2::mko-4.1.0-roadmap::staged_v4::rep6,glm_supplementary,mko-4.1.0-roadmap,mko,TypeScript,glm-5.2,staged_v4,glm_supplementary::glm-5.2::mko-4.1.0-roadmap::staged_v4,6,1,1,1,1,0,test_failed,,,2026-07-09T10:53:36.742207Z,b01403631bec028cd1b0081a
glm_supplementary::glm-5.2::mko-4.1.0-roadmap::staged_v4::rep7,glm_supplementary,mko-4.1.0-roadmap,mko,TypeScript,glm-5.2,staged_v4,glm_supplementary::glm-5.2::mko-4.1.0-roadmap::staged_v4,7,1,1,1,1,0,test_failed,,,2026-07-09T10:54:43.242153Z,34cdc156776ac1249defde47
glm_supplementary::glm-5.2::opt-2.0.0-roadmap::single_shot_v3::rep0,glm_supplementary,opt-2.0.0-roadmap,opt,Python,glm-5.2,single_shot_v3,glm_supplementary::glm-5.2::opt-2.0.0-roadmap::single_shot_v3,0,0,0,0,0,0,edit_apply_failed,edit_apply_failed,edit_apply_failed,2026-07-09T07:16:04.550764Z,2df7c5681412c4d440a69385
glm_supplementary::glm-5.2::opt-2.0.0-roadmap::single_shot_v3::rep1,glm_supplementary,opt-2.0.0-roadmap,opt,Python,glm-5.2,single_shot_v3,glm_supplementary::glm-5.2::opt-2.0.0-roadmap::single_shot_v3,1,0,0,0,0,0,edit_apply_failed,edit_apply_failed,edit_apply_failed,2026-07-09T07:16:18.864202Z,b9dad97a1fa43f0f50e01acb
glm_supplementary::glm-5.2::opt-2.0.0-roadmap::single_shot_v3::rep2,glm_supplementary,opt-2.0.0-roadmap,opt,Python,glm-5.2,single_shot_v3,glm_supplementary::glm-5.2::opt-2.0.0-roadmap::single_shot_v3,2,0,0,0,0,0,edit_json_invalid,edit_json_invalid,edit_json_invalid,2026-07-09T07:16:12.687219Z,980016a0761a92f8cef5f0b2
glm_supplementary::glm-5.2::opt-2.0.0-roadmap::single_shot_v3::rep3,glm_supplementary,opt-2.0.0-roadmap,opt,Python,glm-5.2,single_shot_v3,glm_supplementary::glm-5.2::opt-2.0.0-roadmap::single_shot_v3,3,0,0,0,0,0,edit_apply_failed,edit_apply_failed,edit_apply_failed,2026-07-09T07:16:05.853243Z,20c8a34df0cfa543d120a3bf
glm_supplementary::glm-5.2::opt-2.0.0-roadmap::single_shot_v3::rep4,glm_supplementary,opt-2.0.0-roadmap,opt,Python,glm-5.2,single_shot_v3,glm_supplementary::glm-5.2::opt-2.0.0-roadmap::single_shot_v3,4,0,0,0,0,0,edit_apply_failed,edit_apply_failed,edit_apply_failed,2026-07-09T07:17:28.200496Z,59b1d764e34cfef764f2293d
glm_supplementary::glm-5.2::opt-2.0.0-roadmap::single_shot_v3::rep5,glm_supplementary,opt-2.0.0-roadmap,opt,Python,glm-5.2,single_shot_v3,glm_supplementary::glm-5.2::opt-2.0.0-roadmap::single_shot_v3,5,0,0,0,0,0,edit_apply_failed,edit_apply_failed,edit_apply_failed,2026-07-09T07:18:13.571086Z,72a9e8d4698de1943cb9680e
glm_supplementary::glm-5.2::opt-2.0.0-roadmap::single_shot_v3::rep6,glm_supplementary,opt-2.0.0-roadmap,opt,Python,glm-5.2,single_shot_v3,glm_supplementary::glm-5.2::opt-2.0.0-roadmap::single_shot_v3,6,0,0,0,0,0,edit_apply_failed,edit_apply_failed,edit_apply_failed,2026-07-09T07:18:16.211805Z,44788b717dc14879f59e94cb
glm_supplementary::glm-5.2::opt-2.0.0-roadmap::single_shot_v3::rep7,glm_supplementary,opt-2.0.0-roadmap,opt,Python,glm-5.2,single_shot_v3,glm_supplementary::glm-5.2::opt-2.0.0-roadmap::single_shot_v3,7,0,0,0,0,0,edit_apply_failed,edit_apply_failed,edit_apply_failed,2026-07-09T07:17:34.847835Z,9e0425399a72cb72fb6bb281
glm_supplementary::glm-5.2::opt-2.0.0-roadmap::staged_v4::rep0,glm_supplementary,opt-2.0.0-roadmap,opt,Python,glm-5.2,staged_v4,glm_supplementary::glm-5.2::opt-2.0.0-roadmap::staged_v4,0,0,0,0,0,0,stage2_contract_failed,stage2_edit_outside_stage_state,stage2_contract_failed,2026-07-09T07:21:14.260794Z,9d19dbc9a94a60f257580ebe
glm_supplementary::glm-5.2::opt-2.0.0-roadmap::staged_v4::rep1,glm_supplementary,opt-2.0.0-roadmap,opt,Python,glm-5.2,staged_v4,glm_supplementary::glm-5.2::opt-2.0.0-roadmap::staged_v4,1,0,1,0,0,0,patch_apply_failed,other_patch_apply_failure,patch_apply_failed,2026-07-09T10:54:43.263211Z,dfcde089fc3550042ec0ab2f
glm_supplementary::glm-5.2::opt-2.0.0-roadmap::staged_v4::rep2,glm_supplementary,opt-2.0.0-roadmap,opt,Python,glm-5.2,staged_v4,glm_supplementary::glm-5.2::opt-2.0.0-roadmap::staged_v4,2,0,0,0,0,0,stage2_contract_failed,stage2_edit_outside_stage_state,stage2_contract_failed,2026-07-09T07:22:10.413111Z,e68a9c190ddceec304360bdb
glm_supplementary::glm-5.2::opt-2.0.0-roadmap::staged_v4::rep3,glm_supplementary,opt-2.0.0-roadmap,opt,Python,glm-5.2,staged_v4,glm_supplementary::glm-5.2::opt-2.0.0-roadmap::staged_v4,3,0,0,0,0,0,stage2_contract_failed,candidate_edit_missing,stage2_contract_failed,2026-07-09T07:28:35.284998Z,6be8cb8a54a6eb5169e4b905
glm_supplementary::glm-5.2::opt-2.0.0-roadmap::staged_v4::rep4,glm_supplementary,opt-2.0.0-roadmap,opt,Python,glm-5.2,staged_v4,glm_supplementary::glm-5.2::opt-2.0.0-roadmap::staged_v4,4,0,0,0,0,0,stage2_contract_failed,stage2_edit_outside_stage_state,stage2_contract_failed,2026-07-09T07:24:17.137382Z,58c6e95212d4fbd00cd88b8b
glm_supplementary::glm-5.2::opt-2.0.0-roadmap::staged_v4::rep5,glm_supplementary,opt-2.0.0-roadmap,opt,Python,glm-5.2,staged_v4,glm_supplementary::glm-5.2::opt-2.0.0-roadmap::staged_v4,5,0,0,0,0,0,stage2_contract_failed,stage2_edit_outside_stage_state,stage2_contract_failed,2026-07-09T07:25:17.367568Z,e840ced7a653ef90226d6693
glm_supplementary::glm-5.2::opt-2.0.0-roadmap::staged_v4::rep6,glm_supplementary,opt-2.0.0-roadmap,opt,Python,glm-5.2,staged_v4,glm_supplementary::glm-5.2::opt-2.0.0-roadmap::staged_v4,6,0,0,0,0,0,edit_apply_failed,edit_apply_failed,edit_apply_failed,2026-07-09T07:26:14.806496Z,5e80837fbce6eda20b182600
glm_supplementary::glm-5.2::opt-2.0.0-roadmap::staged_v4::rep7,glm_supplementary,opt-2.0.0-roadmap,opt,Python,glm-5.2,staged_v4,glm_supplementary::glm-5.2::opt-2.0.0-roadmap::staged_v4,7,0,0,0,0,0,stage2_contract_failed,stage2_edit_outside_stage_state,stage2_contract_failed,2026-07-09T07:28:25.850662Z,6fe90649307f251e9c291c99
glm_supplementary::glm-5.2::opt-3.0.0-roadmap::single_shot_v3::rep0,glm_supplementary,opt-3.0.0-roadmap,opt,Python,glm-5.2,single_shot_v3,glm_supplementary::glm-5.2::opt-3.0.0-roadmap::single_shot_v3,0,1,1,1,1,0,test_failed,,,2026-07-09T10:54:56.894236Z,b5cd69ed7a570c0d81f94cfc
glm_supplementary::glm-5.2::opt-3.0.0-roadmap::single_shot_v3::rep1,glm_supplementary,opt-3.0.0-roadmap,opt,Python,glm-5.2,single_shot_v3,glm_supplementary::glm-5.2::opt-3.0.0-roadmap::single_shot_v3,1,0,0,0,0,0,edit_json_invalid,edit_json_invalid,edit_json_invalid,2026-07-09T07:32:13.216971Z,a17def789e0b274b7ebb261e
glm_supplementary::glm-5.2::opt-3.0.0-roadmap::single_shot_v3::rep2,glm_supplementary,opt-3.0.0-roadmap,opt,Python,glm-5.2,single_shot_v3,glm_supplementary::glm-5.2::opt-3.0.0-roadmap::single_shot_v3,2,1,1,1,1,0,test_failed,,,2026-07-09T10:55:09.965779Z,0190302ff873a2836b03f984
glm_supplementary::glm-5.2::opt-3.0.0-roadmap::single_shot_v3::rep3,glm_supplementary,opt-3.0.0-roadmap,opt,Python,glm-5.2,single_shot_v3,glm_supplementary::glm-5.2::opt-3.0.0-roadmap::single_shot_v3,3,0,0,0,0,0,edit_json_invalid,edit_json_invalid,edit_json_invalid,2026-07-09T07:35:04.640130Z,edbb24feadf2589f37747277
glm_supplementary::glm-5.2::opt-3.0.0-roadmap::single_shot_v3::rep4,glm_supplementary,opt-3.0.0-roadmap,opt,Python,glm-5.2,single_shot_v3,glm_supplementary::glm-5.2::opt-3.0.0-roadmap::single_shot_v3,4,1,1,1,1,0,test_failed,,,2026-07-09T10:55:23.228644Z,248a62ccb5641562d36fe01e
glm_supplementary::glm-5.2::opt-3.0.0-roadmap::single_shot_v3::rep5,glm_supplementary,opt-3.0.0-roadmap,opt,Python,glm-5.2,single_shot_v3,glm_supplementary::glm-5.2::opt-3.0.0-roadmap::single_shot_v3,5,0,0,0,0,0,edit_json_invalid,edit_json_invalid,edit_json_invalid,2026-07-09T07:36:37.883934Z,c252cf0771d00639b8dd2a27
glm_supplementary::glm-5.2::opt-3.0.0-roadmap::single_shot_v3::rep6,glm_supplementary,opt-3.0.0-roadmap,opt,Python,glm-5.2,single_shot_v3,glm_supplementary::glm-5.2::opt-3.0.0-roadmap::single_shot_v3,6,0,0,0,0,0,edit_json_invalid,edit_json_invalid,edit_json_invalid,2026-07-09T07:38:11.131631Z,59320af9a130768f63f7bf91
glm_supplementary::glm-5.2::opt-3.0.0-roadmap::single_shot_v3::rep7,glm_supplementary,opt-3.0.0-roadmap,opt,Python,glm-5.2,single_shot_v3,glm_supplementary::glm-5.2::opt-3.0.0-roadmap::single_shot_v3,7,1,1,1,1,0,test_failed,,,2026-07-09T10:55:36.476400Z,b6e4b4d281ef5974842ccf2d
glm_supplementary::glm-5.2::opt-3.0.0-roadmap::staged_v4::rep0,glm_supplementary,opt-3.0.0-roadmap,opt,Python,glm-5.2,staged_v4,glm_supplementary::glm-5.2::opt-3.0.0-roadmap::staged_v4,0,0,0,0,0,0,stage2_contract_failed,stage2_edit_outside_stage_state,stage2_contract_failed,2026-07-09T07:46:14.192836Z,e6d9a2a5ba01f06737af0cf7
glm_supplementary::glm-5.2::opt-3.0.0-roadmap::staged_v4::rep1,glm_supplementary,opt-3.0.0-roadmap,opt,Python,glm-5.2,staged_v4,glm_supplementary::glm-5.2::opt-3.0.0-roadmap::staged_v4,1,0,0,0,0,0,edit_apply_failed,edit_apply_failed,edit_apply_failed,2026-07-09T07:47:45.376835Z,38263835abd8c83f30e3f93c
glm_supplementary::glm-5.2::opt-3.0.0-roadmap::staged_v4::rep2,glm_supplementary,opt-3.0.0-roadmap,opt,Python,glm-5.2,staged_v4,glm_supplementary::glm-5.2::opt-3.0.0-roadmap::staged_v4,2,1,1,1,1,0,test_failed,,,2026-07-09T10:55:49.847698Z,c4d6195fe6484660a4a9e0e7
glm_supplementary::glm-5.2::opt-3.0.0-roadmap::staged_v4::rep3,glm_supplementary,opt-3.0.0-roadmap,opt,Python,glm-5.2,staged_v4,glm_supplementary::glm-5.2::opt-3.0.0-roadmap::staged_v4,3,0,0,0,0,0,stage2_contract_failed,candidate_edit_ops_invalid,stage2_contract_failed,2026-07-09T07:52:07.206721Z,01fa3d6a1ebe242a6613c4ab
glm_supplementary::glm-5.2::opt-3.0.0-roadmap::staged_v4::rep4,glm_supplementary,opt-3.0.0-roadmap,opt,Python,glm-5.2,staged_v4,glm_supplementary::glm-5.2::opt-3.0.0-roadmap::staged_v4,4,0,0,0,0,0,stage2_contract_failed,candidate_edit_missing,stage2_contract_failed,2026-07-09T08:01:07.101374Z,fd243ed19da613b9e05a9282
glm_supplementary::glm-5.2::opt-3.0.0-roadmap::staged_v4::rep5,glm_supplementary,opt-3.0.0-roadmap,opt,Python,glm-5.2,staged_v4,glm_supplementary::glm-5.2::opt-3.0.0-roadmap::staged_v4,5,0,0,0,0,0,stage2_contract_failed,candidate_edit_missing,stage2_contract_failed,2026-07-09T08:00:37.255951Z,52975ce76bed1ee6a30499dc
glm_supplementary::glm-5.2::opt-3.0.0-roadmap::staged_v4::rep6,glm_supplementary,opt-3.0.0-roadmap,opt,Python,glm-5.2,staged_v4,glm_supplementary::glm-5.2::opt-3.0.0-roadmap::staged_v4,6,1,1,1,1,0,test_failed,,,2026-07-09T10:56:03.021897Z,50458ac93ab331301c1d7082
glm_supplementary::glm-5.2::opt-3.0.0-roadmap::staged_v4::rep7,glm_supplementary,opt-3.0.0-roadmap,opt,Python,glm-5.2,staged_v4,glm_supplementary::glm-5.2::opt-3.0.0-roadmap::staged_v4,7,0,0,0,0,0,stage2_contract_failed,candidate_edit_missing,stage2_contract_failed,2026-07-09T08:02:27.285319Z,e5ac85bbcb52c1565872202b
glm_supplementary::glm-5.2::plr-1.0.0-roadmap::single_shot_v3::rep0,glm_supplementary,plr-1.0.0-roadmap,plr,Python,glm-5.2,single_shot_v3,glm_supplementary::glm-5.2::plr-1.0.0-roadmap::single_shot_v3,0,0,0,0,0,0,edit_apply_failed,edit_apply_failed,edit_apply_failed,2026-07-09T07:58:58.786726Z,6dbe7fa7682e5cdec1d1dce0
glm_supplementary::glm-5.2::plr-1.0.0-roadmap::single_shot_v3::rep1,glm_supplementary,plr-1.0.0-roadmap,plr,Python,glm-5.2,single_shot_v3,glm_supplementary::glm-5.2::plr-1.0.0-roadmap::single_shot_v3,1,0,0,0,0,0,edit_apply_failed,edit_apply_failed,edit_apply_failed,2026-07-09T08:02:05.839488Z,6272eb0b3c1269e2a895653f
glm_supplementary::glm-5.2::plr-1.0.0-roadmap::single_shot_v3::rep2,glm_supplementary,plr-1.0.0-roadmap,plr,Python,glm-5.2,single_shot_v3,glm_supplementary::glm-5.2::plr-1.0.0-roadmap::single_shot_v3,2,0,0,0,0,0,edit_apply_failed,edit_apply_failed,edit_apply_failed,2026-07-09T08:00:53.550070Z,10a69ac445ed04becaccbfb7
glm_supplementary::glm-5.2::plr-1.0.0-roadmap::single_shot_v3::rep3,glm_supplementary,plr-1.0.0-roadmap,plr,Python,glm-5.2,single_shot_v3,glm_supplementary::glm-5.2::plr-1.0.0-roadmap::single_shot_v3,3,0,0,0,0,0,edit_json_invalid,edit_json_invalid,edit_json_invalid,2026-07-09T08:03:19.202246Z,94fc52f3c216aee5fb2e7958
glm_supplementary::glm-5.2::plr-1.0.0-roadmap::single_shot_v3::rep4,glm_supplementary,plr-1.0.0-roadmap,plr,Python,glm-5.2,single_shot_v3,glm_supplementary::glm-5.2::plr-1.0.0-roadmap::single_shot_v3,4,0,0,0,0,0,edit_apply_failed,edit_apply_failed,edit_apply_failed,2026-07-09T08:03:06.438291Z,437b97b495f66fa27db04c3f
glm_supplementary::glm-5.2::plr-1.0.0-roadmap::single_shot_v3::rep5,glm_supplementary,plr-1.0.0-roadmap,plr,Python,glm-5.2,single_shot_v3,glm_supplementary::glm-5.2::plr-1.0.0-roadmap::single_shot_v3,5,0,0,0,0,0,edit_apply_failed,edit_apply_failed,edit_apply_failed,2026-07-09T08:03:53.343803Z,5848f66f7d3874b8eb1ad7a7
glm_supplementary::glm-5.2::plr-1.0.0-roadmap::single_shot_v3::rep6,glm_supplementary,plr-1.0.0-roadmap,plr,Python,glm-5.2,single_shot_v3,glm_supplementary::glm-5.2::plr-1.0.0-roadmap::single_shot_v3,6,0,0,0,0,0,edit_json_invalid,edit_json_invalid,edit_json_invalid,2026-07-09T08:03:36.776446Z,8faeb2e0a5657b31c73e3ad4
glm_supplementary::glm-5.2::plr-1.0.0-roadmap::single_shot_v3::rep7,glm_supplementary,plr-1.0.0-roadmap,plr,Python,glm-5.2,single_shot_v3,glm_supplementary::glm-5.2::plr-1.0.0-roadmap::single_shot_v3,7,0,0,0,0,0,edit_json_invalid,edit_json_invalid,edit_json_invalid,2026-07-09T08:05:57.584609Z,0cd054f5909ea75715a03ae0
glm_supplementary::glm-5.2::plr-1.0.0-roadmap::staged_v4::rep0,glm_supplementary,plr-1.0.0-roadmap,plr,Python,glm-5.2,staged_v4,glm_supplementary::glm-5.2::plr-1.0.0-roadmap::staged_v4,0,0,0,0,0,0,stage2_contract_failed,stage2_edit_outside_stage_state,stage2_contract_failed,2026-07-09T08:11:26.853559Z,4ec0ad488c6b42c35ebce6dd
glm_supplementary::glm-5.2::plr-1.0.0-roadmap::staged_v4::rep1,glm_supplementary,plr-1.0.0-roadmap,plr,Python,glm-5.2,staged_v4,glm_supplementary::glm-5.2::plr-1.0.0-roadmap::staged_v4,1,0,0,0,0,0,stage2_contract_failed,stage2_edit_outside_stage_state,stage2_contract_failed,2026-07-09T08:06:03.542269Z,1e482057c9aa4efa1252e1b9
glm_supplementary::glm-5.2::plr-1.0.0-roadmap::staged_v4::rep2,glm_supplementary,plr-1.0.0-roadmap,plr,Python,glm-5.2,staged_v4,glm_supplementary::glm-5.2::plr-1.0.0-roadmap::staged_v4,2,0,0,0,0,0,edit_apply_failed,edit_apply_failed,edit_apply_failed,2026-07-09T08:07:38.262569Z,5ebf64355ae6e6003525102c
glm_supplementary::glm-5.2::plr-1.0.0-roadmap::staged_v4::rep3,glm_supplementary,plr-1.0.0-roadmap,plr,Python,glm-5.2,staged_v4,glm_supplementary::glm-5.2::plr-1.0.0-roadmap::staged_v4,3,0,0,0,0,0,stage2_contract_failed,stage2_edit_outside_stage_state,stage2_contract_failed,2026-07-09T08:08:07.253457Z,fd89d1660b8d4adb7bf16ce3
glm_supplementary::glm-5.2::plr-1.0.0-roadmap::staged_v4::rep4,glm_supplementary,plr-1.0.0-roadmap,plr,Python,glm-5.2,staged_v4,glm_supplementary::glm-5.2::plr-1.0.0-roadmap::staged_v4,4,1,1,1,1,0,test_failed,,,2026-07-09T10:56:13.283209Z,0ee9bbc638fae361164ac28e
glm_supplementary::glm-5.2::plr-1.0.0-roadmap::staged_v4::rep5,glm_supplementary,plr-1.0.0-roadmap,plr,Python,glm-5.2,staged_v4,glm_supplementary::glm-5.2::plr-1.0.0-roadmap::staged_v4,5,0,0,0,0,0,stage2_contract_failed,stage2_edit_outside_stage_state,stage2_contract_failed,2026-07-09T08:09:28.345523Z,d65586039e99f128fd45917e
glm_supplementary::glm-5.2::plr-1.0.0-roadmap::staged_v4::rep6,glm_supplementary,plr-1.0.0-roadmap,plr,Python,glm-5.2,staged_v4,glm_supplementary::glm-5.2::plr-1.0.0-roadmap::staged_v4,6,0,0,0,0,0,stage2_contract_failed,stage2_edit_outside_stage_state,stage2_contract_failed,2026-07-09T08:09:02.468752Z,91479ee2e84f35dfc983f082
glm_supplementary::glm-5.2::plr-1.0.0-roadmap::staged_v4::rep7,glm_supplementary,plr-1.0.0-roadmap,plr,Python,glm-5.2,staged_v4,glm_supplementary::glm-5.2::plr-1.0.0-roadmap::staged_v4,7,0,0,0,0,0,stage1_plan_failed,expected_one_stage_state_block_got_0,stage1_plan_failed,2026-07-09T08:08:40.415428Z,2ab852a673aaaeb3a782ff85
glm_supplementary::glm-5.2::prm-5.0.0-roadmap::single_shot_v3::rep0,glm_supplementary,prm-5.0.0-roadmap,prm,TypeScript,glm-5.2,single_shot_v3,glm_supplementary::glm-5.2::prm-5.0.0-roadmap::single_shot_v3,0,0,0,0,0,0,edit_json_invalid,edit_json_invalid,edit_json_invalid,2026-07-09T08:11:10.447359Z,d2f6f16fcce8a1733ba087c6
glm_supplementary::glm-5.2::prm-5.0.0-roadmap::single_shot_v3::rep1,glm_supplementary,prm-5.0.0-roadmap,prm,TypeScript,glm-5.2,single_shot_v3,glm_supplementary::glm-5.2::prm-5.0.0-roadmap::single_shot_v3,1,1,1,1,1,0,test_failed,,,2026-07-09T10:57:03.012997Z,f96b8a6dd8b664f687ea7383
glm_supplementary::glm-5.2::prm-5.0.0-roadmap::single_shot_v3::rep2,glm_supplementary,prm-5.0.0-roadmap,prm,TypeScript,glm-5.2,single_shot_v3,glm_supplementary::glm-5.2::prm-5.0.0-roadmap::single_shot_v3,2,1,1,1,1,0,test_failed,,,2026-07-09T10:57:51.429643Z,056861bf7f8978d18bd66009
glm_supplementary::glm-5.2::prm-5.0.0-roadmap::single_shot_v3::rep3,glm_supplementary,prm-5.0.0-roadmap,prm,TypeScript,glm-5.2,single_shot_v3,glm_supplementary::glm-5.2::prm-5.0.0-roadmap::single_shot_v3,3,1,1,1,1,0,test_failed,,,2026-07-09T10:58:39.776464Z,b65715301c3b58e99648b76a
glm_supplementary::glm-5.2::prm-5.0.0-roadmap::single_shot_v3::rep4,glm_supplementary,prm-5.0.0-roadmap,prm,TypeScript,glm-5.2,single_shot_v3,glm_supplementary::glm-5.2::prm-5.0.0-roadmap::single_shot_v3,4,1,1,1,1,0,test_failed,,,2026-07-09T10:59:28.013408Z,c6b63985264d7710c75fafb2
glm_supplementary::glm-5.2::prm-5.0.0-roadmap::single_shot_v3::rep5,glm_supplementary,prm-5.0.0-roadmap,prm,TypeScript,glm-5.2,single_shot_v3,glm_supplementary::glm-5.2::prm-5.0.0-roadmap::single_shot_v3,5,0,0,0,0,0,edit_apply_failed,edit_apply_failed,edit_apply_failed,2026-07-09T08:14:26.127252Z,35fb6844e937b8894c17a25d
glm_supplementary::glm-5.2::prm-5.0.0-roadmap::single_shot_v3::rep6,glm_supplementary,prm-5.0.0-roadmap,prm,TypeScript,glm-5.2,single_shot_v3,glm_supplementary::glm-5.2::prm-5.0.0-roadmap::single_shot_v3,6,1,1,1,1,0,test_failed,,,2026-07-09T11:00:16.372981Z,ba2cc12841e15af612d69cce
glm_supplementary::glm-5.2::prm-5.0.0-roadmap::single_shot_v3::rep7,glm_supplementary,prm-5.0.0-roadmap,prm,TypeScript,glm-5.2,single_shot_v3,glm_supplementary::glm-5.2::prm-5.0.0-roadmap::single_shot_v3,7,1,1,1,1,0,test_failed,,,2026-07-09T11:01:04.837939Z,12008ce7f23a8089bd5d328b
glm_supplementary::glm-5.2::prm-5.0.0-roadmap::staged_v4::rep0,glm_supplementary,prm-5.0.0-roadmap,prm,TypeScript,glm-5.2,staged_v4,glm_supplementary::glm-5.2::prm-5.0.0-roadmap::staged_v4,0,0,0,0,0,0,stage2_contract_failed,stage2_edit_outside_stage_state,stage2_contract_failed,2026-07-09T08:21:39.164958Z,ad3856ead338ec0ed3a041dc
glm_supplementary::glm-5.2::prm-5.0.0-roadmap::staged_v4::rep1,glm_supplementary,prm-5.0.0-roadmap,prm,TypeScript,glm-5.2,staged_v4,glm_supplementary::glm-5.2::prm-5.0.0-roadmap::staged_v4,1,0,0,0,0,0,stage2_contract_failed,stage2_edit_outside_stage_state,stage2_contract_failed,2026-07-09T08:18:31.795128Z,a30b3c3741ba9544bb2e07f2
glm_supplementary::glm-5.2::prm-5.0.0-roadmap::staged_v4::rep2,glm_supplementary,prm-5.0.0-roadmap,prm,TypeScript,glm-5.2,staged_v4,glm_supplementary::glm-5.2::prm-5.0.0-roadmap::staged_v4,2,0,0,0,0,0,stage2_contract_failed,stage2_edit_outside_stage_state,stage2_contract_failed,2026-07-09T08:19:26.651962Z,4608b7ffd8afbc41250c71ee
glm_supplementary::glm-5.2::prm-5.0.0-roadmap::staged_v4::rep3,glm_supplementary,prm-5.0.0-roadmap,prm,TypeScript,glm-5.2,staged_v4,glm_supplementary::glm-5.2::prm-5.0.0-roadmap::staged_v4,3,0,0,0,0,0,stage2_contract_failed,stage2_edit_outside_stage_state,stage2_contract_failed,2026-07-09T08:19:56.279033Z,7d3349058cac4fa9ea8cd83a
glm_supplementary::glm-5.2::prm-5.0.0-roadmap::staged_v4::rep4,glm_supplementary,prm-5.0.0-roadmap,prm,TypeScript,glm-5.2,staged_v4,glm_supplementary::glm-5.2::prm-5.0.0-roadmap::staged_v4,4,0,0,0,0,0,stage2_contract_failed,stage2_edit_outside_stage_state,stage2_contract_failed,2026-07-09T08:22:09.774903Z,58b0057575acd4f615bc47b1
glm_supplementary::glm-5.2::prm-5.0.0-roadmap::staged_v4::rep5,glm_supplementary,prm-5.0.0-roadmap,prm,TypeScript,glm-5.2,staged_v4,glm_supplementary::glm-5.2::prm-5.0.0-roadmap::staged_v4,5,0,0,0,0,0,stage2_contract_failed,stage2_edit_outside_stage_state,stage2_contract_failed,2026-07-09T08:21:50.709414Z,9f386a7175b7b57af27a3e55
glm_supplementary::glm-5.2::prm-5.0.0-roadmap::staged_v4::rep6,glm_supplementary,prm-5.0.0-roadmap,prm,TypeScript,glm-5.2,staged_v4,glm_supplementary::glm-5.2::prm-5.0.0-roadmap::staged_v4,6,0,0,0,0,0,stage2_contract_failed,stage2_edit_outside_stage_state,stage2_contract_failed,2026-07-09T08:22:59.644931Z,d915ab43f87345cbf9dc8551
glm_supplementary::glm-5.2::prm-5.0.0-roadmap::staged_v4::rep7,glm_supplementary,prm-5.0.0-roadmap,prm,TypeScript,glm-5.2,staged_v4,glm_supplementary::glm-5.2::prm-5.0.0-roadmap::staged_v4,7,0,0,0,0,0,stage2_contract_failed,stage2_edit_outside_stage_state,stage2_contract_failed,2026-07-09T08:24:28.215447Z,0eab2374f2b51794e856291f
glm_supplementary::glm-5.2::pyg-1.6.3-roadmap::single_shot_v3::rep0,glm_supplementary,pyg-1.6.3-roadmap,pyg,Python,glm-5.2,single_shot_v3,glm_supplementary::glm-5.2::pyg-1.6.3-roadmap::single_shot_v3,0,0,0,0,0,0,edit_apply_failed,edit_apply_failed,edit_apply_failed,2026-07-09T08:25:34.044864Z,6bf17adbda450f8e74276b7b
glm_supplementary::glm-5.2::pyg-1.6.3-roadmap::single_shot_v3::rep1,glm_supplementary,pyg-1.6.3-roadmap,pyg,Python,glm-5.2,single_shot_v3,glm_supplementary::glm-5.2::pyg-1.6.3-roadmap::single_shot_v3,1,0,0,0,0,0,edit_apply_failed,edit_apply_failed,edit_apply_failed,2026-07-09T08:25:33.545013Z,a3f25be8b22fc1ef52a5ee39
glm_supplementary::glm-5.2::pyg-1.6.3-roadmap::single_shot_v3::rep2,glm_supplementary,pyg-1.6.3-roadmap,pyg,Python,glm-5.2,single_shot_v3,glm_supplementary::glm-5.2::pyg-1.6.3-roadmap::single_shot_v3,2,0,0,0,0,0,edit_apply_failed,edit_apply_failed,edit_apply_failed,2026-07-09T08:26:31.117413Z,6fc209181888ec2b862154ec
glm_supplementary::glm-5.2::pyg-1.6.3-roadmap::single_shot_v3::rep3,glm_supplementary,pyg-1.6.3-roadmap,pyg,Python,glm-5.2,single_shot_v3,glm_supplementary::glm-5.2::pyg-1.6.3-roadmap::single_shot_v3,3,0,0,0,0,0,edit_apply_failed,edit_apply_failed,edit_apply_failed,2026-07-09T08:28:01.286835Z,2e318cff7b3960dedc66d165
glm_supplementary::glm-5.2::pyg-1.6.3-roadmap::single_shot_v3::rep4,glm_supplementary,pyg-1.6.3-roadmap,pyg,Python,glm-5.2,single_shot_v3,glm_supplementary::glm-5.2::pyg-1.6.3-roadmap::single_shot_v3,4,0,0,0,0,0,edit_apply_failed,edit_apply_failed,edit_apply_failed,2026-07-09T08:28:50.388317Z,5755e9fdd5691e9460029ba6
glm_supplementary::glm-5.2::pyg-1.6.3-roadmap::single_shot_v3::rep5,glm_supplementary,pyg-1.6.3-roadmap,pyg,Python,glm-5.2,single_shot_v3,glm_supplementary::glm-5.2::pyg-1.6.3-roadmap::single_shot_v3,5,0,0,0,0,0,edit_apply_failed,edit_apply_failed,edit_apply_failed,2026-07-09T08:29:05.958650Z,da79cd452bb767c4dc4e0074
glm_supplementary::glm-5.2::pyg-1.6.3-roadmap::single_shot_v3::rep6,glm_supplementary,pyg-1.6.3-roadmap,pyg,Python,glm-5.2,single_shot_v3,glm_supplementary::glm-5.2::pyg-1.6.3-roadmap::single_shot_v3,6,0,0,0,0,0,edit_apply_failed,edit_apply_failed,edit_apply_failed,2026-07-09T08:29:58.541287Z,3fc9c6b3f614d6f0a595497b
glm_supplementary::glm-5.2::pyg-1.6.3-roadmap::single_shot_v3::rep7,glm_supplementary,pyg-1.6.3-roadmap,pyg,Python,glm-5.2,single_shot_v3,glm_supplementary::glm-5.2::pyg-1.6.3-roadmap::single_shot_v3,7,0,0,0,0,0,edit_apply_failed,edit_apply_failed,edit_apply_failed,2026-07-09T08:31:32.358597Z,f66a2fcc4649f4ed890a1733
glm_supplementary::glm-5.2::pyg-1.6.3-roadmap::staged_v4::rep0,glm_supplementary,pyg-1.6.3-roadmap,pyg,Python,glm-5.2,staged_v4,glm_supplementary::glm-5.2::pyg-1.6.3-roadmap::staged_v4,0,0,0,0,0,0,stage2_contract_failed,stage2_edit_outside_stage_state,stage2_contract_failed,2026-07-09T08:34:58.516564Z,009f7f07b64e83dca60b2f49
glm_supplementary::glm-5.2::pyg-1.6.3-roadmap::staged_v4::rep1,glm_supplementary,pyg-1.6.3-roadmap,pyg,Python,glm-5.2,staged_v4,glm_supplementary::glm-5.2::pyg-1.6.3-roadmap::staged_v4,1,1,1,1,1,0,test_failed,,,2026-07-09T11:01:34.035984Z,56214861f0d89f1460fa4761
glm_supplementary::glm-5.2::pyg-1.6.3-roadmap::staged_v4::rep2,glm_supplementary,pyg-1.6.3-roadmap,pyg,Python,glm-5.2,staged_v4,glm_supplementary::glm-5.2::pyg-1.6.3-roadmap::staged_v4,2,1,1,1,1,0,test_failed,,,2026-07-09T11:02:01.956422Z,f8f491c8b80fa75eacd96cae
glm_supplementary::glm-5.2::pyg-1.6.3-roadmap::staged_v4::rep3,glm_supplementary,pyg-1.6.3-roadmap,pyg,Python,glm-5.2,staged_v4,glm_supplementary::glm-5.2::pyg-1.6.3-roadmap::staged_v4,3,0,0,0,0,0,stage2_contract_failed,stage2_edit_outside_stage_state,stage2_contract_failed,2026-07-09T08:39:00.888597Z,e43955b7358241c8d2bee2c4
glm_supplementary::glm-5.2::pyg-1.6.3-roadmap::staged_v4::rep4,glm_supplementary,pyg-1.6.3-roadmap,pyg,Python,glm-5.2,staged_v4,glm_supplementary::glm-5.2::pyg-1.6.3-roadmap::staged_v4,4,0,0,0,0,0,stage2_contract_failed,stage2_edit_outside_stage_state,stage2_contract_failed,2026-07-09T08:39:57.091059Z,8039bf8adddbb0ef0263598e
glm_supplementary::glm-5.2::pyg-1.6.3-roadmap::staged_v4::rep5,glm_supplementary,pyg-1.6.3-roadmap,pyg,Python,glm-5.2,staged_v4,glm_supplementary::glm-5.2::pyg-1.6.3-roadmap::staged_v4,5,0,0,0,0,0,stage2_contract_failed,stage2_edit_outside_stage_state,stage2_contract_failed,2026-07-09T08:42:55.698531Z,e9b390144faeead9a4d034d9
glm_supplementary::glm-5.2::pyg-1.6.3-roadmap::staged_v4::rep6,glm_supplementary,pyg-1.6.3-roadmap,pyg,Python,glm-5.2,staged_v4,glm_supplementary::glm-5.2::pyg-1.6.3-roadmap::staged_v4,6,0,0,0,0,0,stage2_contract_failed,stage2_edit_outside_stage_state,stage2_contract_failed,2026-07-09T08:42:46.119950Z,147734ece23ac0310b1921da
glm_supplementary::glm-5.2::pyg-1.6.3-roadmap::staged_v4::rep7,glm_supplementary,pyg-1.6.3-roadmap,pyg,Python,glm-5.2,staged_v4,glm_supplementary::glm-5.2::pyg-1.6.3-roadmap::staged_v4,7,0,0,0,0,0,stage2_contract_failed,stage2_edit_outside_stage_state,stage2_contract_failed,2026-07-09T08:43:33.312169Z,096a513122239df236c3450d
glm_supplementary::glm-5.2::rat-0.24.0-roadmap::single_shot_v3::rep0,glm_supplementary,rat-0.24.0-roadmap,rat,Rust,glm-5.2,single_shot_v3,glm_supplementary::glm-5.2::rat-0.24.0-roadmap::single_shot_v3,0,0,0,0,0,0,api_no_response_timeout,provider call did not produce a response within timeout_seconds,api_no_response_timeout,2026-07-09T08:49:57.151518Z,b7a19c2528d3835cb4ca445b
glm_supplementary::glm-5.2::rat-0.24.0-roadmap::single_shot_v3::rep1,glm_supplementary,rat-0.24.0-roadmap,rat,Rust,glm-5.2,single_shot_v3,glm_supplementary::glm-5.2::rat-0.24.0-roadmap::single_shot_v3,1,0,0,0,0,0,edit_apply_failed,edit_apply_failed,edit_apply_failed,2026-07-09T08:46:17.510303Z,17089766155c17db84f1d76b
glm_supplementary::glm-5.2::rat-0.24.0-roadmap::single_shot_v3::rep2,glm_supplementary,rat-0.24.0-roadmap,rat,Rust,glm-5.2,single_shot_v3,glm_supplementary::glm-5.2::rat-0.24.0-roadmap::single_shot_v3,2,0,0,0,0,0,api_no_response_timeout,provider call did not produce a response within timeout_seconds,api_no_response_timeout,2026-07-09T08:52:55.748015Z,a3455e33f7f95f64f7009677
glm_supplementary::glm-5.2::rat-0.24.0-roadmap::single_shot_v3::rep3,glm_supplementary,rat-0.24.0-roadmap,rat,Rust,glm-5.2,single_shot_v3,glm_supplementary::glm-5.2::rat-0.24.0-roadmap::single_shot_v3,3,0,0,0,0,0,edit_apply_failed,edit_apply_failed,edit_apply_failed,2026-07-09T08:46:23.151501Z,a3df1eea078bdfd02bd9b056
glm_supplementary::glm-5.2::rat-0.24.0-roadmap::single_shot_v3::rep4,glm_supplementary,rat-0.24.0-roadmap,rat,Rust,glm-5.2,single_shot_v3,glm_supplementary::glm-5.2::rat-0.24.0-roadmap::single_shot_v3,4,0,0,0,0,0,edit_apply_failed,edit_apply_failed,edit_apply_failed,2026-07-09T08:51:07.051605Z,6806a5cc9b4333dd77c2b11b
glm_supplementary::glm-5.2::rat-0.24.0-roadmap::single_shot_v3::rep5,glm_supplementary,rat-0.24.0-roadmap,rat,Rust,glm-5.2,single_shot_v3,glm_supplementary::glm-5.2::rat-0.24.0-roadmap::single_shot_v3,5,0,0,0,0,0,edit_json_invalid,edit_json_invalid,edit_json_invalid,2026-07-09T08:50:21.158879Z,20001860864a8d95bfa11c3a
glm_supplementary::glm-5.2::rat-0.24.0-roadmap::single_shot_v3::rep6,glm_supplementary,rat-0.24.0-roadmap,rat,Rust,glm-5.2,single_shot_v3,glm_supplementary::glm-5.2::rat-0.24.0-roadmap::single_shot_v3,6,0,0,0,0,0,edit_json_invalid,edit_json_invalid,edit_json_invalid,2026-07-09T08:52:47.457816Z,962cc646e044d887166f41ec
glm_supplementary::glm-5.2::rat-0.24.0-roadmap::single_shot_v3::rep7,glm_supplementary,rat-0.24.0-roadmap,rat,Rust,glm-5.2,single_shot_v3,glm_supplementary::glm-5.2::rat-0.24.0-roadmap::single_shot_v3,7,0,0,0,0,0,edit_json_invalid,edit_json_invalid,edit_json_invalid,2026-07-09T08:53:25.192520Z,62ac64c77a9497b3a6e8cdf8
glm_supplementary::glm-5.2::rat-0.24.0-roadmap::staged_v4::rep0,glm_supplementary,rat-0.24.0-roadmap,rat,Rust,glm-5.2,staged_v4,glm_supplementary::glm-5.2::rat-0.24.0-roadmap::staged_v4,0,0,0,0,0,0,stage2_contract_failed,candidate_edit_missing,stage2_contract_failed,2026-07-09T09:01:17.834648Z,6cad3b0070da56de5c368af0
glm_supplementary::glm-5.2::rat-0.24.0-roadmap::staged_v4::rep1,glm_supplementary,rat-0.24.0-roadmap,rat,Rust,glm-5.2,staged_v4,glm_supplementary::glm-5.2::rat-0.24.0-roadmap::staged_v4,1,0,0,0,0,0,stage2_contract_failed,candidate_edit_missing,stage2_contract_failed,2026-07-09T09:02:58.868620Z,8687238361cf06dc6c26db8f
glm_supplementary::glm-5.2::rat-0.24.0-roadmap::staged_v4::rep2,glm_supplementary,rat-0.24.0-roadmap,rat,Rust,glm-5.2,staged_v4,glm_supplementary::glm-5.2::rat-0.24.0-roadmap::staged_v4,2,0,0,0,0,0,edit_apply_failed,edit_apply_failed,edit_apply_failed,2026-07-09T08:59:18.679214Z,e8dd6b15aaf65f369c09c8c9
glm_supplementary::glm-5.2::rat-0.24.0-roadmap::staged_v4::rep3,glm_supplementary,rat-0.24.0-roadmap,rat,Rust,glm-5.2,staged_v4,glm_supplementary::glm-5.2::rat-0.24.0-roadmap::staged_v4,3,0,0,0,0,0,stage2_contract_failed,candidate_edit_missing,stage2_contract_failed,2026-07-09T09:03:35.968876Z,5becc448824048b5b56276bc
glm_supplementary::glm-5.2::rat-0.24.0-roadmap::staged_v4::rep4,glm_supplementary,rat-0.24.0-roadmap,rat,Rust,glm-5.2,staged_v4,glm_supplementary::glm-5.2::rat-0.24.0-roadmap::staged_v4,4,0,1,1,0,0,test_failed,,,2026-07-09T11:02:35.878287Z,c683082d7adac943472b1cdc
glm_supplementary::glm-5.2::rat-0.24.0-roadmap::staged_v4::rep5,glm_supplementary,rat-0.24.0-roadmap,rat,Rust,glm-5.2,staged_v4,glm_supplementary::glm-5.2::rat-0.24.0-roadmap::staged_v4,5,1,1,1,1,0,test_failed,,,2026-07-09T11:03:08.762909Z,dc7657fc61ebc3337d15e743
glm_supplementary::glm-5.2::rat-0.24.0-roadmap::staged_v4::rep6,glm_supplementary,rat-0.24.0-roadmap,rat,Rust,glm-5.2,staged_v4,glm_supplementary::glm-5.2::rat-0.24.0-roadmap::staged_v4,6,0,0,0,0,0,stage2_contract_failed,candidate_edit_missing,stage2_contract_failed,2026-07-09T09:13:12.440254Z,a4234f6efcd524b5612957e5
glm_supplementary::glm-5.2::rat-0.24.0-roadmap::staged_v4::rep7,glm_supplementary,rat-0.24.0-roadmap,rat,Rust,glm-5.2,staged_v4,glm_supplementary::glm-5.2::rat-0.24.0-roadmap::staged_v4,7,0,0,0,0,0,stage2_contract_failed,candidate_edit_missing,stage2_contract_failed,2026-07-09T09:13:44.362726Z,c72cd748becb5d410a6f5f45
glm_supplementary::glm-5.2::spc-3.5.0-roadmap::single_shot_v3::rep0,glm_supplementary,spc-3.5.0-roadmap,spc,Python,glm-5.2,single_shot_v3,glm_supplementary::glm-5.2::spc-3.5.0-roadmap::single_shot_v3,0,0,0,0,0,0,api_no_response_timeout,provider call did not produce a response within timeout_seconds,api_no_response_timeout,2026-07-09T09:16:48.950283Z,f1b3fa63395d6c04988318ae
glm_supplementary::glm-5.2::spc-3.5.0-roadmap::single_shot_v3::rep1,glm_supplementary,spc-3.5.0-roadmap,spc,Python,glm-5.2,single_shot_v3,glm_supplementary::glm-5.2::spc-3.5.0-roadmap::single_shot_v3,1,0,0,0,0,0,edit_path_disallowed,edit_path_disallowed,edit_path_disallowed,2026-07-09T09:09:45.573619Z,53a3a65da4b0880b20c4d6fb
glm_supplementary::glm-5.2::spc-3.5.0-roadmap::single_shot_v3::rep2,glm_supplementary,spc-3.5.0-roadmap,spc,Python,glm-5.2,single_shot_v3,glm_supplementary::glm-5.2::spc-3.5.0-roadmap::single_shot_v3,2,0,0,0,0,0,edit_json_invalid,edit_json_invalid,edit_json_invalid,2026-07-09T09:14:15.617663Z,0a32861e695b7721ca879e16
glm_supplementary::glm-5.2::spc-3.5.0-roadmap::single_shot_v3::rep3,glm_supplementary,spc-3.5.0-roadmap,spc,Python,glm-5.2,single_shot_v3,glm_supplementary::glm-5.2::spc-3.5.0-roadmap::single_shot_v3,3,0,0,0,0,0,api_no_response_timeout,provider call did not produce a response within timeout_seconds,api_no_response_timeout,2026-07-09T09:23:12.492722Z,4630c4c5f3dcddfa5ca2773b
glm_supplementary::glm-5.2::spc-3.5.0-roadmap::single_shot_v3::rep4,glm_supplementary,spc-3.5.0-roadmap,spc,Python,glm-5.2,single_shot_v3,glm_supplementary::glm-5.2::spc-3.5.0-roadmap::single_shot_v3,4,0,0,0,0,0,api_no_response_timeout,provider call did not produce a response within timeout_seconds,api_no_response_timeout,2026-07-09T09:23:44.415279Z,fd5a3c6ddd45f3f1208517b1
glm_supplementary::glm-5.2::spc-3.5.0-roadmap::single_shot_v3::rep5,glm_supplementary,spc-3.5.0-roadmap,spc,Python,glm-5.2,single_shot_v3,glm_supplementary::glm-5.2::spc-3.5.0-roadmap::single_shot_v3,5,1,1,1,1,0,test_failed,,,2026-07-09T11:03:33.227284Z,a6295bee9f2d3fef08a758de
glm_supplementary::glm-5.2::spc-3.5.0-roadmap::single_shot_v3::rep6,glm_supplementary,spc-3.5.0-roadmap,spc,Python,glm-5.2,single_shot_v3,glm_supplementary::glm-5.2::spc-3.5.0-roadmap::single_shot_v3,6,0,0,0,0,0,edit_path_disallowed,edit_path_disallowed,edit_path_disallowed,2026-07-09T09:18:45.315663Z,de3e36766d2aca51532816aa
glm_supplementary::glm-5.2::spc-3.5.0-roadmap::single_shot_v3::rep7,glm_supplementary,spc-3.5.0-roadmap,spc,Python,glm-5.2,single_shot_v3,glm_supplementary::glm-5.2::spc-3.5.0-roadmap::single_shot_v3,7,0,0,0,0,0,api_no_response_timeout,provider call did not produce a response within timeout_seconds,api_no_response_timeout,2026-07-09T09:26:49.002973Z,8ac55c942dcc767baa3da829
glm_supplementary::glm-5.2::spc-3.5.0-roadmap::staged_v4::rep0,glm_supplementary,spc-3.5.0-roadmap,spc,Python,glm-5.2,staged_v4,glm_supplementary::glm-5.2::spc-3.5.0-roadmap::staged_v4,0,0,0,0,0,0,stage1_plan_failed,stage_state_existing_files_invalid,stage1_plan_failed,2026-07-09T09:19:16.917385Z,e576dc4aa3019a845e849e92
glm_supplementary::glm-5.2::spc-3.5.0-roadmap::staged_v4::rep1,glm_supplementary,spc-3.5.0-roadmap,spc,Python,glm-5.2,staged_v4,glm_supplementary::glm-5.2::spc-3.5.0-roadmap::staged_v4,1,0,0,0,0,0,stage1_plan_failed,stage_state_existing_files_invalid,stage1_plan_failed,2026-07-09T09:19:45.001313Z,6a1a8d51eebaf745b17a8d4b
glm_supplementary::glm-5.2::spc-3.5.0-roadmap::staged_v4::rep2,glm_supplementary,spc-3.5.0-roadmap,spc,Python,glm-5.2,staged_v4,glm_supplementary::glm-5.2::spc-3.5.0-roadmap::staged_v4,2,0,0,0,0,0,stage1_plan_failed,stage_state_existing_files_invalid,stage1_plan_failed,2026-07-09T09:20:24.433920Z,d6396d8ec5f922f6528fd16f
glm_supplementary::glm-5.2::spc-3.5.0-roadmap::staged_v4::rep3,glm_supplementary,spc-3.5.0-roadmap,spc,Python,glm-5.2,staged_v4,glm_supplementary::glm-5.2::spc-3.5.0-roadmap::staged_v4,3,0,0,0,0,0,stage1_plan_failed,stage_state_existing_files_invalid,stage1_plan_failed,2026-07-09T09:20:58.553666Z,e193c7d91671d9527a930eac
glm_supplementary::glm-5.2::spc-3.5.0-roadmap::staged_v4::rep4,glm_supplementary,spc-3.5.0-roadmap,spc,Python,glm-5.2,staged_v4,glm_supplementary::glm-5.2::spc-3.5.0-roadmap::staged_v4,4,0,0,0,0,0,stage1_plan_failed,stage_state_existing_files_invalid,stage1_plan_failed,2026-07-09T09:21:31.456616Z,e18097d226d8c03dab2d890c
glm_supplementary::glm-5.2::spc-3.5.0-roadmap::staged_v4::rep5,glm_supplementary,spc-3.5.0-roadmap,spc,Python,glm-5.2,staged_v4,glm_supplementary::glm-5.2::spc-3.5.0-roadmap::staged_v4,5,0,0,0,0,0,stage1_plan_failed,stage_state_existing_files_invalid,stage1_plan_failed,2026-07-09T09:21:59.034786Z,12cd8bb7765a8cf152c66ba8
glm_supplementary::glm-5.2::spc-3.5.0-roadmap::staged_v4::rep6,glm_supplementary,spc-3.5.0-roadmap,spc,Python,glm-5.2,staged_v4,glm_supplementary::glm-5.2::spc-3.5.0-roadmap::staged_v4,6,0,0,0,0,0,stage1_plan_failed,stage_state_existing_files_invalid,stage1_plan_failed,2026-07-09T09:22:25.084121Z,064f33ea7c54c6c9d70baf99
glm_supplementary::glm-5.2::spc-3.5.0-roadmap::staged_v4::rep7,glm_supplementary,spc-3.5.0-roadmap,spc,Python,glm-5.2,staged_v4,glm_supplementary::glm-5.2::spc-3.5.0-roadmap::staged_v4,7,0,0,0,0,0,stage1_plan_failed,stage_state_existing_files_invalid,stage1_plan_failed,2026-07-09T09:22:59.074509Z,939d44633845634138ea28e0
glm_supplementary::glm-5.2::tpl-3.0.0-roadmap::single_shot_v3::rep0,glm_supplementary,tpl-3.0.0-roadmap,tpl,C++,glm-5.2,single_shot_v3,glm_supplementary::glm-5.2::tpl-3.0.0-roadmap::single_shot_v3,0,0,0,0,0,0,edit_apply_failed,edit_apply_failed,edit_apply_failed,2026-07-09T09:24:21.833857Z,560032b03293aef078af6e79
glm_supplementary::glm-5.2::tpl-3.0.0-roadmap::single_shot_v3::rep1,glm_supplementary,tpl-3.0.0-roadmap,tpl,C++,glm-5.2,single_shot_v3,glm_supplementary::glm-5.2::tpl-3.0.0-roadmap::single_shot_v3,1,0,0,0,0,0,edit_apply_failed,edit_apply_failed,edit_apply_failed,2026-07-09T09:24:13.687042Z,fe0cf00c8222255957e4f90b
glm_supplementary::glm-5.2::tpl-3.0.0-roadmap::single_shot_v3::rep2,glm_supplementary,tpl-3.0.0-roadmap,tpl,C++,glm-5.2,single_shot_v3,glm_supplementary::glm-5.2::tpl-3.0.0-roadmap::single_shot_v3,2,0,0,0,0,0,edit_json_invalid,edit_json_invalid,edit_json_invalid,2026-07-09T09:25:05.336357Z,17bcd9e5d6e502460cb089fc
glm_supplementary::glm-5.2::tpl-3.0.0-roadmap::single_shot_v3::rep3,glm_supplementary,tpl-3.0.0-roadmap,tpl,C++,glm-5.2,single_shot_v3,glm_supplementary::glm-5.2::tpl-3.0.0-roadmap::single_shot_v3,3,0,0,0,0,0,edit_apply_failed,edit_apply_failed,edit_apply_failed,2026-07-09T09:25:43.016555Z,bf063c5e763d61c6c4442b7a
glm_supplementary::glm-5.2::tpl-3.0.0-roadmap::single_shot_v3::rep4,glm_supplementary,tpl-3.0.0-roadmap,tpl,C++,glm-5.2,single_shot_v3,glm_supplementary::glm-5.2::tpl-3.0.0-roadmap::single_shot_v3,4,0,0,0,0,0,edit_json_invalid,edit_json_invalid,edit_json_invalid,2026-07-09T09:25:48.950794Z,23b4764504adb6fbc226167d
glm_supplementary::glm-5.2::tpl-3.0.0-roadmap::single_shot_v3::rep5,glm_supplementary,tpl-3.0.0-roadmap,tpl,C++,glm-5.2,single_shot_v3,glm_supplementary::glm-5.2::tpl-3.0.0-roadmap::single_shot_v3,5,0,0,0,0,0,edit_json_invalid,edit_json_invalid,edit_json_invalid,2026-07-09T09:26:12.425538Z,31b7f25ada5a90c4b1e9613d
glm_supplementary::glm-5.2::tpl-3.0.0-roadmap::single_shot_v3::rep6,glm_supplementary,tpl-3.0.0-roadmap,tpl,C++,glm-5.2,single_shot_v3,glm_supplementary::glm-5.2::tpl-3.0.0-roadmap::single_shot_v3,6,0,0,0,0,0,edit_json_invalid,edit_json_invalid,edit_json_invalid,2026-07-09T09:28:06.416263Z,dae3d2aae6e3f63501e43d89
glm_supplementary::glm-5.2::tpl-3.0.0-roadmap::single_shot_v3::rep7,glm_supplementary,tpl-3.0.0-roadmap,tpl,C++,glm-5.2,single_shot_v3,glm_supplementary::glm-5.2::tpl-3.0.0-roadmap::single_shot_v3,7,0,0,0,0,0,edit_json_invalid,edit_json_invalid,edit_json_invalid,2026-07-09T09:28:34.353706Z,b5fad7ec5a14165971d69a12
glm_supplementary::glm-5.2::tpl-3.0.0-roadmap::staged_v4::rep0,glm_supplementary,tpl-3.0.0-roadmap,tpl,C++,glm-5.2,staged_v4,glm_supplementary::glm-5.2::tpl-3.0.0-roadmap::staged_v4,0,0,0,0,0,0,stage1_plan_failed,stage_state_existing_files_invalid,stage1_plan_failed,2026-07-09T09:26:15.556735Z,e6b51ab6c19ee2f157b9f76a
glm_supplementary::glm-5.2::tpl-3.0.0-roadmap::staged_v4::rep1,glm_supplementary,tpl-3.0.0-roadmap,tpl,C++,glm-5.2,staged_v4,glm_supplementary::glm-5.2::tpl-3.0.0-roadmap::staged_v4,1,0,0,0,0,0,stage1_plan_failed,stage_state_existing_files_invalid,stage1_plan_failed,2026-07-09T09:26:18.884316Z,8ffb08b6b483332933e585a3
glm_supplementary::glm-5.2::tpl-3.0.0-roadmap::staged_v4::rep2,glm_supplementary,tpl-3.0.0-roadmap,tpl,C++,glm-5.2,staged_v4,glm_supplementary::glm-5.2::tpl-3.0.0-roadmap::staged_v4,2,0,0,0,0,0,stage1_plan_failed,stage_state_existing_files_invalid,stage1_plan_failed,2026-07-09T09:26:22.091774Z,801b465cf8ec70b5ffa4fb0a
glm_supplementary::glm-5.2::tpl-3.0.0-roadmap::staged_v4::rep3,glm_supplementary,tpl-3.0.0-roadmap,tpl,C++,glm-5.2,staged_v4,glm_supplementary::glm-5.2::tpl-3.0.0-roadmap::staged_v4,3,0,0,0,0,0,stage1_plan_failed,stage_state_existing_files_invalid,stage1_plan_failed,2026-07-09T09:26:25.154054Z,8b99f65f78ab3efbb6c03780
glm_supplementary::glm-5.2::tpl-3.0.0-roadmap::staged_v4::rep4,glm_supplementary,tpl-3.0.0-roadmap,tpl,C++,glm-5.2,staged_v4,glm_supplementary::glm-5.2::tpl-3.0.0-roadmap::staged_v4,4,0,0,0,0,0,stage1_plan_failed,stage_state_existing_files_invalid,stage1_plan_failed,2026-07-09T09:26:28.374388Z,e2f7aaef5f277ae22ee9f553
glm_supplementary::glm-5.2::tpl-3.0.0-roadmap::staged_v4::rep5,glm_supplementary,tpl-3.0.0-roadmap,tpl,C++,glm-5.2,staged_v4,glm_supplementary::glm-5.2::tpl-3.0.0-roadmap::staged_v4,5,0,0,0,0,0,stage1_plan_failed,stage_state_existing_files_invalid,stage1_plan_failed,2026-07-09T09:26:31.347251Z,28b308cacecc832b90a6f938
glm_supplementary::glm-5.2::tpl-3.0.0-roadmap::staged_v4::rep6,glm_supplementary,tpl-3.0.0-roadmap,tpl,C++,glm-5.2,staged_v4,glm_supplementary::glm-5.2::tpl-3.0.0-roadmap::staged_v4,6,0,0,0,0,0,stage1_plan_failed,stage_state_existing_files_invalid,stage1_plan_failed,2026-07-09T09:26:34.401470Z,5c25953bf4ae2dc255da7272
glm_supplementary::glm-5.2::tpl-3.0.0-roadmap::staged_v4::rep7,glm_supplementary,tpl-3.0.0-roadmap,tpl,C++,glm-5.2,staged_v4,glm_supplementary::glm-5.2::tpl-3.0.0-roadmap::staged_v4,7,0,0,0,0,0,stage1_plan_failed,stage_state_existing_files_invalid,stage1_plan_failed,2026-07-09T09:26:36.936704Z,e16e61803e865e05ded8af24
glm_supplementary::glm-5.2::tpl-3.2.0-roadmap::single_shot_v3::rep0,glm_supplementary,tpl-3.2.0-roadmap,tpl,C++,glm-5.2,single_shot_v3,glm_supplementary::glm-5.2::tpl-3.2.0-roadmap::single_shot_v3,0,0,1,0,0,0,patch_apply_failed,other_patch_apply_failure,patch_apply_failed,2026-07-09T11:03:33.251227Z,dc4a5578818fd73f2e5b8c2e
glm_supplementary::glm-5.2::tpl-3.2.0-roadmap::single_shot_v3::rep1,glm_supplementary,tpl-3.2.0-roadmap,tpl,C++,glm-5.2,single_shot_v3,glm_supplementary::glm-5.2::tpl-3.2.0-roadmap::single_shot_v3,1,0,1,0,0,0,patch_apply_failed,other_patch_apply_failure,patch_apply_failed,2026-07-09T11:03:33.260740Z,73b1d80226b426402fdce950
glm_supplementary::glm-5.2::tpl-3.2.0-roadmap::single_shot_v3::rep2,glm_supplementary,tpl-3.2.0-roadmap,tpl,C++,glm-5.2,single_shot_v3,glm_supplementary::glm-5.2::tpl-3.2.0-roadmap::single_shot_v3,2,0,1,0,0,0,patch_apply_failed,other_patch_apply_failure,patch_apply_failed,2026-07-09T11:03:33.269766Z,4f049b06d5a7a34623bab5ec
glm_supplementary::glm-5.2::tpl-3.2.0-roadmap::single_shot_v3::rep3,glm_supplementary,tpl-3.2.0-roadmap,tpl,C++,glm-5.2,single_shot_v3,glm_supplementary::glm-5.2::tpl-3.2.0-roadmap::single_shot_v3,3,0,1,0,0,0,patch_apply_failed,other_patch_apply_failure,patch_apply_failed,2026-07-09T11:03:33.278067Z,5fec67b3c6c1568e7ecd6ad4
glm_supplementary::glm-5.2::tpl-3.2.0-roadmap::single_shot_v3::rep4,glm_supplementary,tpl-3.2.0-roadmap,tpl,C++,glm-5.2,single_shot_v3,glm_supplementary::glm-5.2::tpl-3.2.0-roadmap::single_shot_v3,4,0,1,0,0,0,patch_apply_failed,other_patch_apply_failure,patch_apply_failed,2026-07-09T11:03:33.286965Z,581aa24cc7c91668f7f4799b
glm_supplementary::glm-5.2::tpl-3.2.0-roadmap::single_shot_v3::rep5,glm_supplementary,tpl-3.2.0-roadmap,tpl,C++,glm-5.2,single_shot_v3,glm_supplementary::glm-5.2::tpl-3.2.0-roadmap::single_shot_v3,5,0,1,0,0,0,patch_apply_failed,other_patch_apply_failure,patch_apply_failed,2026-07-09T11:03:33.296858Z,a1cbdeed038f7b44a63561b7
glm_supplementary::glm-5.2::tpl-3.2.0-roadmap::single_shot_v3::rep6,glm_supplementary,tpl-3.2.0-roadmap,tpl,C++,glm-5.2,single_shot_v3,glm_supplementary::glm-5.2::tpl-3.2.0-roadmap::single_shot_v3,6,0,1,0,0,0,patch_apply_failed,other_patch_apply_failure,patch_apply_failed,2026-07-09T11:03:33.306462Z,09465a1a73ca31402e222029
glm_supplementary::glm-5.2::tpl-3.2.0-roadmap::single_shot_v3::rep7,glm_supplementary,tpl-3.2.0-roadmap,tpl,C++,glm-5.2,single_shot_v3,glm_supplementary::glm-5.2::tpl-3.2.0-roadmap::single_shot_v3,7,0,1,0,0,0,patch_apply_failed,other_patch_apply_failure,patch_apply_failed,2026-07-09T11:03:33.315651Z,0a1c6659196682c90e4f83ef
glm_supplementary::glm-5.2::tpl-3.2.0-roadmap::staged_v4::rep0,glm_supplementary,tpl-3.2.0-roadmap,tpl,C++,glm-5.2,staged_v4,glm_supplementary::glm-5.2::tpl-3.2.0-roadmap::staged_v4,0,0,0,0,0,0,stage2_contract_failed,candidate_edit_missing,stage2_contract_failed,2026-07-09T09:40:35.740260Z,8a3563db602eef5db12f3a2c
glm_supplementary::glm-5.2::tpl-3.2.0-roadmap::staged_v4::rep1,glm_supplementary,tpl-3.2.0-roadmap,tpl,C++,glm-5.2,staged_v4,glm_supplementary::glm-5.2::tpl-3.2.0-roadmap::staged_v4,1,0,1,0,0,0,patch_apply_failed,other_patch_apply_failure,patch_apply_failed,2026-07-09T11:03:33.324455Z,fc456dc1d25faf7254b2829a
glm_supplementary::glm-5.2::tpl-3.2.0-roadmap::staged_v4::rep2,glm_supplementary,tpl-3.2.0-roadmap,tpl,C++,glm-5.2,staged_v4,glm_supplementary::glm-5.2::tpl-3.2.0-roadmap::staged_v4,2,0,1,0,0,0,patch_apply_failed,other_patch_apply_failure,patch_apply_failed,2026-07-09T11:03:33.335900Z,0b0bcd49f82bda39b40e8ed6
glm_supplementary::glm-5.2::tpl-3.2.0-roadmap::staged_v4::rep3,glm_supplementary,tpl-3.2.0-roadmap,tpl,C++,glm-5.2,staged_v4,glm_supplementary::glm-5.2::tpl-3.2.0-roadmap::staged_v4,3,0,1,0,0,0,patch_apply_failed,other_patch_apply_failure,patch_apply_failed,2026-07-09T11:03:33.346656Z,9ca9b2098c132c8cc3a08c22
glm_supplementary::glm-5.2::tpl-3.2.0-roadmap::staged_v4::rep4,glm_supplementary,tpl-3.2.0-roadmap,tpl,C++,glm-5.2,staged_v4,glm_supplementary::glm-5.2::tpl-3.2.0-roadmap::staged_v4,4,0,1,0,0,0,patch_apply_failed,other_patch_apply_failure,patch_apply_failed,2026-07-09T11:03:33.355816Z,d233a2f3b765f7721190835c
glm_supplementary::glm-5.2::tpl-3.2.0-roadmap::staged_v4::rep5,glm_supplementary,tpl-3.2.0-roadmap,tpl,C++,glm-5.2,staged_v4,glm_supplementary::glm-5.2::tpl-3.2.0-roadmap::staged_v4,5,0,1,0,0,0,patch_apply_failed,other_patch_apply_failure,patch_apply_failed,2026-07-09T11:03:33.365329Z,7bc900b95498124fd6001fcd
glm_supplementary::glm-5.2::tpl-3.2.0-roadmap::staged_v4::rep6,glm_supplementary,tpl-3.2.0-roadmap,tpl,C++,glm-5.2,staged_v4,glm_supplementary::glm-5.2::tpl-3.2.0-roadmap::staged_v4,6,0,1,0,0,0,patch_apply_failed,other_patch_apply_failure,patch_apply_failed,2026-07-09T11:03:33.374294Z,fd00dd770fbb4d0eb02be127
glm_supplementary::glm-5.2::tpl-3.2.0-roadmap::staged_v4::rep7,glm_supplementary,tpl-3.2.0-roadmap,tpl,C++,glm-5.2,staged_v4,glm_supplementary::glm-5.2::tpl-3.2.0-roadmap::staged_v4,7,0,1,0,0,0,patch_apply_failed,other_patch_apply_failure,patch_apply_failed,2026-07-09T11:03:33.383617Z,4b5f75b09abcc2088260aead
glm_supplementary::glm-5.2::tpl-3.3.0-roadmap::single_shot_v3::rep0,glm_supplementary,tpl-3.3.0-roadmap,tpl,C++,glm-5.2,single_shot_v3,glm_supplementary::glm-5.2::tpl-3.3.0-roadmap::single_shot_v3,0,0,0,0,0,0,edit_apply_failed,edit_apply_failed,edit_apply_failed,2026-07-09T09:37:47.785657Z,20acfb6b8fe045641e9953d0
glm_supplementary::glm-5.2::tpl-3.3.0-roadmap::single_shot_v3::rep1,glm_supplementary,tpl-3.3.0-roadmap,tpl,C++,glm-5.2,single_shot_v3,glm_supplementary::glm-5.2::tpl-3.3.0-roadmap::single_shot_v3,1,0,0,0,0,0,edit_apply_failed,edit_apply_failed,edit_apply_failed,2026-07-09T09:36:49.856683Z,5effbb2c1bdd7cc0c577783b
glm_supplementary::glm-5.2::tpl-3.3.0-roadmap::single_shot_v3::rep2,glm_supplementary,tpl-3.3.0-roadmap,tpl,C++,glm-5.2,single_shot_v3,glm_supplementary::glm-5.2::tpl-3.3.0-roadmap::single_shot_v3,2,0,0,0,0,0,edit_apply_failed,edit_apply_failed,edit_apply_failed,2026-07-09T09:37:41.635997Z,8e110dfcb0edf3aefba4feab
glm_supplementary::glm-5.2::tpl-3.3.0-roadmap::single_shot_v3::rep3,glm_supplementary,tpl-3.3.0-roadmap,tpl,C++,glm-5.2,single_shot_v3,glm_supplementary::glm-5.2::tpl-3.3.0-roadmap::single_shot_v3,3,0,0,0,0,0,edit_apply_failed,edit_apply_failed,edit_apply_failed,2026-07-09T09:38:17.937454Z,a3517ee8de8efdad4366923e
glm_supplementary::glm-5.2::tpl-3.3.0-roadmap::single_shot_v3::rep4,glm_supplementary,tpl-3.3.0-roadmap,tpl,C++,glm-5.2,single_shot_v3,glm_supplementary::glm-5.2::tpl-3.3.0-roadmap::single_shot_v3,4,0,0,0,0,0,edit_apply_failed,edit_apply_failed,edit_apply_failed,2026-07-09T09:39:17.264075Z,c1b9a208913b84e7184fbc85
glm_supplementary::glm-5.2::tpl-3.3.0-roadmap::single_shot_v3::rep5,glm_supplementary,tpl-3.3.0-roadmap,tpl,C++,glm-5.2,single_shot_v3,glm_supplementary::glm-5.2::tpl-3.3.0-roadmap::single_shot_v3,5,0,0,0,0,0,edit_apply_failed,edit_apply_failed,edit_apply_failed,2026-07-09T09:39:29.319580Z,3644d1171662d34a2a638bf3
glm_supplementary::glm-5.2::tpl-3.3.0-roadmap::single_shot_v3::rep6,glm_supplementary,tpl-3.3.0-roadmap,tpl,C++,glm-5.2,single_shot_v3,glm_supplementary::glm-5.2::tpl-3.3.0-roadmap::single_shot_v3,6,0,0,0,0,0,edit_json_invalid,edit_json_invalid,edit_json_invalid,2026-07-09T09:39:14.995323Z,bedefc63a926211b24d8c138
glm_supplementary::glm-5.2::tpl-3.3.0-roadmap::single_shot_v3::rep7,glm_supplementary,tpl-3.3.0-roadmap,tpl,C++,glm-5.2,single_shot_v3,glm_supplementary::glm-5.2::tpl-3.3.0-roadmap::single_shot_v3,7,0,0,0,0,0,edit_apply_failed,edit_apply_failed,edit_apply_failed,2026-07-09T09:40:36.353636Z,8a96dc185a92628a07701816
glm_supplementary::glm-5.2::tpl-3.3.0-roadmap::staged_v4::rep0,glm_supplementary,tpl-3.3.0-roadmap,tpl,C++,glm-5.2,staged_v4,glm_supplementary::glm-5.2::tpl-3.3.0-roadmap::staged_v4,0,0,0,0,0,0,stage2_contract_failed,stage2_edit_outside_stage_state,stage2_contract_failed,2026-07-09T09:41:32.887052Z,e05d9f76076804c5e76376bc
glm_supplementary::glm-5.2::tpl-3.3.0-roadmap::staged_v4::rep1,glm_supplementary,tpl-3.3.0-roadmap,tpl,C++,glm-5.2,staged_v4,glm_supplementary::glm-5.2::tpl-3.3.0-roadmap::staged_v4,1,1,1,1,1,0,test_failed,,,2026-07-09T11:03:36.851857Z,fb7ac7af856cc34c52c9f7cb
glm_supplementary::glm-5.2::tpl-3.3.0-roadmap::staged_v4::rep2,glm_supplementary,tpl-3.3.0-roadmap,tpl,C++,glm-5.2,staged_v4,glm_supplementary::glm-5.2::tpl-3.3.0-roadmap::staged_v4,2,0,0,0,0,0,stage2_contract_failed,candidate_edit_ops_invalid,stage2_contract_failed,2026-07-09T09:41:55.903875Z,1582454a44d4f532d40deed6
glm_supplementary::glm-5.2::tpl-3.3.0-roadmap::staged_v4::rep3,glm_supplementary,tpl-3.3.0-roadmap,tpl,C++,glm-5.2,staged_v4,glm_supplementary::glm-5.2::tpl-3.3.0-roadmap::staged_v4,3,1,1,1,1,0,test_failed,,,2026-07-09T11:03:40.074121Z,13226101b4f088819e5fd696
glm_supplementary::glm-5.2::tpl-3.3.0-roadmap::staged_v4::rep4,glm_supplementary,tpl-3.3.0-roadmap,tpl,C++,glm-5.2,staged_v4,glm_supplementary::glm-5.2::tpl-3.3.0-roadmap::staged_v4,4,1,1,1,1,0,test_failed,,,2026-07-09T11:03:43.606937Z,bf8c788493c083d5ee4ed9d5
glm_supplementary::glm-5.2::tpl-3.3.0-roadmap::staged_v4::rep5,glm_supplementary,tpl-3.3.0-roadmap,tpl,C++,glm-5.2,staged_v4,glm_supplementary::glm-5.2::tpl-3.3.0-roadmap::staged_v4,5,0,0,0,0,0,stage1_plan_failed,stage_state_planned_new_files_invalid,stage1_plan_failed,2026-07-09T09:41:17.843420Z,4b824618815e3c973ad2dc28
glm_supplementary::glm-5.2::tpl-3.3.0-roadmap::staged_v4::rep6,glm_supplementary,tpl-3.3.0-roadmap,tpl,C++,glm-5.2,staged_v4,glm_supplementary::glm-5.2::tpl-3.3.0-roadmap::staged_v4,6,1,1,1,1,0,test_failed,,,2026-07-09T11:03:46.902565Z,c55e0344254530ef05b93e28
glm_supplementary::glm-5.2::tpl-3.3.0-roadmap::staged_v4::rep7,glm_supplementary,tpl-3.3.0-roadmap,tpl,C++,glm-5.2,staged_v4,glm_supplementary::glm-5.2::tpl-3.3.0-roadmap::staged_v4,7,0,0,0,0,0,stage2_contract_failed,stage2_edit_outside_stage_state,stage2_contract_failed,2026-07-09T09:43:26.868560Z,b269a0772fdfb95f001c3fde
glm_supplementary::glm-5.2::tpl-4.0.0-roadmap::single_shot_v3::rep0,glm_supplementary,tpl-4.0.0-roadmap,tpl,C++,glm-5.2,single_shot_v3,glm_supplementary::glm-5.2::tpl-4.0.0-roadmap::single_shot_v3,0,0,0,0,0,0,api_no_response_timeout,provider call did not produce a response within timeout_seconds,api_no_response_timeout,2026-07-09T09:51:55.948113Z,0bbf2ad9cfaaef507d17ca18
glm_supplementary::glm-5.2::tpl-4.0.0-roadmap::single_shot_v3::rep1,glm_supplementary,tpl-4.0.0-roadmap,tpl,C++,glm-5.2,single_shot_v3,glm_supplementary::glm-5.2::tpl-4.0.0-roadmap::single_shot_v3,1,0,0,0,0,0,edit_json_invalid,edit_json_invalid,edit_json_invalid,2026-07-09T09:45:39.227051Z,692274ce3d3efce90739def2
glm_supplementary::glm-5.2::tpl-4.0.0-roadmap::single_shot_v3::rep2,glm_supplementary,tpl-4.0.0-roadmap,tpl,C++,glm-5.2,single_shot_v3,glm_supplementary::glm-5.2::tpl-4.0.0-roadmap::single_shot_v3,2,0,0,0,0,0,edit_json_invalid,edit_json_invalid,edit_json_invalid,2026-07-09T09:45:09.219584Z,b931a898d34cba33eb305208
glm_supplementary::glm-5.2::tpl-4.0.0-roadmap::single_shot_v3::rep3,glm_supplementary,tpl-4.0.0-roadmap,tpl,C++,glm-5.2,single_shot_v3,glm_supplementary::glm-5.2::tpl-4.0.0-roadmap::single_shot_v3,3,0,0,0,0,0,edit_apply_failed,edit_apply_failed,edit_apply_failed,2026-07-09T09:46:13.238082Z,db8d1976edb4f5b8abb98b08
glm_supplementary::glm-5.2::tpl-4.0.0-roadmap::single_shot_v3::rep4,glm_supplementary,tpl-4.0.0-roadmap,tpl,C++,glm-5.2,single_shot_v3,glm_supplementary::glm-5.2::tpl-4.0.0-roadmap::single_shot_v3,4,0,0,0,0,0,edit_apply_failed,edit_apply_failed,edit_apply_failed,2026-07-09T09:47:55.668545Z,6a556e676aa0cba4c05bc31c
glm_supplementary::glm-5.2::tpl-4.0.0-roadmap::single_shot_v3::rep5,glm_supplementary,tpl-4.0.0-roadmap,tpl,C++,glm-5.2,single_shot_v3,glm_supplementary::glm-5.2::tpl-4.0.0-roadmap::single_shot_v3,5,1,1,1,1,0,test_failed,,,2026-07-09T11:03:54.659482Z,0862028aa796a231a24697ee
glm_supplementary::glm-5.2::tpl-4.0.0-roadmap::single_shot_v3::rep6,glm_supplementary,tpl-4.0.0-roadmap,tpl,C++,glm-5.2,single_shot_v3,glm_supplementary::glm-5.2::tpl-4.0.0-roadmap::single_shot_v3,6,0,0,0,0,0,api_no_response_timeout,provider call did not produce a response within timeout_seconds,api_no_response_timeout,2026-07-09T09:56:13.284419Z,bf26699af37a6e2584bb39d7
glm_supplementary::glm-5.2::tpl-4.0.0-roadmap::single_shot_v3::rep7,glm_supplementary,tpl-4.0.0-roadmap,tpl,C++,glm-5.2,single_shot_v3,glm_supplementary::glm-5.2::tpl-4.0.0-roadmap::single_shot_v3,7,0,0,0,0,0,edit_json_invalid,edit_json_invalid,edit_json_invalid,2026-07-09T09:50:52.163269Z,4d022f26cecaeb42dfb03632
glm_supplementary::glm-5.2::tpl-4.0.0-roadmap::staged_v4::rep0,glm_supplementary,tpl-4.0.0-roadmap,tpl,C++,glm-5.2,staged_v4,glm_supplementary::glm-5.2::tpl-4.0.0-roadmap::staged_v4,0,0,0,0,0,0,stage1_plan_failed,stage_state_existing_files_invalid,stage1_plan_failed,2026-07-09T09:48:20.479744Z,5a386b0baae8429afc27d844
glm_supplementary::glm-5.2::tpl-4.0.0-roadmap::staged_v4::rep1,glm_supplementary,tpl-4.0.0-roadmap,tpl,C++,glm-5.2,staged_v4,glm_supplementary::glm-5.2::tpl-4.0.0-roadmap::staged_v4,1,0,0,0,0,0,stage1_plan_failed,stage_state_existing_files_invalid,stage1_plan_failed,2026-07-09T09:48:36.643905Z,ca5e8ce64a78054597c4a455
glm_supplementary::glm-5.2::tpl-4.0.0-roadmap::staged_v4::rep2,glm_supplementary,tpl-4.0.0-roadmap,tpl,C++,glm-5.2,staged_v4,glm_supplementary::glm-5.2::tpl-4.0.0-roadmap::staged_v4,2,0,0,0,0,0,stage1_plan_failed,stage_state_existing_files_invalid,stage1_plan_failed,2026-07-09T09:48:45.494989Z,547c694d2c2f8d55763b477a
glm_supplementary::glm-5.2::tpl-4.0.0-roadmap::staged_v4::rep3,glm_supplementary,tpl-4.0.0-roadmap,tpl,C++,glm-5.2,staged_v4,glm_supplementary::glm-5.2::tpl-4.0.0-roadmap::staged_v4,3,0,0,0,0,0,stage1_plan_failed,stage_state_existing_files_invalid,stage1_plan_failed,2026-07-09T09:48:57.726256Z,c5ecd8857d58e1a0de8820b3
glm_supplementary::glm-5.2::tpl-4.0.0-roadmap::staged_v4::rep4,glm_supplementary,tpl-4.0.0-roadmap,tpl,C++,glm-5.2,staged_v4,glm_supplementary::glm-5.2::tpl-4.0.0-roadmap::staged_v4,4,0,0,0,0,0,stage1_plan_failed,stage_state_existing_files_invalid,stage1_plan_failed,2026-07-09T09:49:00.099841Z,ea9dbee115fc0ebc8ac7f92b
glm_supplementary::glm-5.2::tpl-4.0.0-roadmap::staged_v4::rep5,glm_supplementary,tpl-4.0.0-roadmap,tpl,C++,glm-5.2,staged_v4,glm_supplementary::glm-5.2::tpl-4.0.0-roadmap::staged_v4,5,0,0,0,0,0,stage1_plan_failed,stage_state_existing_files_invalid,stage1_plan_failed,2026-07-09T09:49:08.893493Z,82aae840e7c683af5eff5c09
glm_supplementary::glm-5.2::tpl-4.0.0-roadmap::staged_v4::rep6,glm_supplementary,tpl-4.0.0-roadmap,tpl,C++,glm-5.2,staged_v4,glm_supplementary::glm-5.2::tpl-4.0.0-roadmap::staged_v4,6,0,0,0,0,0,stage1_plan_failed,stage_state_existing_files_invalid,stage1_plan_failed,2026-07-09T09:49:17.696904Z,efe23bdab6a692296db3fd5a
glm_supplementary::glm-5.2::tpl-4.0.0-roadmap::staged_v4::rep7,glm_supplementary,tpl-4.0.0-roadmap,tpl,C++,glm-5.2,staged_v4,glm_supplementary::glm-5.2::tpl-4.0.0-roadmap::staged_v4,7,0,0,0,0,0,stage1_plan_failed,stage_state_existing_files_invalid,stage1_plan_failed,2026-07-09T09:49:30.269159Z,6c6f074efcc6206300571a93
glm_supplementary::glm-5.2::tpl-5.0.0-roadmap::single_shot_v3::rep0,glm_supplementary,tpl-5.0.0-roadmap,tpl,C++,glm-5.2,single_shot_v3,glm_supplementary::glm-5.2::tpl-5.0.0-roadmap::single_shot_v3,0,0,0,0,0,0,edit_json_invalid,edit_json_invalid,edit_json_invalid,2026-07-09T09:51:25.010462Z,ef8e6726b7defd97a2b7e638
glm_supplementary::glm-5.2::tpl-5.0.0-roadmap::single_shot_v3::rep1,glm_supplementary,tpl-5.0.0-roadmap,tpl,C++,glm-5.2,single_shot_v3,glm_supplementary::glm-5.2::tpl-5.0.0-roadmap::single_shot_v3,1,0,0,0,0,0,api_no_response_timeout,provider call did not produce a response within timeout_seconds,api_no_response_timeout,2026-07-09T10:00:52.219176Z,af46d4220ef3b43ad4b96223
glm_supplementary::glm-5.2::tpl-5.0.0-roadmap::single_shot_v3::rep2,glm_supplementary,tpl-5.0.0-roadmap,tpl,C++,glm-5.2,single_shot_v3,glm_supplementary::glm-5.2::tpl-5.0.0-roadmap::single_shot_v3,2,0,0,0,0,0,api_no_response_timeout,provider call did not produce a response within timeout_seconds,api_no_response_timeout,2026-07-09T10:01:25.050332Z,831f799cc50e85c9f1a2be13
glm_supplementary::glm-5.2::tpl-5.0.0-roadmap::single_shot_v3::rep3,glm_supplementary,tpl-5.0.0-roadmap,tpl,C++,glm-5.2,single_shot_v3,glm_supplementary::glm-5.2::tpl-5.0.0-roadmap::single_shot_v3,3,0,0,0,0,0,api_no_response_timeout,provider call did not produce a response within timeout_seconds,api_no_response_timeout,2026-07-09T10:01:55.991680Z,408722dbf06eb2d6c7a60d06
glm_supplementary::glm-5.2::tpl-5.0.0-roadmap::single_shot_v3::rep4,glm_supplementary,tpl-5.0.0-roadmap,tpl,C++,glm-5.2,single_shot_v3,glm_supplementary::glm-5.2::tpl-5.0.0-roadmap::single_shot_v3,4,0,0,0,0,0,api_no_response_timeout,provider call did not produce a response within timeout_seconds,api_no_response_timeout,2026-07-09T10:06:13.331638Z,adae17da59c319cda7082fd9
glm_supplementary::glm-5.2::tpl-5.0.0-roadmap::single_shot_v3::rep5,glm_supplementary,tpl-5.0.0-roadmap,tpl,C++,glm-5.2,single_shot_v3,glm_supplementary::glm-5.2::tpl-5.0.0-roadmap::single_shot_v3,5,0,0,0,0,0,api_no_response_timeout,provider call did not produce a response within timeout_seconds,api_no_response_timeout,2026-07-09T10:10:52.271911Z,e2f337894c807edba83da2b6
glm_supplementary::glm-5.2::tpl-5.0.0-roadmap::single_shot_v3::rep6,glm_supplementary,tpl-5.0.0-roadmap,tpl,C++,glm-5.2,single_shot_v3,glm_supplementary::glm-5.2::tpl-5.0.0-roadmap::single_shot_v3,6,0,0,0,0,0,api_no_response_timeout,provider call did not produce a response within timeout_seconds,api_no_response_timeout,2026-07-09T10:11:25.100316Z,73f86d2721891c55ec1eaa35
glm_supplementary::glm-5.2::tpl-5.0.0-roadmap::single_shot_v3::rep7,glm_supplementary,tpl-5.0.0-roadmap,tpl,C++,glm-5.2,single_shot_v3,glm_supplementary::glm-5.2::tpl-5.0.0-roadmap::single_shot_v3,7,0,0,0,0,0,api_no_response_timeout,provider call did not produce a response within timeout_seconds,api_no_response_timeout,2026-07-09T10:11:56.044973Z,03ce43548738a377da0990ca
glm_supplementary::glm-5.2::tpl-5.0.0-roadmap::staged_v4::rep0,glm_supplementary,tpl-5.0.0-roadmap,tpl,C++,glm-5.2,staged_v4,glm_supplementary::glm-5.2::tpl-5.0.0-roadmap::staged_v4,0,0,0,0,0,0,stage1_plan_failed,stage_state_existing_files_invalid,stage1_plan_failed,2026-07-09T10:06:17.671903Z,e38cf598c2ec5170824745a2
glm_supplementary::glm-5.2::tpl-5.0.0-roadmap::staged_v4::rep1,glm_supplementary,tpl-5.0.0-roadmap,tpl,C++,glm-5.2,staged_v4,glm_supplementary::glm-5.2::tpl-5.0.0-roadmap::staged_v4,1,0,0,0,0,0,stage1_plan_failed,stage_state_existing_files_invalid,stage1_plan_failed,2026-07-09T10:06:21.525180Z,39e259294c611a35d6b442eb
glm_supplementary::glm-5.2::tpl-5.0.0-roadmap::staged_v4::rep2,glm_supplementary,tpl-5.0.0-roadmap,tpl,C++,glm-5.2,staged_v4,glm_supplementary::glm-5.2::tpl-5.0.0-roadmap::staged_v4,2,0,0,0,0,0,stage1_plan_failed,stage_state_existing_files_invalid,stage1_plan_failed,2026-07-09T10:06:25.374948Z,91f3155d12276cc8be18d32e
glm_supplementary::glm-5.2::tpl-5.0.0-roadmap::staged_v4::rep3,glm_supplementary,tpl-5.0.0-roadmap,tpl,C++,glm-5.2,staged_v4,glm_supplementary::glm-5.2::tpl-5.0.0-roadmap::staged_v4,3,0,0,0,0,0,stage1_plan_failed,stage_state_existing_files_invalid,stage1_plan_failed,2026-07-09T10:06:29.038971Z,e0dc06ce535ce9a7f0e920b3
glm_supplementary::glm-5.2::tpl-5.0.0-roadmap::staged_v4::rep4,glm_supplementary,tpl-5.0.0-roadmap,tpl,C++,glm-5.2,staged_v4,glm_supplementary::glm-5.2::tpl-5.0.0-roadmap::staged_v4,4,0,0,0,0,0,stage1_plan_failed,stage_state_existing_files_invalid,stage1_plan_failed,2026-07-09T10:06:32.423654Z,e7ed4fcbdf0ed45a498ccbd2
glm_supplementary::glm-5.2::tpl-5.0.0-roadmap::staged_v4::rep5,glm_supplementary,tpl-5.0.0-roadmap,tpl,C++,glm-5.2,staged_v4,glm_supplementary::glm-5.2::tpl-5.0.0-roadmap::staged_v4,5,0,0,0,0,0,stage1_plan_failed,stage_state_existing_files_invalid,stage1_plan_failed,2026-07-09T10:06:43.266489Z,e0c18f443f6d8004571928a1
glm_supplementary::glm-5.2::tpl-5.0.0-roadmap::staged_v4::rep6,glm_supplementary,tpl-5.0.0-roadmap,tpl,C++,glm-5.2,staged_v4,glm_supplementary::glm-5.2::tpl-5.0.0-roadmap::staged_v4,6,0,0,0,0,0,stage1_plan_failed,stage_state_existing_files_invalid,stage1_plan_failed,2026-07-09T10:06:47.409395Z,5d670efbc1440feeb4e67ccd
glm_supplementary::glm-5.2::tpl-5.0.0-roadmap::staged_v4::rep7,glm_supplementary,tpl-5.0.0-roadmap,tpl,C++,glm-5.2,staged_v4,glm_supplementary::glm-5.2::tpl-5.0.0-roadmap::staged_v4,7,0,0,0,0,0,stage1_plan_failed,stage_state_existing_files_invalid,stage1_plan_failed,2026-07-09T10:06:51.005775Z,6f7a6a2bd82eca3862d871de
glm_supplementary::glm-5.2::tpl-5.1.0-roadmap::single_shot_v3::rep0,glm_supplementary,tpl-5.1.0-roadmap,tpl,C++,glm-5.2,single_shot_v3,glm_supplementary::glm-5.2::tpl-5.1.0-roadmap::single_shot_v3,0,0,0,0,0,0,edit_path_disallowed,edit_path_disallowed,edit_path_disallowed,2026-07-09T10:07:47.569806Z,6a4da7d8d4f92b746829d398
glm_supplementary::glm-5.2::tpl-5.1.0-roadmap::single_shot_v3::rep1,glm_supplementary,tpl-5.1.0-roadmap,tpl,C++,glm-5.2,single_shot_v3,glm_supplementary::glm-5.2::tpl-5.1.0-roadmap::single_shot_v3,1,0,0,0,0,0,edit_path_disallowed,edit_path_disallowed,edit_path_disallowed,2026-07-09T10:08:29.537356Z,e2188fddfdc8c7fc7bd69f83
glm_supplementary::glm-5.2::tpl-5.1.0-roadmap::single_shot_v3::rep2,glm_supplementary,tpl-5.1.0-roadmap,tpl,C++,glm-5.2,single_shot_v3,glm_supplementary::glm-5.2::tpl-5.1.0-roadmap::single_shot_v3,2,0,0,0,0,0,edit_path_disallowed,edit_path_disallowed,edit_path_disallowed,2026-07-09T10:09:26.825086Z,8d8daba0054b43397dec4f06
glm_supplementary::glm-5.2::tpl-5.1.0-roadmap::single_shot_v3::rep3,glm_supplementary,tpl-5.1.0-roadmap,tpl,C++,glm-5.2,single_shot_v3,glm_supplementary::glm-5.2::tpl-5.1.0-roadmap::single_shot_v3,3,0,0,0,0,0,edit_path_disallowed,edit_path_disallowed,edit_path_disallowed,2026-07-09T10:10:28.824180Z,d8ce37a3194bdf9000e43e6b
glm_supplementary::glm-5.2::tpl-5.1.0-roadmap::single_shot_v3::rep4,glm_supplementary,tpl-5.1.0-roadmap,tpl,C++,glm-5.2,single_shot_v3,glm_supplementary::glm-5.2::tpl-5.1.0-roadmap::single_shot_v3,4,0,0,0,0,0,edit_path_disallowed,edit_path_disallowed,edit_path_disallowed,2026-07-09T10:11:20.548222Z,2b34930a57c188608eaf2ad5
glm_supplementary::glm-5.2::tpl-5.1.0-roadmap::single_shot_v3::rep5,glm_supplementary,tpl-5.1.0-roadmap,tpl,C++,glm-5.2,single_shot_v3,glm_supplementary::glm-5.2::tpl-5.1.0-roadmap::single_shot_v3,5,0,0,0,0,0,edit_path_disallowed,edit_path_disallowed,edit_path_disallowed,2026-07-09T10:11:51.100179Z,fa263f2ae57a1b86b885d294
glm_supplementary::glm-5.2::tpl-5.1.0-roadmap::single_shot_v3::rep6,glm_supplementary,tpl-5.1.0-roadmap,tpl,C++,glm-5.2,single_shot_v3,glm_supplementary::glm-5.2::tpl-5.1.0-roadmap::single_shot_v3,6,0,0,0,0,0,edit_path_disallowed,edit_path_disallowed,edit_path_disallowed,2026-07-09T10:12:13.584862Z,25d659cd23baf5a510639d08
glm_supplementary::glm-5.2::tpl-5.1.0-roadmap::single_shot_v3::rep7,glm_supplementary,tpl-5.1.0-roadmap,tpl,C++,glm-5.2,single_shot_v3,glm_supplementary::glm-5.2::tpl-5.1.0-roadmap::single_shot_v3,7,0,0,0,0,0,edit_path_disallowed,edit_path_disallowed,edit_path_disallowed,2026-07-09T10:12:40.053441Z,77f9036b6a8b1ff1a15b2df5
glm_supplementary::glm-5.2::tpl-5.1.0-roadmap::staged_v4::rep0,glm_supplementary,tpl-5.1.0-roadmap,tpl,C++,glm-5.2,staged_v4,glm_supplementary::glm-5.2::tpl-5.1.0-roadmap::staged_v4,0,0,0,0,0,0,stage1_plan_failed,stage_state_existing_files_invalid,stage1_plan_failed,2026-07-09T10:12:14.689824Z,370b93b7793143a8fe6e2b06
glm_supplementary::glm-5.2::tpl-5.1.0-roadmap::staged_v4::rep1,glm_supplementary,tpl-5.1.0-roadmap,tpl,C++,glm-5.2,staged_v4,glm_supplementary::glm-5.2::tpl-5.1.0-roadmap::staged_v4,1,0,0,0,0,0,stage1_plan_failed,stage_state_existing_files_invalid,stage1_plan_failed,2026-07-09T10:12:00.193220Z,3941de58bddc14df44aa79fd
glm_supplementary::glm-5.2::tpl-5.1.0-roadmap::staged_v4::rep2,glm_supplementary,tpl-5.1.0-roadmap,tpl,C++,glm-5.2,staged_v4,glm_supplementary::glm-5.2::tpl-5.1.0-roadmap::staged_v4,2,0,0,0,0,0,stage1_plan_failed,stage_state_existing_files_invalid,stage1_plan_failed,2026-07-09T10:12:02.226377Z,d2733d3e30dd6de82956c44d
glm_supplementary::glm-5.2::tpl-5.1.0-roadmap::staged_v4::rep3,glm_supplementary,tpl-5.1.0-roadmap,tpl,C++,glm-5.2,staged_v4,glm_supplementary::glm-5.2::tpl-5.1.0-roadmap::staged_v4,3,0,0,0,0,0,stage1_plan_failed,stage_state_existing_files_invalid,stage1_plan_failed,2026-07-09T10:12:07.566163Z,5ff0a3bd74c6e013b0b42fd2
glm_supplementary::glm-5.2::tpl-5.1.0-roadmap::staged_v4::rep4,glm_supplementary,tpl-5.1.0-roadmap,tpl,C++,glm-5.2,staged_v4,glm_supplementary::glm-5.2::tpl-5.1.0-roadmap::staged_v4,4,0,0,0,0,0,stage1_plan_failed,stage_state_existing_files_invalid,stage1_plan_failed,2026-07-09T10:12:14.455059Z,63ef01bbec5e9fd3f882f708
glm_supplementary::glm-5.2::tpl-5.1.0-roadmap::staged_v4::rep5,glm_supplementary,tpl-5.1.0-roadmap,tpl,C++,glm-5.2,staged_v4,glm_supplementary::glm-5.2::tpl-5.1.0-roadmap::staged_v4,5,0,0,0,0,0,stage1_plan_failed,stage_state_existing_files_invalid,stage1_plan_failed,2026-07-09T10:12:15.699876Z,19bde5a9cc01b0d17d8fbd18
glm_supplementary::glm-5.2::tpl-5.1.0-roadmap::staged_v4::rep6,glm_supplementary,tpl-5.1.0-roadmap,tpl,C++,glm-5.2,staged_v4,glm_supplementary::glm-5.2::tpl-5.1.0-roadmap::staged_v4,6,0,0,0,0,0,stage1_plan_failed,stage_state_existing_files_invalid,stage1_plan_failed,2026-07-09T10:12:19.516770Z,6f6eff1a049a31a043783e16
glm_supplementary::glm-5.2::tpl-5.1.0-roadmap::staged_v4::rep7,glm_supplementary,tpl-5.1.0-roadmap,tpl,C++,glm-5.2,staged_v4,glm_supplementary::glm-5.2::tpl-5.1.0-roadmap::staged_v4,7,0,0,0,0,0,stage1_plan_failed,stage_state_existing_files_invalid,stage1_plan_failed,2026-07-09T10:12:20.332999Z,c0c00cebbe302d31640d8090
